seq,receive_time_ms,send_timestamp_ms,delay_ms,jitter_ms,cumulative_loss,payload_bytes
1403,1785044605365,1785044605365,0,0.000,0,40
1404,1785044605367,1785044605365,2,0.125,0,40
1405,1785044605367,1785044605365,2,0.117,0,40
1406,1785044605367,1785044605365,2,0.110,0,40
1407,1785044605367,1785044605365,2,0.103,0,40
1408,1785044605367,1785044605365,2,0.097,0,40
1409,1785044605367,1785044605365,2,0.091,0,40
1410,1785044605368,1785044605365,3,0.147,0,40
1411,1785044605368,1785044605365,3,0.138,0,40
1412,1785044605368,1785044605365,3,0.130,0,40
1413,1785044605368,1785044605365,3,0.121,0,40
1414,1785044605368,1785044605366,2,0.176,0,40
1415,1785044605493,1785044605492,1,0.228,0,40
1416,1785044605494,1785044605492,2,0.276,0,40
1417,1785044605494,1785044605492,2,0.259,0,40
1418,1785044605494,1785044605493,1,0.305,0,40
1419,1785044605495,1785044605493,2,0.349,0,40
1420,1785044605495,1785044605493,2,0.327,0,40
1421,1785044605495,1785044605493,2,0.306,0,40
1422,1785044605495,1785044605494,1,0.350,0,40
1423,1785044605495,1785044605494,1,0.328,0,40
1424,1785044605498,1785044605494,4,0.495,0,40
1425,1785044605499,1785044605494,5,0.526,0,40
1426,1785044605499,1785044605494,5,0.494,0,40
1427,1785044605499,1785044605495,4,0.525,0,40
1428,1785044605620,1785044605620,0,0.742,0,40
1429,1785044605622,1785044605620,2,0.821,0,40
1430,1785044605622,1785044605620,2,0.770,0,40
1431,1785044605623,1785044605620,3,0.784,0,40
1432,1785044605623,1785044605620,3,0.735,0,40
1433,1785044605623,1785044605621,2,0.752,0,40
1434,1785044605624,1785044605621,3,0.767,0,40
1435,1785044605624,1785044605622,2,0.782,0,40
1436,1785044605625,1785044605622,3,0.795,0,40
1437,1785044605625,1785044605622,3,0.746,0,40
1438,1785044605625,1785044605622,3,0.699,0,40
1439,1785044605625,1785044605622,3,0.655,0,40
1440,1785044605748,1785044605748,0,0.802,0,40
1441,1785044605749,1785044605748,1,0.814,0,40
1442,1785044605749,1785044605748,1,0.763,0,40
1443,1785044605749,1785044605748,1,0.716,0,40
1444,1785044605750,1785044605748,2,0.733,0,40
1445,1785044605750,1785044605749,1,0.750,0,40
1446,1785044605750,1785044605749,1,0.703,0,40
1447,1785044605751,1785044605749,2,0.722,0,40
1448,1785044605751,1785044605749,2,0.677,0,40
1449,1785044605752,1785044605749,3,0.697,0,40
1450,1785044605752,1785044605749,3,0.653,0,40
1451,1785044605752,1785044605750,2,0.675,0,40
1452,1785044605752,1785044605750,2,0.633,0,40
1453,1785044605877,1785044605876,1,0.656,0,40
1454,1785044605877,1785044605876,1,0.615,0,40
1455,1785044605877,1785044605877,0,0.639,0,40
1456,1785044605878,1785044605877,1,0.661,0,40
1457,1785044605878,1785044605877,1,0.620,0,40
1458,1785044605879,1785044605877,2,0.644,0,40
1459,1785044605879,1785044605877,2,0.604,0,40
1460,1785044605879,1785044605878,1,0.628,0,40
1461,1785044605880,1785044605880,0,0.652,0,40
1462,1785044605882,1785044605882,0,0.611,0,40
1463,1785044605882,1785044605882,0,0.573,0,40
1464,1785044605883,1785044605882,1,0.599,0,40
1465,1785044606009,1785044606008,1,0.562,0,40
1466,1785044606010,1785044606008,2,0.589,0,40
1467,1785044606011,1785044606009,2,0.552,0,40
1468,1785044606011,1785044606009,2,0.518,0,40
1469,1785044606012,1785044606009,3,0.548,0,40
1470,1785044606012,1785044606009,3,0.514,0,40
1471,1785044606013,1785044606010,3,0.482,0,40
1472,1785044606013,1785044606010,3,0.452,0,40
1473,1785044606013,1785044606012,1,0.548,0,40
1474,1785044606015,1785044606012,3,0.639,0,40
1475,1785044606016,1785044606012,4,0.662,0,40
1476,1785044606016,1785044606012,4,0.620,0,40
1477,1785044606017,1785044606012,5,0.644,0,40
1478,1785044606017,1785044606012,5,0.604,0,40
1479,1785044606017,1785044606012,5,0.566,0,40
1480,1785044606018,1785044606013,5,0.531,0,40
1481,1785044606138,1785044606138,0,0.810,0,40
1482,1785044606139,1785044606138,1,0.822,0,40
1483,1785044606139,1785044606139,0,0.833,0,40
1484,1785044606140,1785044606139,1,0.843,0,40
1485,1785044606140,1785044606139,1,0.791,0,40
1486,1785044606140,1785044606139,1,0.741,0,40
1487,1785044606140,1785044606140,0,0.757,0,40
1488,1785044606140,1785044606140,0,0.710,0,40
1489,1785044606141,1785044606140,1,0.728,0,40
1490,1785044606141,1785044606140,1,0.683,0,40
1491,1785044606141,1785044606140,1,0.640,0,40
1492,1785044606141,1785044606141,0,0.663,0,40
1493,1785044606147,1785044606147,0,0.621,0,0
1494,1785044606266,1785044606266,0,0.582,0,40
1495,1785044606267,1785044606266,1,0.608,0,40
1496,1785044606267,1785044606266,1,0.570,0,40
1497,1785044606267,1785044606266,1,0.535,0,40
1498,1785044606267,1785044606266,1,0.501,0,40
1499,1785044606267,1785044606266,1,0.470,0,40
1500,1785044606267,1785044606267,0,0.503,0,40
1501,1785044606267,1785044606267,0,0.472,0,40
1502,1785044606267,1785044606267,0,0.442,0,40
1503,1785044606276,1785044606267,9,0.977,0,40
1504,1785044606276,1785044606267,9,0.916,0,40
1505,1785044606276,1785044606267,9,0.859,0,40
1506,1785044606276,1785044606267,9,0.805,0,40
1507,1785044606393,1785044606393,0,1.317,0,40
1508,1785044606393,1785044606393,0,1.235,0,40
1509,1785044606393,1785044606393,0,1.158,0,40
1510,1785044606394,1785044606393,1,1.148,0,40
1511,1785044606394,1785044606393,1,1.076,0,40
1512,1785044606394,1785044606394,0,1.071,0,40
1513,1785044606395,1785044606394,1,1.067,0,40
1514,1785044606395,1785044606394,1,1.000,0,40
1515,1785044606395,1785044606394,1,0.938,0,40
1516,1785044606395,1785044606394,1,0.879,0,40
1517,1785044606395,1785044606394,1,0.824,0,40
1518,1785044606395,1785044606395,0,0.835,0,40
1519,1785044606520,1785044606520,0,0.783,0,40
1520,1785044606521,1785044606520,1,0.797,0,40
1521,1785044606521,1785044606521,0,0.809,0,40
1522,1785044606522,1785044606521,1,0.821,0,40
1523,1785044606523,1785044606521,2,0.832,0,40
1524,1785044606523,1785044606521,2,0.780,0,40
1525,1785044606523,1785044606522,1,0.794,0,40
1526,1785044606523,1785044606522,1,0.744,0,40
1527,1785044606523,1785044606522,1,0.698,0,40
1528,1785044606523,1785044606522,1,0.654,0,40
1529,1785044606523,1785044606523,0,0.676,0,40
1530,1785044606523,1785044606523,0,0.634,0,40
1531,1785044606523,1785044606523,0,0.594,0,40
1532,1785044606649,1785044606649,0,0.557,0,40
1533,1785044606650,1785044606649,1,0.585,0,40
1534,1785044606650,1785044606649,1,0.548,0,40
1535,1785044606651,1785044606649,2,0.576,0,40
1536,1785044606651,1785044606650,1,0.603,0,40
1537,1785044606651,1785044606650,1,0.565,0,40
1538,1785044606651,1785044606650,1,0.530,0,40
1539,1785044606651,1785044606650,1,0.497,0,40
1540,1785044606651,1785044606650,1,0.466,0,40
1541,1785044606652,1785044606650,2,0.499,0,40
1542,1785044606652,1785044606651,1,0.530,0,40
1543,1785044606652,1785044606651,1,0.497,0,40
1544,1785044606778,1785044606777,1,0.466,0,40
1545,1785044606779,1785044606778,1,0.437,0,40
1546,1785044606779,1785044606778,1,0.410,0,40
1547,1785044606780,1785044606779,1,0.384,0,40
1548,1785044606780,1785044606779,1,0.360,0,40
1549,1785044606780,1785044606780,0,0.400,0,40
1550,1785044606781,1785044606780,1,0.438,0,40
1551,1785044606781,1785044606781,0,0.473,0,40
1552,1785044606781,1785044606781,0,0.443,0,40
1553,1785044606781,1785044606781,0,0.415,0,40
1554,1785044606782,1785044606781,1,0.452,0,40
1555,1785044606782,1785044606782,0,0.486,0,40
1556,1785044606782,1785044606782,0,0.456,0,40
1557,1785044606908,1785044606908,0,0.427,0,40
1558,1785044606923,1785044606908,15,1.338,0,40
1559,1785044606923,1785044606908,15,1.255,0,40
1560,1785044606925,1785044606908,17,1.301,0,40
1561,1785044606925,1785044606908,17,1.220,0,40
1562,1785044606925,1785044606908,17,1.144,0,40
1563,1785044606926,1785044606908,18,1.135,0,40
1564,1785044606926,1785044606908,18,1.064,0,40
1565,1785044606926,1785044606910,16,1.122,0,40
1566,1785044606926,1785044606910,16,1.052,0,40
1567,1785044606926,1785044606910,16,0.986,0,40
1568,1785044606927,1785044606910,17,0.987,0,40
1569,1785044607037,1785044607036,1,1.925,0,40
1570,1785044607037,1785044607037,0,1.868,0,40
1571,1785044607038,1785044607037,1,1.813,0,40
1572,1785044607038,1785044607038,0,1.763,0,40
1573,1785044607038,1785044607038,0,1.652,0,40
1574,1785044607039,1785044607038,1,1.612,0,40
1575,1785044607039,1785044607039,0,1.573,0,40
1576,1785044607039,1785044607039,0,1.475,0,40
1577,1785044607041,1785044607039,2,1.508,0,40
1578,1785044607041,1785044607039,2,1.414,0,40
1579,1785044607041,1785044607039,2,1.325,0,40
1580,1785044607041,1785044607039,2,1.242,0,40
1581,1785044607042,1785044607039,3,1.227,0,40
1582,1785044607042,1785044607039,3,1.151,0,40
1583,1785044607042,1785044607041,1,1.204,0,40
1584,1785044607043,1785044607041,2,1.191,0,40
1585,1785044607169,1785044607168,1,1.179,0,40
1586,1785044607169,1785044607168,1,1.105,0,40
1587,1785044607170,1785044607169,1,1.036,0,40
1588,1785044607170,1785044607169,1,0.971,0,40
1589,1785044607170,1785044607169,1,0.911,0,40
1590,1785044607170,1785044607170,0,0.916,0,40
1591,1785044607171,1785044607170,1,0.922,0,40
1592,1785044607171,1785044607170,1,0.864,0,40
1593,1785044607171,1785044607170,1,0.810,0,40
1594,1785044607171,1785044607170,1,0.759,0,40
1595,1785044607171,1785044607170,1,0.712,0,40
1596,1785044607171,1785044607171,0,0.730,0,40
1597,1785044607171,1785044607171,0,0.684,0,40
1598,1785044607296,1785044607296,0,0.642,0,40
1599,1785044607296,1785044607296,0,0.601,0,40
1600,1785044607297,1785044607296,1,0.626,0,40
1601,1785044607297,1785044607296,1,0.587,0,40
1602,1785044607297,1785044607296,1,0.550,0,40
1603,1785044607297,1785044607296,1,0.516,0,40
1604,1785044607297,1785044607296,1,0.484,0,40
1605,1785044607298,1785044607296,2,0.516,0,40
1606,1785044607298,1785044607297,1,0.546,0,40
1607,1785044607299,1785044607297,2,0.575,0,40
1608,1785044607299,1785044607299,0,0.664,0,40
1609,1785044607301,1785044607299,2,0.747,0,40
1610,1785044607426,1785044607425,1,0.763,0,40
1611,1785044607426,1785044607425,1,0.715,0,40
1612,1785044607426,1785044607425,1,0.671,0,40
1613,1785044607426,1785044607426,0,0.691,0,40
1614,1785044607427,1785044607426,1,0.711,0,40
1615,1785044607427,1785044607426,1,0.666,0,40
1616,1785044607427,1785044607426,1,0.625,0,40
1617,1785044607427,1785044607427,0,0.648,0,40
1618,1785044607427,1785044607427,0,0.607,0,40
1619,1785044607427,1785044607427,0,0.570,0,40
1620,1785044607427,1785044607427,0,0.534,0,40
1621,1785044607427,1785044607427,0,0.501,0,40
1622,1785044607427,1785044607427,0,0.469,0,40
1623,1785044607553,1785044607553,0,0.440,0,40
1624,1785044607555,1785044607553,2,0.537,0,40
1625,1785044607556,1785044607555,1,0.566,0,40
1626,1785044607556,1785044607555,1,0.531,0,40
1627,1785044607556,1785044607555,1,0.498,0,40
1628,1785044607557,1785044607557,0,0.529,0,40
1629,1785044607557,1785044607557,0,0.496,0,40
1630,1785044607558,1785044607557,1,0.528,0,40
1631,1785044607558,1785044607558,0,0.557,0,40
1632,1785044607558,1785044607558,0,0.522,0,40
1633,1785044607559,1785044607558,1,0.552,0,40
1634,1785044607559,1785044607559,0,0.580,0,40
1635,1785044607686,1785044607686,0,0.544,0,40
1636,1785044607687,1785044607686,1,0.572,0,40
1637,1785044607688,1785044607687,1,0.537,0,40
1638,1785044607688,1785044607687,1,0.503,0,40
1639,1785044607688,1785044607688,0,0.534,0,40
1640,1785044607694,1785044607688,6,0.876,0,40
1641,1785044607694,1785044607688,6,0.821,0,40
1642,1785044607694,1785044607689,5,0.832,0,40
1643,1785044607695,1785044607689,6,0.843,0,40
1644,1785044607695,1785044607689,6,0.790,0,40
1645,1785044607695,1785044607689,6,0.741,0,40
1646,1785044607695,1785044607689,6,0.694,0,40
1647,1785044607696,1785044607689,7,0.713,0,40
1648,1785044607816,1785044607815,1,1.044,0,40
1649,1785044607816,1785044607815,1,0.979,0,40
1650,1785044607817,1785044607815,2,0.980,0,40
1651,1785044607817,1785044607816,1,0.981,0,40
1652,1785044607817,1785044607816,1,0.920,0,40
1653,1785044607817,1785044607816,1,0.862,0,40
1654,1785044607817,1785044607816,1,0.808,0,40
1655,1785044607817,1785044607817,0,0.820,0,40
1656,1785044607817,1785044607817,0,0.769,0,40
1657,1785044607817,1785044607817,0,0.721,0,40
1658,1785044607817,1785044607817,0,0.676,0,40
1659,1785044607819,1785044607817,2,0.759,0,40
1660,1785044607944,1785044607943,1,0.774,0,40
1661,1785044607945,1785044607943,2,0.788,0,40
1662,1785044607945,1785044607944,1,0.801,0,40
1663,1785044607945,1785044607944,1,0.751,0,40
1664,1785044607945,1785044607944,1,0.704,0,40
1665,1785044607946,1785044607945,1,0.660,0,40
1666,1785044607946,1785044607945,1,0.619,0,40
1667,1785044607946,1785044607945,1,0.580,0,40
1668,1785044607946,1785044607945,1,0.544,0,40
1669,1785044607946,1785044607945,1,0.510,0,40
1670,1785044607946,1785044607946,0,0.541,0,40
1671,1785044607947,1785044607946,1,0.569,0,40
1672,1785044607947,1785044607946,1,0.534,0,40
1673,1785044608072,1785044608071,1,0.500,0,40
1674,1785044608072,1785044608071,1,0.469,0,40
1675,1785044608072,1785044608072,0,0.502,0,40
1676,1785044608073,1785044608072,1,0.533,0,40
1677,1785044608073,1785044608072,1,0.500,0,40
1678,1785044608073,1785044608072,1,0.469,0,40
1679,1785044608073,1785044608073,0,0.502,0,40
1680,1785044608073,1785044608073,0,0.471,0,40
1681,1785044608073,1785044608073,0,0.441,0,40
1682,1785044608073,1785044608073,0,0.414,0,40
1683,1785044608074,1785044608074,0,0.388,0,40
1684,1785044608074,1785044608074,0,0.364,0,40
1685,1785044608199,1785044608199,0,0.341,0,40
1686,1785044608199,1785044608199,0,0.320,0,40
1687,1785044608201,1785044608199,2,0.425,0,40
1688,1785044608201,1785044608199,2,0.398,0,40
1689,1785044608201,1785044608199,2,0.373,0,40
1690,1785044608201,1785044608199,2,0.350,0,40
1691,1785044608201,1785044608201,0,0.453,0,40
1692,1785044608201,1785044608201,0,0.425,0,40
1693,1785044608202,1785044608201,1,0.461,0,40
1694,1785044608202,1785044608201,1,0.432,0,40
1695,1785044608202,1785044608201,1,0.405,0,40
1696,1785044608202,1785044608201,1,0.380,0,40
1697,1785044608202,1785044608202,0,0.418,0,40
1698,1785044608202,1785044608202,0,0.392,0,40
1699,1785044608202,1785044608202,0,0.368,0,40
1700,1785044608203,1785044608202,1,0.407,0,40
1701,1785044608328,1785044608328,0,0.444,0,40
1702,1785044608329,1785044608328,1,0.479,0,40
1703,1785044608329,1785044608328,1,0.449,0,40
1704,1785044608329,1785044608328,1,0.421,0,40
1705,1785044608329,1785044608328,1,0.395,0,40
1706,1785044608329,1785044608329,0,0.432,0,40
1707,1785044608329,1785044608329,0,0.405,0,40
1708,1785044608329,1785044608329,0,0.380,0,40
1709,1785044608330,1785044608329,1,0.419,0,40
1710,1785044608330,1785044608329,1,0.393,0,40
1711,1785044608330,1785044608330,0,0.431,0,40
1712,1785044608330,1785044608330,0,0.404,0,40
1713,1785044608457,1785044608456,1,0.441,0,40
1714,1785044608457,1785044608457,0,0.476,0,40
1715,1785044608457,1785044608457,0,0.446,0,40
1716,1785044608457,1785044608457,0,0.418,0,40
1717,1785044608458,1785044608457,1,0.455,0,40
1718,1785044608458,1785044608458,0,0.489,0,40
1719,1785044608458,1785044608458,0,0.458,0,40
1720,1785044608458,1785044608458,0,0.430,0,40
1721,1785044608458,1785044608458,0,0.403,0,40
1722,1785044608458,1785044608458,0,0.378,0,40
1723,1785044608459,1785044608458,1,0.416,0,40
1724,1785044608459,1785044608459,0,0.453,0,40
1725,1785044608459,1785044608459,0,0.425,0,40
1726,1785044608586,1785044608585,1,0.461,0,40
1727,1785044608586,1785044608585,1,0.432,0,40
1728,1785044608586,1785044608585,1,0.405,0,40
1729,1785044608586,1785044608586,0,0.442,0,40
1730,1785044608586,1785044608586,0,0.414,0,40
1731,1785044608586,1785044608586,0,0.388,0,40
1732,1785044608587,1785044608586,1,0.427,0,40
1733,1785044608587,1785044608586,1,0.400,0,40
1734,1785044608587,1785044608586,1,0.375,0,40
1735,1785044608587,1785044608586,1,0.352,0,40
1736,1785044608587,1785044608586,1,0.330,0,40
1737,1785044608587,1785044608586,1,0.309,0,40
1738,1785044608713,1785044608712,1,0.290,0,40
1739,1785044608713,1785044608712,1,0.272,0,40
1740,1785044608713,1785044608712,1,0.255,0,40
1741,1785044608713,1785044608713,0,0.301,0,40
1742,1785044608713,1785044608713,0,0.282,0,40
1743,1785044608713,1785044608713,0,0.265,0,40
1744,1785044608714,1785044608713,1,0.311,0,40
1745,1785044608714,1785044608713,1,0.291,0,40
1746,1785044608714,1785044608714,0,0.336,0,40
1747,1785044608715,1785044608715,0,0.315,0,40
1748,1785044608715,1785044608715,0,0.295,0,40
1749,1785044608715,1785044608715,0,0.276,0,40
1750,1785044608717,1785044608715,2,0.384,0,40
1751,1785044608841,1785044608841,0,0.485,0,40
1752,1785044608842,1785044608841,1,0.517,0,40
1753,1785044608842,1785044608842,0,0.548,0,40
1754,1785044608842,1785044608842,0,0.513,0,40
1755,1785044608842,1785044608842,0,0.481,0,40
1756,1785044608843,1785044608842,1,0.514,0,40
1757,1785044608843,1785044608843,0,0.544,0,40
1758,1785044608843,1785044608843,0,0.510,0,40
1759,1785044608843,1785044608843,0,0.478,0,40
1760,1785044608843,1785044608843,0,0.448,0,40
1761,1785044608843,1785044608843,0,0.420,0,40
1762,1785044608844,1785044608843,1,0.457,0,40
1763,1785044608969,1785044608968,1,0.428,0,40
1764,1785044608969,1785044608968,1,0.401,0,40
1765,1785044608969,1785044608968,1,0.376,0,40
1766,1785044608969,1785044608969,0,0.415,0,40
1767,1785044608969,1785044608969,0,0.389,0,40
1768,1785044608969,1785044608969,0,0.365,0,40
1769,1785044608969,1785044608969,0,0.342,0,40
1770,1785044608969,1785044608969,0,0.321,0,40
1771,1785044608969,1785044608969,0,0.301,0,40
1772,1785044608971,1785044608969,2,0.407,0,40
1773,1785044608971,1785044608969,2,0.381,0,40
1774,1785044608971,1785044608971,0,0.483,0,40
1775,1785044608971,1785044608971,0,0.452,0,40
1776,1785044609096,1785044609096,0,0.424,0,40
1777,1785044609097,1785044609096,1,0.460,0,40
1778,1785044609097,1785044609096,1,0.431,0,40
1779,1785044609097,1785044609096,1,0.404,0,40
1780,1785044609097,1785044609096,1,0.379,0,40
1781,1785044609097,1785044609097,0,0.418,0,40
1782,1785044609097,1785044609097,0,0.392,0,40
1783,1785044609097,1785044609097,0,0.367,0,40
1784,1785044609097,1785044609097,0,0.344,0,40
1785,1785044609098,1785044609097,1,0.385,0,40
1786,1785044609098,1785044609097,1,0.361,0,40
1787,1785044609098,1785044609098,0,0.401,0,40
1788,1785044609225,1785044609225,0,0.376,0,40
1789,1785044609225,1785044609225,0,0.353,0,40
1790,1785044609225,1785044609225,0,0.331,0,40
1791,1785044609225,1785044609225,0,0.310,0,40
1792,1785044609225,1785044609225,0,0.291,0,40
1793,1785044609225,1785044609225,0,0.272,0,40
1794,1785044609225,1785044609225,0,0.255,0,40
1795,1785044609225,1785044609225,0,0.239,0,40
1796,1785044609226,1785044609225,1,0.287,0,40
1797,1785044609226,1785044609225,1,0.269,0,40
1798,1785044609226,1785044609225,1,0.252,0,40
1799,1785044609226,1785044609226,0,0.299,0,40
1800,1785044609226,1785044609226,0,0.280,0,40
1801,1785044609226,1785044609226,0,0.263,0,40
1802,1785044609226,1785044609226,0,0.246,0,40
1803,1785044609226,1785044609226,0,0.231,0,40
1804,1785044609353,1785044609352,1,0.279,0,40
1805,1785044609353,1785044609352,1,0.262,0,40
1806,1785044609353,1785044609353,0,0.308,0,40
1807,1785044609353,1785044609353,0,0.288,0,40
1808,1785044609353,1785044609353,0,0.270,0,40
1809,1785044609354,1785044609353,1,0.316,0,40
1810,1785044609354,1785044609354,0,0.359,0,40
1811,1785044609354,1785044609354,0,0.336,0,40
1812,1785044609354,1785044609354,0,0.315,0,40
1813,1785044609481,1785044609480,1,0.358,0,40
1814,1785044609481,1785044609480,1,0.336,0,40
1815,1785044609481,1785044609481,0,0.377,0,40
1816,1785044609481,1785044609481,0,0.354,0,40
1817,1785044609481,1785044609481,0,0.332,0,40
1818,1785044609481,1785044609481,0,0.311,0,40
1819,1785044609481,1785044609481,0,0.291,0,40
1820,1785044609481,1785044609481,0,0.273,0,40
1821,1785044609482,1785044609481,1,0.319,0,40
1822,1785044609482,1785044609482,0,0.361,0,40
1823,1785044609482,1785044609482,0,0.339,0,40
1824,1785044609483,1785044609482,1,0.380,0,40
1825,1785044609483,1785044609483,0,0.419,0,40
1826,1785044609483,1785044609483,0,0.393,0,40
1827,1785044609484,1785044609484,0,0.368,0,40
1828,1785044609484,1785044609484,0,0.345,0,40
1829,1785044609610,1785044609609,1,0.386,0,40
1830,1785044609610,1785044609610,0,0.424,0,40
1831,1785044609611,1785044609610,1,0.460,0,40
1832,1785044609611,1785044609611,0,0.494,0,40
1833,1785044609611,1785044609611,0,0.463,0,40
1834,1785044609611,1785044609611,0,0.434,0,40
1835,1785044609612,1785044609611,1,0.470,0,40
1836,1785044609612,1785044609612,0,0.503,0,40
1837,1785044609612,1785044609612,0,0.471,0,40
1838,1785044609612,1785044609612,0,0.442,0,40
1839,1785044609613,1785044609612,1,0.477,0,40
1840,1785044609613,1785044609613,0,0.509,0,40
1841,1785044609740,1785044609739,1,0.540,0,40
1842,1785044609740,1785044609739,1,0.506,0,40
1843,1785044609740,1785044609739,1,0.475,0,40
1844,1785044609740,1785044609740,0,0.508,0,40
1845,1785044609740,1785044609740,0,0.476,0,40
1846,1785044609741,1785044609740,1,0.509,0,40
1847,1785044609741,1785044609741,0,0.539,0,40
1848,1785044609741,1785044609741,0,0.506,0,40
1849,1785044609741,1785044609741,0,0.474,0,40
1850,1785044609741,1785044609741,0,0.444,0,40
1851,1785044609741,1785044609741,0,0.417,0,40
1852,1785044609741,1785044609741,0,0.391,0,40
1853,1785044609742,1785044609741,1,0.429,0,40
1854,1785044609869,1785044609869,0,0.464,0,40
1855,1785044609869,1785044609869,0,0.435,0,40
1856,1785044609869,1785044609869,0,0.408,0,40
1857,1785044609869,1785044609869,0,0.383,0,40
1858,1785044609869,1785044609869,0,0.359,0,40
1859,1785044609869,1785044609869,0,0.336,0,40
1860,1785044609869,1785044609869,0,0.315,0,40
1861,1785044609870,1785044609869,1,0.358,0,40
1862,1785044609870,1785044609869,1,0.336,0,40
1863,1785044609870,1785044609869,1,0.315,0,40
1864,1785044609870,1785044609869,1,0.295,0,40
1865,1785044609870,1785044609869,1,0.277,0,40
1866,1785044609994,1785044609994,0,0.322,0,40
1867,1785044609995,1785044609994,1,0.364,0,40
1868,1785044609995,1785044609995,0,0.404,0,40
1869,1785044609995,1785044609995,0,0.379,0,40
1870,1785044609996,1785044609995,1,0.418,0,40
1871,1785044609996,1785044609995,1,0.391,0,40
1872,1785044609996,1785044609996,0,0.429,0,40
1873,1785044609997,1785044609996,1,0.465,0,40
1874,1785044609997,1785044609997,0,0.499,0,40
1875,1785044609998,1785044609997,1,0.530,0,40
1876,1785044609998,1785044609998,0,0.559,0,40
1877,1785044609998,1785044609998,0,0.524,0,40
1878,1785044609998,1785044609998,0,0.492,0,40
1879,1785044610124,1785044610123,1,0.523,0,40
1880,1785044610124,1785044610124,0,0.553,0,40
1881,1785044610125,1785044610124,1,0.581,0,40
1882,1785044610125,1785044610125,0,0.607,0,40
1883,1785044610125,1785044610125,0,0.569,0,40
1884,1785044610125,1785044610125,0,0.534,0,40
1885,1785044610125,1785044610125,0,0.500,0,40
1886,1785044610125,1785044610125,0,0.469,0,40
1887,1785044610125,1785044610125,0,0.440,0,40
1888,1785044610127,1785044610125,2,0.537,0,40
1889,1785044610127,1785044610127,0,0.629,0,40
1890,1785044610127,1785044610127,0,0.589,0,40
1891,1785044610253,1785044610253,0,0.553,0,40
1892,1785044610254,1785044610253,1,0.581,0,40
1893,1785044610254,1785044610254,0,0.607,0,40
1894,1785044610255,1785044610254,1,0.631,0,40
1895,1785044610255,1785044610254,1,0.592,0,40
1896,1785044610255,1785044610255,0,0.617,0,40
1897,1785044610255,1785044610255,0,0.579,0,40
1898,1785044610255,1785044610255,0,0.543,0,40
1899,1785044610256,1785044610255,1,0.571,0,40
1900,1785044610256,1785044610256,0,0.598,0,40
1901,1785044610256,1785044610256,0,0.561,0,40
1902,1785044610256,1785044610256,0,0.526,0,40
1903,1785044610257,1785044610256,1,0.555,0,40
1904,1785044610382,1785044610382,0,0.583,0,40
1905,1785044610383,1785044610382,1,0.609,0,40
1906,1785044610383,1785044610382,1,0.571,0,40
1907,1785044610383,1785044610383,0,0.598,0,40
1908,1785044610383,1785044610383,0,0.560,0,40
1909,1785044610385,1785044610383,2,0.650,0,40
1910,1785044610385,1785044610383,2,0.610,0,40
1911,1785044610385,1785044610383,2,0.572,0,40
1912,1785044610385,1785044610385,0,0.661,0,40
1913,1785044610386,1785044610385,1,0.682,0,40
1914,1785044610386,1785044610385,1,0.640,0,40
1915,1785044610387,1785044610385,2,0.662,0,40
1916,1785044610512,1785044610511,1,0.683,0,40
1917,1785044610512,1785044610511,1,0.640,0,40
1918,1785044610512,1785044610511,1,0.600,0,40
1919,1785044610512,1785044610512,0,0.625,0,40
1920,1785044610512,1785044610512,0,0.586,0,40
1921,1785044610512,1785044610512,0,0.550,0,40
1922,1785044610512,1785044610512,0,0.515,0,40
1923,1785044610512,1785044610512,0,0.483,0,40
1924,1785044610513,1785044610512,1,0.515,0,40
1925,1785044610513,1785044610513,0,0.546,0,40
1926,1785044610513,1785044610513,0,0.512,0,40
1927,1785044610513,1785044610513,0,0.480,0,40
1928,1785044610513,1785044610513,0,0.450,0,40
1929,1785044610513,1785044610513,0,0.422,0,40
1930,1785044610514,1785044610514,0,0.395,0,40
1931,1785044610514,1785044610514,0,0.370,0,40
1932,1785044610639,1785044610639,0,0.347,0,40
1933,1785044610640,1785044610639,1,0.388,0,40
1934,1785044610640,1785044610639,1,0.364,0,40
1935,1785044610640,1785044610640,0,0.404,0,40
1936,1785044610641,1785044610640,1,0.441,0,40
1937,1785044610641,1785044610640,1,0.413,0,40
1938,1785044610641,1785044610640,1,0.388,0,40
1939,1785044610641,1785044610641,0,0.426,0,40
1940,1785044610642,1785044610642,0,0.399,0,40
1941,1785044610642,1785044610642,0,0.374,0,40
1942,1785044610642,1785044610642,0,0.351,0,40
1943,1785044610643,1785044610643,0,0.329,0,40
1944,1785044610769,1785044610769,0,0.308,0,40
1945,1785044610769,1785044610769,0,0.289,0,40
1946,1785044610769,1785044610769,0,0.271,0,40
1947,1785044610769,1785044610769,0,0.254,0,40
1948,1785044610770,1785044610769,1,0.301,0,40
1949,1785044610770,1785044610769,1,0.282,0,40
1950,1785044610770,1785044610770,0,0.327,0,40
1951,1785044610770,1785044610770,0,0.306,0,40
1952,1785044610770,1785044610770,0,0.287,0,40
1953,1785044610770,1785044610770,0,0.269,0,40
1954,1785044610770,1785044610770,0,0.252,0,40
1955,1785044610770,1785044610770,0,0.237,0,40
1956,1785044610770,1785044610770,0,0.222,0,40
1957,1785044610895,1785044610895,0,0.208,0,40
1958,1785044610896,1785044610895,1,0.257,0,40
1959,1785044610896,1785044610895,1,0.241,0,40
1960,1785044610896,1785044610895,1,0.226,0,40
1961,1785044610896,1785044610896,0,0.275,0,40
1962,1785044610896,1785044610896,0,0.258,0,40
1963,1785044610897,1785044610896,1,0.304,0,40
1964,1785044610897,1785044610897,0,0.347,0,40
1965,1785044610897,1785044610897,0,0.326,0,40
1966,1785044610897,1785044610897,0,0.305,0,40
1967,1785044610897,1785044610897,0,0.286,0,40
1968,1785044610897,1785044610897,0,0.268,0,40
1969,1785044611024,1785044611024,0,0.252,0,40
1970,1785044611026,1785044611024,2,0.361,0,40
1971,1785044611026,1785044611024,2,0.338,0,40
1972,1785044611026,1785044611024,2,0.317,0,40
1973,1785044611026,1785044611024,2,0.297,0,40
1974,1785044611026,1785044611024,2,0.279,0,40
1975,1785044611026,1785044611026,0,0.386,0,40
1976,1785044611026,1785044611026,0,0.362,0,40
1977,1785044611027,1785044611026,1,0.402,0,40
1978,1785044611027,1785044611026,1,0.377,0,40
1979,1785044611027,1785044611026,1,0.353,0,40
1980,1785044611027,1785044611026,1,0.331,0,40
1981,1785044611027,1785044611027,0,0.373,0,40
1982,1785044611148,1785044611148,0,0.350,0,0
1983,1785044611153,1785044611153,0,0.328,0,40
1984,1785044611154,1785044611153,1,0.370,0,40
1985,1785044611154,1785044611153,1,0.347,0,40
1986,1785044611154,1785044611153,1,0.325,0,40
1987,1785044611154,1785044611153,1,0.305,0,40
1988,1785044611155,1785044611153,2,0.348,0,40
1989,1785044611155,1785044611154,1,0.389,0,40
1990,1785044611156,1785044611154,2,0.427,0,40
1991,1785044611156,1785044611154,2,0.400,0,40
1992,1785044611156,1785044611155,1,0.438,0,40
1993,1785044611156,1785044611155,1,0.411,0,40
1994,1785044611156,1785044611156,0,0.447,0,40
1995,1785044611281,1785044611281,0,0.419,0,40
1996,1785044611282,1785044611281,1,0.456,0,40
1997,1785044611282,1785044611282,0,0.490,0,40
1998,1785044611282,1785044611282,0,0.459,0,40
1999,1785044611283,1785044611283,0,0.430,0,40
2000,1785044611283,1785044611283,0,0.404,0,40
2001,1785044611283,1785044611283,0,0.378,0,40
2002,1785044611283,1785044611283,0,0.355,0,40
2003,1785044611285,1785044611284,1,0.395,0,40
2004,1785044611285,1785044611285,0,0.433,0,40
2005,1785044611286,1785044611286,0,0.406,0,40
2006,1785044611287,1785044611286,1,0.443,0,40
2007,1785044611287,1785044611286,1,0.415,0,40
2008,1785044611287,1785044611287,0,0.452,0,40
2009,1785044611287,1785044611287,0,0.424,0,40
2010,1785044611287,1785044611287,0,0.397,0,40
2011,1785044611414,1785044611414,0,0.372,0,40
2012,1785044611414,1785044611414,0,0.349,0,40
2013,1785044611414,1785044611414,0,0.327,0,40
2014,1785044611414,1785044611414,0,0.307,0,40
2015,1785044611414,1785044611414,0,0.288,0,40
2016,1785044611414,1785044611414,0,0.270,0,40
2017,1785044611416,1785044611414,2,0.378,0,40
2018,1785044611416,1785044611414,2,0.354,0,40
2019,1785044611416,1785044611414,2,0.332,0,40
2020,1785044611416,1785044611416,0,0.436,0,40
2021,1785044611416,1785044611416,0,0.409,0,40
2022,1785044611416,1785044611416,0,0.383,0,40
2023,1785044611416,1785044611416,0,0.359,0,40
2024,1785044611541,1785044611541,0,0.337,0,40
2025,1785044611541,1785044611541,0,0.316,0,40
2026,1785044611543,1785044611541,2,0.421,0,40
2027,1785044611543,1785044611541,2,0.395,0,40
2028,1785044611543,1785044611541,2,0.370,0,40
2029,1785044611543,1785044611541,2,0.347,0,40
2030,1785044611543,1785044611543,0,0.450,0,40
2031,1785044611543,1785044611543,0,0.422,0,40
2032,1785044611543,1785044611543,0,0.396,0,40
2033,1785044611543,1785044611543,0,0.371,0,40
2034,1785044611543,1785044611543,0,0.348,0,40
2035,1785044611543,1785044611543,0,0.326,0,40
2036,1785044611668,1785044611668,0,0.306,0,40
2037,1785044611668,1785044611668,0,0.287,0,40
2038,1785044611669,1785044611668,1,0.331,0,40
2039,1785044611670,1785044611670,0,0.373,0,40
2040,1785044611670,1785044611670,0,0.350,0,40
2041,1785044611671,1785044611670,1,0.390,0,40
2042,1785044611671,1785044611671,0,0.428,0,40
2043,1785044611671,1785044611671,0,0.402,0,40
2044,1785044611672,1785044611671,1,0.439,0,40
2045,1785044611672,1785044611672,0,0.474,0,40
2046,1785044611672,1785044611672,0,0.445,0,40
2047,1785044611672,1785044611672,0,0.417,0,40
2048,1785044611672,1785044611672,0,0.391,0,40
2049,1785044611799,1785044611799,0,0.366,0,40
2050,1785044611800,1785044611799,1,0.406,0,40
2051,1785044611800,1785044611799,1,0.381,0,40
2052,1785044611800,1785044611800,0,0.419,0,40
2053,1785044611800,1785044611800,0,0.393,0,40
2054,1785044611800,1785044611800,0,0.368,0,40
2055,1785044611800,1785044611800,0,0.345,0,40
2056,1785044611800,1785044611800,0,0.324,0,40
2057,1785044611800,1785044611800,0,0.304,0,40
2058,1785044611801,1785044611800,1,0.347,0,40
2059,1785044611801,1785044611801,0,0.388,0,40
2060,1785044611801,1785044611801,0,0.364,0,40
2061,1785044611928,1785044611928,0,0.341,0,40
2062,1785044611929,1785044611928,1,0.382,0,40
2063,1785044611929,1785044611928,1,0.358,0,40
2064,1785044611929,1785044611929,0,0.398,0,40
2065,1785044611929,1785044611929,0,0.373,0,40
2066,1785044611929,1785044611929,0,0.350,0,40
2067,1785044611929,1785044611929,0,0.328,0,40
2068,1785044611930,1785044611929,1,0.370,0,40
2069,1785044611930,1785044611930,0,0.410,0,40
2070,1785044611931,1785044611931,0,0.384,0,40
2071,1785044611931,1785044611931,0,0.360,0,40
2072,1785044611933,1785044611933,0,0.337,0,40
2073,1785044611933,1785044611933,0,0.316,0,40
2074,1785044612058,1785044612058,0,0.297,0,40
2075,1785044612059,1785044612058,1,0.341,0,40
2076,1785044612059,1785044612058,1,0.319,0,40
2077,1785044612059,1785044612058,1,0.299,0,40
2078,1785044612059,1785044612058,1,0.281,0,40
2079,1785044612059,1785044612058,1,0.263,0,40
2080,1785044612059,1785044612059,0,0.309,0,40
2081,1785044612059,1785044612059,0,0.290,0,40
2082,1785044612059,1785044612059,0,0.272,0,40
2083,1785044612059,1785044612059,0,0.255,0,40
2084,1785044612059,1785044612059,0,0.239,0,40
2085,1785044612059,1785044612059,0,0.224,0,40
2086,1785044612184,1785044612184,0,0.210,0,40
2087,1785044612184,1785044612184,0,0.197,0,40
2088,1785044612185,1785044612184,1,0.247,0,40
2089,1785044612185,1785044612185,0,0.294,0,40
2090,1785044612185,1785044612185,0,0.276,0,40
2091,1785044612186,1785044612185,1,0.321,0,40
2092,1785044612186,1785044612186,0,0.363,0,40
2093,1785044612186,1785044612186,0,0.341,0,40
2094,1785044612187,1785044612186,1,0.382,0,40
2095,1785044612187,1785044612186,1,0.358,0,40
2096,1785044612187,1785044612187,0,0.398,0,40
2097,1785044612188,1785044612187,1,0.436,0,40
2098,1785044612188,1785044612187,1,0.409,0,40
2099,1785044612315,1785044612314,1,0.383,0,40
2100,1785044612315,1785044612315,0,0.422,0,40
2101,1785044612315,1785044612315,0,0.395,0,40
2102,1785044612315,1785044612315,0,0.370,0,40
2103,1785044612315,1785044612315,0,0.347,0,40
2104,1785044612315,1785044612315,0,0.326,0,40
2105,1785044612315,1785044612315,0,0.305,0,40
2106,1785044612315,1785044612315,0,0.286,0,40
2107,1785044612315,1785044612315,0,0.268,0,40
2108,1785044612316,1785044612315,1,0.314,0,40
2109,1785044612316,1785044612315,1,0.294,0,40
2110,1785044612316,1785044612316,0,0.339,0,40
2111,1785044612441,1785044612441,0,0.317,0,40
2112,1785044612441,1785044612441,0,0.298,0,40
2113,1785044612441,1785044612441,0,0.279,0,40
2114,1785044612443,1785044612441,2,0.386,0,40
2115,1785044612443,1785044612441,2,0.362,0,40
2116,1785044612443,1785044612441,2,0.340,0,40
2117,1785044612443,1785044612443,0,0.443,0,40
2118,1785044612443,1785044612443,0,0.416,0,40
2119,1785044612443,1785044612443,0,0.390,0,40
2120,1785044612443,1785044612443,0,0.365,0,40
2121,1785044612444,1785044612443,1,0.405,0,40
2122,1785044612444,1785044612444,0,0.442,0,40
2123,1785044612445,1785044612444,1,0.477,0,40
2124,1785044612572,1785044612571,1,0.447,0,40
2125,1785044612572,1785044612571,1,0.419,0,40
2126,1785044612572,1785044612571,1,0.393,0,40
2127,1785044612573,1785044612572,1,0.369,0,40
2128,1785044612573,1785044612572,1,0.346,0,40
2129,1785044612573,1785044612572,1,0.324,0,40
2130,1785044612573,1785044612572,1,0.304,0,40
2131,1785044612573,1785044612573,0,0.347,0,40
2132,1785044612573,1785044612573,0,0.325,0,40
2133,1785044612573,1785044612573,0,0.305,0,40
2134,1785044612573,1785044612573,0,0.286,0,40
2135,1785044612574,1785044612573,1,0.331,0,40
2136,1785044612699,1785044612698,1,0.310,0,40
2137,1785044612699,1785044612698,1,0.291,0,40
2138,1785044612699,1785044612698,1,0.272,0,40
2139,1785044612699,1785044612699,0,0.318,0,40
2140,1785044612699,1785044612699,0,0.298,0,40
2141,1785044612699,1785044612699,0,0.279,0,40
2142,1785044612699,1785044612699,0,0.262,0,40
2143,1785044612700,1785044612699,1,0.308,0,40
2144,1785044612700,1785044612700,0,0.351,0,40
2145,1785044612700,1785044612700,0,0.329,0,40
2146,1785044612700,1785044612700,0,0.309,0,40
2147,1785044612700,1785044612700,0,0.290,0,40
2148,1785044612701,1785044612701,0,0.271,0,40
2149,1785044612701,1785044612701,0,0.254,0,40
2150,1785044612702,1785044612702,0,0.239,0,40
2151,1785044612702,1785044612702,0,0.224,0,40
2152,1785044612828,1785044612827,1,0.272,0,40
2153,1785044612828,1785044612827,1,0.255,0,40
2154,1785044612828,1785044612828,0,0.302,0,40
2155,1785044612828,1785044612828,0,0.283,0,40
2156,1785044612828,1785044612828,0,0.265,0,40
2157,1785044612828,1785044612828,0,0.249,0,40
2158,1785044612828,1785044612828,0,0.233,0,40
2159,1785044612829,1785044612828,1,0.281,0,40
2160,1785044612829,1785044612828,1,0.263,0,40
2161,1785044612829,1785044612828,1,0.247,0,40
2162,1785044612829,1785044612829,0,0.294,0,40
2163,1785044612829,1785044612829,0,0.276,0,40
2164,1785044612956,1785044612955,1,0.321,0,40
2165,1785044612957,1785044612956,1,0.301,0,40
2166,1785044612957,1785044612957,0,0.345,0,40
2167,1785044612957,1785044612957,0,0.323,0,40
2168,1785044612957,1785044612957,0,0.303,0,40
2169,1785044612958,1785044612957,1,0.346,0,40
2170,1785044612958,1785044612958,0,0.387,0,40
2171,1785044612959,1785044612959,0,0.363,0,40
2172,1785044612960,1785044612960,0,0.340,0,40
2173,1785044612960,1785044612960,0,0.319,0,40
2174,1785044612960,1785044612960,0,0.299,0,40
2175,1785044612960,1785044612960,0,0.280,0,40
2176,1785044612960,1785044612960,0,0.263,0,40
2177,1785044613087,1785044613086,1,0.309,0,40
2178,1785044613087,1785044613086,1,0.290,0,40
2179,1785044613088,1785044613087,1,0.272,0,40
2180,1785044613088,1785044613087,1,0.255,0,40
2181,1785044613088,1785044613087,1,0.239,0,40
2182,1785044613088,1785044613087,1,0.224,0,40
2183,1785044613089,1785044613088,1,0.210,0,40
2184,1785044613089,1785044613088,1,0.197,0,40
2185,1785044613089,1785044613088,1,0.184,0,40
2186,1785044613089,1785044613089,0,0.235,0,40
2187,1785044613089,1785044613089,0,0.221,0,40
2188,1785044613090,1785044613089,1,0.269,0,40
2189,1785044613215,1785044613215,0,0.315,0,40
2190,1785044613215,1785044613215,0,0.295,0,40
2191,1785044613216,1785044613215,1,0.339,0,40
2192,1785044613216,1785044613215,1,0.318,0,40
2193,1785044613217,1785044613215,2,0.361,0,40
2194,1785044613217,1785044613216,1,0.401,0,40
2195,1785044613217,1785044613217,0,0.438,0,40
2196,1785044613217,1785044613217,0,0.411,0,40
2197,1785044613217,1785044613217,0,0.385,0,40
2198,1785044613217,1785044613217,0,0.361,0,40
2199,1785044613217,1785044613217,0,0.338,0,40
2200,1785044613217,1785044613217,0,0.317,0,40
2201,1785044613217,1785044613217,0,0.297,0,40
2202,1785044613344,1785044613343,1,0.341,0,40
2203,1785044613344,1785044613343,1,0.320,0,40
2204,1785044613344,1785044613344,0,0.363,0,40
2205,1785044613344,1785044613344,0,0.340,0,40
2206,1785044613345,1785044613344,1,0.381,0,40
2207,1785044613349,1785044613345,4,0.545,0,40
2208,1785044613350,1785044613345,5,0.573,0,40
2209,1785044613350,1785044613349,1,0.787,0,40
2210,1785044613350,1785044613349,1,0.738,0,40
2211,1785044613350,1785044613349,1,0.692,0,40
2212,1785044613350,1785044613349,1,0.649,0,40
2213,1785044613350,1785044613350,0,0.671,0,40
2214,1785044613476,1785044613475,1,0.691,0,40
2215,1785044613476,1785044613476,0,0.711,0,40
2216,1785044613476,1785044613476,0,0.666,0,40
2217,1785044613476,1785044613476,0,0.625,0,40
2218,1785044613476,1785044613476,0,0.586,0,40
2219,1785044613476,1785044613476,0,0.549,0,40
2220,1785044613476,1785044613476,0,0.515,0,40
2221,1785044613476,1785044613476,0,0.482,0,40
2222,1785044613477,1785044613477,0,0.452,0,40
2223,1785044613477,1785044613477,0,0.424,0,40
2224,1785044613477,1785044613477,0,0.398,0,40
2225,1785044613478,1785044613478,0,0.373,0,40
2226,1785044613478,1785044613478,0,0.349,0,40
2227,1785044613605,1785044613605,0,0.328,0,40
2228,1785044613605,1785044613605,0,0.307,0,40
2229,1785044613605,1785044613605,0,0.288,0,40
2230,1785044613605,1785044613605,0,0.270,0,40
2231,1785044613605,1785044613605,0,0.253,0,40
2232,1785044613606,1785044613605,1,0.300,0,40
2233,1785044613606,1785044613606,0,0.343,0,40
2234,1785044613607,1785044613606,1,0.385,0,40
2235,1785044613608,1785044613607,1,0.360,0,40
2236,1785044613609,1785044613608,1,0.338,0,40
2237,1785044613609,1785044613609,0,0.379,0,40
2238,1785044613609,1785044613609,0,0.356,0,40
2239,1785044613735,1785044613734,1,0.396,0,40
2240,1785044613748,1785044613735,13,1.121,0,40
2241,1785044613748,1785044613735,13,1.051,0,40
2242,1785044613748,1785044613736,12,1.048,0,40
2243,1785044613748,1785044613736,12,0.982,0,40
2244,1785044613748,1785044613736,12,0.921,0,40
2245,1785044613748,1785044613736,12,0.863,0,40
2246,1785044613748,1785044613736,12,0.809,0,40
2247,1785044613748,1785044613736,12,0.759,0,40
2248,1785044613748,1785044613736,12,0.711,0,40
2249,1785044613748,1785044613736,12,0.667,0,40
2250,1785044613748,1785044613736,12,0.625,0,40
2251,1785044613748,1785044613736,12,0.586,0,40
2252,1785044613748,1785044613736,12,0.550,0,40
2253,1785044613748,1785044613736,12,0.515,0,40
2254,1785044613748,1785044613736,12,0.483,0,40
2255,1785044613863,1785044613863,0,1.203,0,40
2256,1785044613863,1785044613863,0,1.128,0,40
2257,1785044613863,1785044613863,0,1.057,0,40
2258,1785044613863,1785044613863,0,0.991,0,40
2259,1785044613863,1785044613863,0,0.929,0,40
2260,1785044613864,1785044613863,1,0.934,0,40
2261,1785044613864,1785044613864,0,0.938,0,40
2262,1785044613864,1785044613864,0,0.879,0,40
2263,1785044613864,1785044613864,0,0.824,0,40
2264,1785044613865,1785044613865,0,0.773,0,40
2265,1785044613865,1785044613865,0,0.724,0,40
2266,1785044613865,1785044613865,0,0.679,0,40
2267,1785044613990,1785044613990,0,0.637,0,40
2268,1785044613991,1785044613990,1,0.659,0,40
2269,1785044613991,1785044613991,0,0.681,0,40
2270,1785044613991,1785044613991,0,0.638,0,40
2271,1785044613991,1785044613991,0,0.598,0,40
2272,1785044613991,1785044613991,0,0.561,0,40
2273,1785044613992,1785044613991,1,0.588,0,40
2274,1785044613992,1785044613991,1,0.552,0,40
2275,1785044613992,1785044613992,0,0.580,0,40
2276,1785044613992,1785044613992,0,0.543,0,40
2277,1785044613992,1785044613992,0,0.509,0,40
2278,1785044613992,1785044613992,0,0.478,0,40
2279,1785044613993,1785044613992,1,0.510,0,40
2280,1785044614118,1785044614118,0,0.541,0,40
2281,1785044614118,1785044614118,0,0.507,0,40
2282,1785044614119,1785044614118,1,0.538,0,40
2283,1785044614119,1785044614118,1,0.504,0,40
2284,1785044614119,1785044614119,0,0.535,0,40
2285,1785044614119,1785044614119,0,0.502,0,40
2286,1785044614119,1785044614119,0,0.470,0,40
2287,1785044614119,1785044614119,0,0.441,0,40
2288,1785044614119,1785044614119,0,0.413,0,40
2289,1785044614119,1785044614119,0,0.388,0,40
2290,1785044614119,1785044614119,0,0.363,0,40
2291,1785044614119,1785044614119,0,0.341,0,40
2292,1785044614246,1785044614245,1,0.382,0,40
2293,1785044614246,1785044614246,0,0.420,0,40
2294,1785044614246,1785044614246,0,0.394,0,40
2295,1785044614246,1785044614246,0,0.370,0,40
2296,1785044614246,1785044614246,0,0.346,0,40
2297,1785044614246,1785044614246,0,0.325,0,40
2298,1785044614247,1785044614247,0,0.305,0,40
2299,1785044614247,1785044614247,0,0.285,0,40
2300,1785044614247,1785044614247,0,0.268,0,40
2301,1785044614248,1785044614247,1,0.313,0,40
2302,1785044614248,1785044614248,0,0.356,0,40
2303,1785044614248,1785044614248,0,0.334,0,40
2304,1785044614248,1785044614248,0,0.313,0,40
2305,1785044614374,1785044614374,0,0.294,0,40
2306,1785044614375,1785044614374,1,0.338,0,40
2307,1785044614375,1785044614374,1,0.317,0,40
2308,1785044614375,1785044614374,1,0.297,0,40
2309,1785044614375,1785044614374,1,0.278,0,40
2310,1785044614375,1785044614374,1,0.261,0,40
2311,1785044614375,1785044614375,0,0.307,0,40
2312,1785044614375,1785044614375,0,0.288,0,40
2313,1785044614375,1785044614375,0,0.270,0,40
2314,1785044614375,1785044614375,0,0.253,0,40
2315,1785044614375,1785044614375,0,0.237,0,40
2316,1785044614375,1785044614375,0,0.222,0,40
2317,1785044614502,1785044614501,1,0.271,0,40
2318,1785044614502,1785044614501,1,0.254,0,40
2319,1785044614502,1785044614501,1,0.238,0,40
2320,1785044614502,1785044614502,0,0.286,0,40
2321,1785044614502,1785044614502,0,0.268,0,40
2322,1785044614502,1785044614502,0,0.251,0,40
2323,1785044614503,1785044614502,1,0.298,0,40
2324,1785044614503,1785044614503,0,0.342,0,40
2325,1785044614503,1785044614503,0,0.320,0,40
2326,1785044614503,1785044614503,0,0.300,0,40
2327,1785044614504,1785044614504,0,0.282,0,40
2328,1785044614504,1785044614504,0,0.264,0,40
2329,1785044614504,1785044614504,0,0.248,0,40
2330,1785044614629,1785044614629,0,0.232,0,40
2331,1785044614630,1785044614629,1,0.280,0,40
2332,1785044614630,1785044614629,1,0.263,0,40
2333,1785044614630,1785044614630,0,0.309,0,40
2334,1785044614630,1785044614630,0,0.289,0,40
2335,1785044614630,1785044614630,0,0.271,0,40
2336,1785044614630,1785044614630,0,0.254,0,40
2337,1785044614630,1785044614630,0,0.238,0,40
2338,1785044614630,1785044614630,0,0.224,0,40
2339,1785044614630,1785044614630,0,0.210,0,40
2340,1785044614630,1785044614630,0,0.196,0,40
2341,1785044614630,1785044614630,0,0.184,0,40
2342,1785044614756,1785044614756,0,0.173,0,40
2343,1785044614756,1785044614756,0,0.162,0,40
2344,1785044614756,1785044614756,0,0.152,0,40
2345,1785044614758,1785044614758,0,0.142,0,40
2346,1785044614758,1785044614758,0,0.133,0,40
2347,1785044614758,1785044614758,0,0.125,0,40
2348,1785044614758,1785044614758,0,0.117,0,40
2349,1785044614760,1785044614760,0,0.110,0,40
2350,1785044614760,1785044614760,0,0.103,0,40
2351,1785044614760,1785044614760,0,0.097,0,40
2352,1785044614760,1785044614760,0,0.091,0,40
2353,1785044614760,1785044614760,0,0.085,0,40
2354,1785044614760,1785044614760,0,0.080,0,40
2355,1785044614760,1785044614760,0,0.075,0,40
2356,1785044614760,1785044614760,0,0.070,0,40
2357,1785044614760,1785044614760,0,0.066,0,40
2358,1785044614886,1785044614886,0,0.061,0,40
2359,1785044614887,1785044614886,1,0.120,0,40
2360,1785044614887,1785044614887,0,0.175,0,40
2361,1785044614888,1785044614887,1,0.227,0,40
2362,1785044614888,1785044614888,0,0.275,0,40
2363,1785044614888,1785044614888,0,0.258,0,40
2364,1785044614889,1785044614888,1,0.304,0,40
2365,1785044614889,1785044614889,0,0.348,0,40
2366,1785044614889,1785044614889,0,0.326,0,40
2367,1785044614890,1785044614889,1,0.368,0,40
2368,1785044614890,1785044614890,0,0.408,0,40
2369,1785044614890,1785044614890,0,0.382,0,40
2370,1785044615016,1785044615016,0,0.358,0,40
2371,1785044615017,1785044615016,1,0.398,0,40
2372,1785044615017,1785044615016,1,0.373,0,40
2373,1785044615017,1785044615016,1,0.350,0,40
2374,1785044615017,1785044615016,1,0.328,0,40
2375,1785044615017,1785044615017,0,0.370,0,40
2376,1785044615018,1785044615018,0,0.347,0,40
2377,1785044615018,1785044615018,0,0.325,0,40
2378,1785044615018,1785044615018,0,0.305,0,40
2379,1785044615018,1785044615018,0,0.286,0,40
2380,1785044615018,1785044615018,0,0.268,0,40
2381,1785044615018,1785044615018,0,0.251,0,40
2382,1785044615018,1785044615018,0,0.236,0,40
2383,1785044615144,1785044615144,0,0.221,0,40
2384,1785044615144,1785044615144,0,0.207,0,40
2385,1785044615144,1785044615144,0,0.194,0,40
2386,1785044615144,1785044615144,0,0.182,0,40
2387,1785044615144,1785044615144,0,0.171,0,40
2388,1785044615144,1785044615144,0,0.160,0,40
2389,1785044615144,1785044615144,0,0.150,0,40
2390,1785044615145,1785044615145,0,0.141,0,40
2391,1785044615145,1785044615145,0,0.132,0,40
2392,1785044615145,1785044615145,0,0.124,0,40
2393,1785044615145,1785044615145,0,0.116,0,40
2394,1785044615145,1785044615145,0,0.109,0,40
2395,1785044615271,1785044615271,0,0.102,0,40
2396,1785044615271,1785044615271,0,0.095,0,40
2397,1785044615271,1785044615271,0,0.089,0,40
2398,1785044615271,1785044615271,0,0.084,0,40
2399,1785044615271,1785044615271,0,0.079,0,40
2400,1785044615273,1785044615273,0,0.074,0,40
2401,1785044615273,1785044615273,0,0.069,0,40
2402,1785044615273,1785044615273,0,0.065,0,40
2403,1785044615273,1785044615273,0,0.061,0,40
2404,1785044615273,1785044615273,0,0.057,0,40
2405,1785044615274,1785044615273,1,0.116,0,40
2406,1785044615274,1785044615274,0,0.171,0,40
2407,1785044615274,1785044615274,0,0.160,0,40
2408,1785044615400,1785044615400,0,0.150,0,40
2409,1785044615401,1785044615400,1,0.204,0,40
2410,1785044615401,1785044615400,1,0.191,0,40
2411,1785044615401,1785044615401,0,0.241,0,40
2412,1785044615401,1785044615401,0,0.226,0,40
2413,1785044615401,1785044615401,0,0.212,0,40
2414,1785044615401,1785044615401,0,0.199,0,40
2415,1785044615403,1785044615401,2,0.311,0,40
2416,1785044615403,1785044615401,2,0.292,0,40
2417,1785044615403,1785044615401,2,0.274,0,40
2418,1785044615403,1785044615403,0,0.382,0,40
2419,1785044615403,1785044615403,0,0.358,0,40
2420,1785044615529,1785044615529,0,0.335,0,40
2421,1785044615530,1785044615529,1,0.377,0,40
2422,1785044615530,1785044615529,1,0.353,0,40
2423,1785044615530,1785044615529,1,0.331,0,40
2424,1785044615530,1785044615530,0,0.373,0,40
2425,1785044615530,1785044615530,0,0.350,0,40
2426,1785044615531,1785044615530,1,0.390,0,40
2427,1785044615531,1785044615530,1,0.366,0,40
2428,1785044615531,1785044615531,0,0.406,0,40
2429,1785044615531,1785044615531,0,0.380,0,40
2430,1785044615531,1785044615531,0,0.357,0,40
2431,1785044615531,1785044615531,0,0.334,0,40
2432,1785044615532,1785044615531,1,0.376,0,40
2433,1785044615657,1785044615657,0,0.415,0,40
2434,1785044615657,1785044615657,0,0.389,0,40
2435,1785044615658,1785044615657,1,0.427,0,40
2436,1785044615658,1785044615657,1,0.400,0,40
2437,1785044615658,1785044615657,1,0.375,0,40
2438,1785044615658,1785044615658,0,0.414,0,40
2439,1785044615658,1785044615658,0,0.389,0,40
2440,1785044615658,1785044615658,0,0.364,0,40
2441,1785044615658,1785044615658,0,0.341,0,40
2442,1785044615658,1785044615658,0,0.320,0,40
2443,1785044615658,1785044615658,0,0.300,0,40
2444,1785044615659,1785044615659,0,0.281,0,40
2445,1785044615785,1785044615785,0,0.264,0,40
2446,1785044615785,1785044615785,0,0.247,0,40
2447,1785044615786,1785044615785,1,0.294,0,40
2448,1785044615786,1785044615785,1,0.276,0,40
2449,1785044615786,1785044615786,0,0.321,0,40
2450,1785044615786,1785044615786,0,0.301,0,40
2451,1785044615786,1785044615786,0,0.282,0,40
2452,1785044615786,1785044615786,0,0.265,0,40
2453,1785044615786,1785044615786,0,0.248,0,40
2454,1785044615786,1785044615786,0,0.233,0,40
2455,1785044615786,1785044615786,0,0.218,0,40
2456,1785044615786,1785044615786,0,0.204,0,40
2457,1785044615786,1785044615786,0,0.192,0,40
2458,1785044615786,1785044615786,0,0.180,0,40
2459,1785044615788,1785044615786,2,0.293,0,40
2460,1785044615788,1785044615788,0,0.400,0,40
2461,1785044615915,1785044615914,1,0.438,0,40
2462,1785044615915,1785044615914,1,0.410,0,40
2463,1785044615916,1785044615916,0,0.447,0,40
2464,1785044615916,1785044615916,0,0.419,0,40
2465,1785044615917,1785044615916,1,0.455,0,40
2466,1785044615917,1785044615917,0,0.490,0,40
2467,1785044615917,1785044615917,0,0.459,0,40
2468,1785044615918,1785044615918,0,0.430,0,40
2469,1785044615918,1785044615918,0,0.403,0,40
2470,1785044616043,1785044616043,0,0.378,0,40
2471,1785044616043,1785044616043,0,0.354,0,40
2472,1785044616043,1785044616043,0,0.332,0,40
2473,1785044616043,1785044616043,0,0.312,0,40
2474,1785044616043,1785044616043,0,0.292,0,40
2475,1785044616043,1785044616043,0,0.274,0,40
2476,1785044616043,1785044616043,0,0.257,0,40
2477,1785044616043,1785044616043,0,0.241,0,40
2478,1785044616044,1785044616043,1,0.288,0,40
2479,1785044616044,1785044616043,1,0.270,0,40
2480,1785044616044,1785044616044,0,0.316,0,40
2481,1785044616044,1785044616044,0,0.296,0,40
2482,1785044616044,1785044616044,0,0.278,0,40
2483,1785044616044,1785044616044,0,0.260,0,40
2484,1785044616044,1785044616044,0,0.244,0,40
2485,1785044616045,1785044616044,1,0.291,0,40
2486,1785044616146,1785044616146,0,0.335,0,0
2487,1785044616169,1785044616169,0,0.314,0,40
2488,1785044616171,1785044616169,2,0.420,0,40
2489,1785044616171,1785044616169,2,0.394,0,40
2490,1785044616171,1785044616169,2,0.369,0,40
2491,1785044616171,1785044616171,0,0.471,0,40
2492,1785044616171,1785044616171,0,0.442,0,40
2493,1785044616172,1785044616171,1,0.476,0,40
2494,1785044616172,1785044616172,0,0.509,0,40
2495,1785044616172,1785044616172,0,0.477,0,40
2496,1785044616172,1785044616172,0,0.447,0,40
2497,1785044616172,1785044616172,0,0.420,0,40
2498,1785044616172,1785044616172,0,0.393,0,40
2499,1785044616172,1785044616172,0,0.369,0,40
2500,1785044616298,1785044616297,1,0.408,0,40
2501,1785044616298,1785044616298,0,0.445,0,40
2502,1785044616298,1785044616298,0,0.417,0,40
2503,1785044616298,1785044616298,0,0.391,0,40
2504,1785044616298,1785044616298,0,0.367,0,40
2505,1785044616298,1785044616298,0,0.344,0,40
2506,1785044616299,1785044616298,1,0.385,0,40
2507,1785044616299,1785044616298,1,0.361,0,40
2508,1785044616299,1785044616299,0,0.401,0,40
2509,1785044616299,1785044616299,0,0.376,0,40
2510,1785044616299,1785044616299,0,0.352,0,40
2511,1785044616299,1785044616299,0,0.330,0,40
2512,1785044616424,1785044616424,0,0.310,0,40
2513,1785044616425,1785044616425,0,0.290,0,40
2514,1785044616425,1785044616425,0,0.272,0,40
2515,1785044616425,1785044616425,0,0.255,0,40
2516,1785044616425,1785044616425,0,0.239,0,40
2517,1785044616425,1785044616425,0,0.224,0,40
2518,1785044616426,1785044616425,1,0.273,0,40
2519,1785044616426,1785044616426,0,0.318,0,40
2520,1785044616426,1785044616426,0,0.298,0,40
2521,1785044616426,1785044616426,0,0.280,0,40
2522,1785044616426,1785044616426,0,0.262,0,40
2523,1785044616426,1785044616426,0,0.246,0,40
2524,1785044616426,1785044616426,0,0.230,0,40
2525,1785044616551,1785044616551,0,0.216,0,40
2526,1785044616551,1785044616551,0,0.203,0,40
2527,1785044616551,1785044616551,0,0.190,0,40
2528,1785044616551,1785044616551,0,0.178,0,40
2529,1785044616551,1785044616551,0,0.167,0,40
2530,1785044616551,1785044616551,0,0.156,0,40
2531,1785044616553,1785044616551,2,0.272,0,40
2532,1785044616553,1785044616551,2,0.255,0,40
2533,1785044616553,1785044616553,0,0.364,0,40
2534,1785044616553,1785044616553,0,0.341,0,40
2535,1785044616553,1785044616553,0,0.320,0,40
2536,1785044616553,1785044616553,0,0.300,0,40
2537,1785044616678,1785044616678,0,0.281,0,40
2538,1785044616679,1785044616678,1,0.326,0,40
2539,1785044616679,1785044616678,1,0.306,0,40
2540,1785044616679,1785044616679,0,0.349,0,40
2541,1785044616679,1785044616679,0,0.327,0,40
2542,1785044616680,1785044616679,1,0.369,0,40
2543,1785044616680,1785044616680,0,0.409,0,40
2544,1785044616680,1785044616680,0,0.383,0,40
2545,1785044616680,1785044616680,0,0.359,0,40
2546,1785044616681,1785044616680,1,0.399,0,40
2547,1785044616681,1785044616681,0,0.437,0,40
2548,1785044616681,1785044616681,0,0.409,0,40
2549,1785044616681,1785044616681,0,0.384,0,40
2550,1785044616806,1785044616806,0,0.360,0,40
2551,1785044616806,1785044616806,0,0.337,0,40
2552,1785044616806,1785044616806,0,0.316,0,40
2553,1785044616808,1785044616806,2,0.422,0,40
2554,1785044616808,1785044616806,2,0.395,0,40
2555,1785044616808,1785044616808,0,0.495,0,40
2556,1785044616808,1785044616808,0,0.465,0,40
2557,1785044616808,1785044616808,0,0.435,0,40
2558,1785044616808,1785044616808,0,0.408,0,40
2559,1785044616809,1785044616808,1,0.445,0,40
2560,1785044616809,1785044616809,0,0.480,0,40
2561,1785044616809,1785044616809,0,0.450,0,40
2562,1785044616935,1785044616934,1,0.484,0,40
2563,1785044616935,1785044616935,0,0.517,0,40
2564,1785044616935,1785044616935,0,0.484,0,40
2565,1785044616935,1785044616935,0,0.454,0,40
2566,1785044616936,1785044616935,1,0.488,0,40
2567,1785044616936,1785044616936,0,0.520,0,40
2568,1785044616936,1785044616936,0,0.488,0,40
2569,1785044616936,1785044616936,0,0.457,0,40
2570,1785044616936,1785044616936,0,0.429,0,40
2571,1785044616936,1785044616936,0,0.402,0,40
2572,1785044616936,1785044616936,0,0.377,0,40
2573,1785044616938,1785044616936,2,0.478,0,40
2574,1785044616938,1785044616938,0,0.573,0,40
2575,1785044617063,1785044617063,0,0.537,0,40
2576,1785044617064,1785044617063,1,0.566,0,40
2577,1785044617064,1785044617064,0,0.593,0,40
2578,1785044617064,1785044617064,0,0.556,0,40
2579,1785044617065,1785044617065,0,0.522,0,40
2580,1785044617065,1785044617065,0,0.489,0,40
2581,1785044617065,1785044617065,0,0.458,0,40
2582,1785044617065,1785044617065,0,0.430,0,40
2583,1785044617066,1785044617065,1,0.465,0,40
2584,1785044617066,1785044617066,0,0.499,0,40
2585,1785044617066,1785044617066,0,0.468,0,40
2586,1785044617066,1785044617066,0,0.438,0,40
2587,1785044617191,1785044617191,0,0.411,0,40
2588,1785044617191,1785044617191,0,0.385,0,40
2589,1785044617191,1785044617191,0,0.361,0,40
2590,1785044617193,1785044617191,2,0.464,0,40
2591,1785044617193,1785044617191,2,0.435,0,40
2592,1785044617193,1785044617193,0,0.533,0,40
2593,1785044617193,1785044617193,0,0.499,0,40
2594,1785044617193,1785044617193,0,0.468,0,40
2595,1785044617193,1785044617193,0,0.439,0,40
2596,1785044617194,1785044617193,1,0.474,0,40
2597,1785044617194,1785044617194,0,0.507,0,40
2598,1785044617194,1785044617194,0,0.475,0,40
2599,1785044617195,1785044617194,1,0.508,0,40
2600,1785044617319,1785044617319,0,0.539,0,40
2601,1785044617320,1785044617319,1,0.567,0,40
2602,1785044617320,1785044617319,1,0.532,0,40
2603,1785044617320,1785044617320,0,0.561,0,40
2604,1785044617320,1785044617320,0,0.526,0,40
2605,1785044617320,1785044617320,0,0.493,0,40
2606,1785044617320,1785044617320,0,0.462,0,40
2607,1785044617320,1785044617320,0,0.434,0,40
2608,1785044617321,1785044617320,1,0.469,0,40
2609,1785044617321,1785044617320,1,0.440,0,40
2610,1785044617321,1785044617321,0,0.475,0,40
2611,1785044617321,1785044617321,0,0.445,0,40
2612,1785044617446,1785044617446,0,0.417,0,40
2613,1785044617447,1785044617446,1,0.454,0,40
2614,1785044617447,1785044617446,1,0.425,0,40
2615,1785044617448,1785044617447,1,0.399,0,40
2616,1785044617448,1785044617447,1,0.374,0,40
2617,1785044617448,1785044617448,0,0.413,0,40
2618,1785044617448,1785044617448,0,0.387,0,40
2619,1785044617448,1785044617448,0,0.363,0,40
2620,1785044617448,1785044617448,0,0.340,0,40
2621,1785044617448,1785044617448,0,0.319,0,40
2622,1785044617449,1785044617448,1,0.362,0,40
2623,1785044617449,1785044617449,0,0.401,0,40
2624,1785044617449,1785044617449,0,0.376,0,40
2625,1785044617449,1785044617449,0,0.353,0,40
2626,1785044617449,1785044617449,0,0.331,0,40
2627,1785044617449,1785044617449,0,0.310,0,40
2628,1785044617575,1785044617575,0,0.291,0,40
2629,1785044617575,1785044617575,0,0.273,0,40
2630,1785044617575,1785044617575,0,0.256,0,40
2631,1785044617576,1785044617575,1,0.302,0,40
2632,1785044617576,1785044617575,1,0.283,0,40
2633,1785044617576,1785044617576,0,0.328,0,40
2634,1785044617576,1785044617576,0,0.307,0,40
2635,1785044617577,1785044617577,0,0.288,0,40
2636,1785044617577,1785044617577,0,0.270,0,40
2637,1785044617577,1785044617577,0,0.253,0,40
2638,1785044617577,1785044617577,0,0.238,0,40
2639,1785044617577,1785044617577,0,0.223,0,40
2640,1785044617703,1785044617703,0,0.209,0,40
2641,1785044617704,1785044617703,1,0.258,0,40
2642,1785044617704,1785044617703,1,0.242,0,40
2643,1785044617704,1785044617704,0,0.289,0,40
2644,1785044617704,1785044617704,0,0.271,0,40
2645,1785044617704,1785044617704,0,0.254,0,40
2646,1785044617704,1785044617704,0,0.238,0,40
2647,1785044617704,1785044617704,0,0.224,0,40
2648,1785044617704,1785044617704,0,0.210,0,40
2649,1785044617706,1785044617704,2,0.322,0,40
2650,1785044617706,1785044617706,0,0.426,0,40
2651,1785044617706,1785044617706,0,0.400,0,40
2652,1785044617706,1785044617706,0,0.375,0,40
2653,1785044617831,1785044617831,0,0.351,0,40
2654,1785044617833,1785044617831,2,0.454,0,40
2655,1785044617833,1785044617831,2,0.426,0,40
2656,1785044617833,1785044617831,2,0.399,0,40
2657,1785044617833,1785044617833,0,0.499,0,40
2658,1785044617833,1785044617833,0,0.468,0,40
2659,1785044617833,1785044617833,0,0.439,0,40
2660,1785044617833,1785044617833,0,0.412,0,40
2661,1785044617834,1785044617833,1,0.448,0,40
2662,1785044617834,1785044617834,0,0.483,0,40
2663,1785044617834,1785044617834,0,0.453,0,40
2664,1785044617834,1785044617834,0,0.424,0,40
2665,1785044617959,1785044617959,0,0.398,0,40
2666,1785044617960,1785044617959,1,0.435,0,40
2667,1785044617960,1785044617959,1,0.408,0,40
2668,1785044617960,1785044617960,0,0.445,0,40
2669,1785044617960,1785044617960,0,0.417,0,40
2670,1785044617960,1785044617960,0,0.391,0,40
2671,1785044617960,1785044617960,0,0.367,0,40
2672,1785044617960,1785044617960,0,0.344,0,40
2673,1785044617960,1785044617960,0,0.322,0,40
2674,1785044617960,1785044617960,0,0.302,0,40
2675,1785044617961,1785044617960,1,0.346,0,40
2676,1785044617961,1785044617960,1,0.324,0,40
2677,1785044617961,1785044617961,0,0.366,0,40
2678,1785044618086,1785044618086,0,0.344,0,40
2679,1785044618086,1785044618086,0,0.322,0,40
2680,1785044618087,1785044618086,1,0.364,0,40
2681,1785044618087,1785044618086,1,0.342,0,40
2682,1785044618087,1785044618087,0,0.383,0,40
2683,1785044618087,1785044618087,0,0.359,0,40
2684,1785044618087,1785044618087,0,0.336,0,40
2685,1785044618087,1785044618087,0,0.315,0,40
2686,1785044618087,1785044618087,0,0.296,0,40
2687,1785044618089,1785044618087,2,0.402,0,40
2688,1785044618089,1785044618089,0,0.502,0,40
2689,1785044618089,1785044618089,0,0.471,0,40
2690,1785044618215,1785044618214,1,0.504,0,40
2691,1785044618215,1785044618215,0,0.535,0,40
2692,1785044618215,1785044618215,0,0.501,0,40
2693,1785044618215,1785044618215,0,0.470,0,40
2694,1785044618215,1785044618215,0,0.441,0,40
2695,1785044618216,1785044618215,1,0.476,0,40
2696,1785044618216,1785044618216,0,0.508,0,40
2697,1785044618216,1785044618216,0,0.477,0,40
2698,1785044618216,1785044618216,0,0.447,0,40
2699,1785044618216,1785044618216,0,0.419,0,40
2700,1785044618217,1785044618216,1,0.455,0,40
2701,1785044618217,1785044618216,1,0.427,0,40
2702,1785044618217,1785044618217,0,0.463,0,40
2703,1785044618342,1785044618342,0,0.434,0,40
2704,1785044618342,1785044618342,0,0.407,0,40
2705,1785044618342,1785044618342,0,0.381,0,40
2706,1785044618343,1785044618342,1,0.420,0,40
2707,1785044618343,1785044618342,1,0.394,0,40
2708,1785044618343,1785044618343,0,0.432,0,40
2709,1785044618343,1785044618343,0,0.405,0,40
2710,1785044618343,1785044618343,0,0.379,0,40
2711,1785044618343,1785044618343,0,0.356,0,40
2712,1785044618344,1785044618343,1,0.396,0,40
2713,1785044618344,1785044618344,0,0.434,0,40
2714,1785044618344,1785044618344,0,0.406,0,40
2715,1785044618469,1785044618469,0,0.381,0,40
2716,1785044618469,1785044618469,0,0.357,0,40
2717,1785044618469,1785044618469,0,0.335,0,40
2718,1785044618469,1785044618469,0,0.314,0,40
2719,1785044618470,1785044618469,1,0.357,0,40
2720,1785044618470,1785044618470,0,0.397,0,40
2721,1785044618470,1785044618470,0,0.372,0,40
2722,1785044618470,1785044618470,0,0.349,0,40
2723,1785044618471,1785044618470,1,0.390,0,40
2724,1785044618471,1785044618470,1,0.365,0,40
2725,1785044618471,1785044618471,0,0.405,0,40
2726,1785044618471,1785044618471,0,0.380,0,40
2727,1785044618471,1785044618471,0,0.356,0,40
2728,1785044618597,1785044618596,1,0.396,0,40
2729,1785044618597,1785044618597,0,0.434,0,40
2730,1785044618597,1785044618597,0,0.407,0,40
2731,1785044618597,1785044618597,0,0.381,0,40
2732,1785044618597,1785044618597,0,0.358,0,40
2733,1785044618597,1785044618597,0,0.335,0,40
2734,1785044618598,1785044618597,1,0.377,0,40
2735,1785044618598,1785044618598,0,0.416,0,40
2736,1785044618598,1785044618598,0,0.390,0,40
2737,1785044618598,1785044618598,0,0.365,0,40
2738,1785044618598,1785044618598,0,0.343,0,40
2739,1785044618599,1785044618598,1,0.384,0,40
2740,1785044618725,1785044618725,0,0.422,0,40
2741,1785044618725,1785044618725,0,0.396,0,40
2742,1785044618725,1785044618725,0,0.371,0,40
2743,1785044618725,1785044618725,0,0.348,0,40
2744,1785044618725,1785044618725,0,0.326,0,40
2745,1785044618725,1785044618725,0,0.306,0,40
2746,1785044618725,1785044618725,0,0.287,0,40
2747,1785044618725,1785044618725,0,0.269,0,40
2748,1785044618725,1785044618725,0,0.252,0,40
2749,1785044618726,1785044618726,0,0.236,0,40
2750,1785044618726,1785044618726,0,0.221,0,40
2751,1785044618726,1785044618726,0,0.208,0,40
2752,1785044618726,1785044618726,0,0.195,0,40
2753,1785044618726,1785044618726,0,0.182,0,40
2754,1785044618726,1785044618726,0,0.171,0,40
2755,1785044618726,1785044618726,0,0.160,0,40
2756,1785044618851,1785044618851,0,0.150,0,40
2757,1785044618851,1785044618851,0,0.141,0,40
2758,1785044618853,1785044618851,2,0.257,0,40
2759,1785044618853,1785044618853,0,0.366,0,40
2760,1785044618854,1785044618853,1,0.406,0,40
2761,1785044618854,1785044618854,0,0.443,0,40
2762,1785044618854,1785044618854,0,0.415,0,40
2763,1785044618854,1785044618854,0,0.389,0,40
2764,1785044618854,1785044618854,0,0.365,0,40
2765,1785044618979,1785044618979,0,0.342,0,40
2766,1785044618979,1785044618979,0,0.321,0,40
2767,1785044618979,1785044618979,0,0.301,0,40
2768,1785044618979,1785044618979,0,0.282,0,40
2769,1785044618979,1785044618979,0,0.264,0,40
2770,1785044618979,1785044618979,0,0.248,0,40
2771,1785044618981,1785044618979,2,0.357,0,40
2772,1785044618981,1785044618981,0,0.460,0,40
2773,1785044618981,1785044618981,0,0.431,0,40
2774,1785044618981,1785044618981,0,0.404,0,40
2775,1785044618981,1785044618981,0,0.379,0,40
2776,1785044618982,1785044618981,1,0.418,0,40
2777,1785044618982,1785044618981,1,0.392,0,40
2778,1785044618982,1785044618982,0,0.430,0,40
2779,1785044618982,1785044618982,0,0.403,0,40
2780,1785044618982,1785044618982,0,0.378,0,40
2781,1785044619107,1785044619107,0,0.354,0,40
2782,1785044619107,1785044619107,0,0.332,0,40
2783,1785044619108,1785044619107,1,0.374,0,40
2784,1785044619108,1785044619107,1,0.350,0,40
2785,1785044619108,1785044619108,0,0.391,0,40
2786,1785044619108,1785044619108,0,0.366,0,40
2787,1785044619108,1785044619108,0,0.344,0,40
2788,1785044619108,1785044619108,0,0.322,0,40
2789,1785044619108,1785044619108,0,0.302,0,40
2790,1785044619234,1785044619234,0,0.283,0,40
2791,1785044619234,1785044619234,0,0.265,0,40
2792,1785044619234,1785044619234,0,0.249,0,40
2793,1785044619234,1785044619234,0,0.233,0,40
2794,1785044619234,1785044619234,0,0.219,0,40
2795,1785044619235,1785044619234,1,0.268,0,40
2796,1785044619235,1785044619235,0,0.313,0,40
2797,1785044619235,1785044619235,0,0.294,0,40
2798,1785044619235,1785044619235,0,0.275,0,40
2799,1785044619235,1785044619235,0,0.258,0,40
2800,1785044619235,1785044619235,0,0.242,0,40
2801,1785044619235,1785044619235,0,0.227,0,40
2802,1785044619235,1785044619235,0,0.213,0,40
2803,1785044619235,1785044619235,0,0.199,0,40
2804,1785044619235,1785044619235,0,0.187,0,40
2805,1785044619236,1785044619235,1,0.238,0,40
2806,1785044619361,1785044619361,0,0.285,0,40
2807,1785044619362,1785044619361,1,0.330,0,40
2808,1785044619362,1785044619361,1,0.309,0,40
2809,1785044619362,1785044619362,0,0.353,0,40
2810,1785044619362,1785044619362,0,0.331,0,40
2811,1785044619362,1785044619362,0,0.310,0,40
2812,1785044619363,1785044619363,0,0.291,0,40
2813,1785044619363,1785044619363,0,0.272,0,40
2814,1785044619363,1785044619363,0,0.255,0,40
2815,1785044619363,1785044619363,0,0.239,0,40
2816,1785044619363,1785044619363,0,0.224,0,40
2817,1785044619364,1785044619363,1,0.273,0,40
2818,1785044619489,1785044619489,0,0.318,0,40
2819,1785044619489,1785044619489,0,0.298,0,40
2820,1785044619490,1785044619489,1,0.342,0,40
2821,1785044619490,1785044619489,1,0.321,0,40
2822,1785044619490,1785044619489,1,0.301,0,40
2823,1785044619490,1785044619489,1,0.282,0,40
2824,1785044619490,1785044619489,1,0.264,0,40
2825,1785044619490,1785044619490,0,0.310,0,40
2826,1785044619490,1785044619490,0,0.291,0,40
2827,1785044619490,1785044619490,0,0.273,0,40
2828,1785044619490,1785044619490,0,0.256,0,40
2829,1785044619490,1785044619490,0,0.240,0,40
2830,1785044619490,1785044619490,0,0.225,0,40
2831,1785044619615,1785044619615,0,0.211,0,40
2832,1785044619615,1785044619615,0,0.198,0,40
2833,1785044619615,1785044619615,0,0.185,0,40
2834,1785044619615,1785044619615,0,0.174,0,40
2835,1785044619615,1785044619615,0,0.163,0,40
2836,1785044619615,1785044619615,0,0.153,0,40
2837,1785044619616,1785044619615,1,0.206,0,40
2838,1785044619616,1785044619616,0,0.255,0,40
2839,1785044619616,1785044619616,0,0.239,0,40
2840,1785044619616,1785044619616,0,0.224,0,40
2841,1785044619616,1785044619616,0,0.210,0,40
2842,1785044619616,1785044619616,0,0.197,0,40
2843,1785044619741,1785044619741,0,0.185,0,40
2844,1785044619741,1785044619741,0,0.173,0,40
2845,1785044619742,1785044619741,1,0.225,0,40
2846,1785044619742,1785044619741,1,0.211,0,40
2847,1785044619742,1785044619741,1,0.198,0,40
2848,1785044619742,1785044619742,0,0.248,0,40
2849,1785044619742,1785044619742,0,0.232,0,40
2850,1785044619742,1785044619742,0,0.218,0,40
2851,1785044619742,1785044619742,0,0.204,0,40
2852,1785044619742,1785044619742,0,0.191,0,40
2853,1785044619742,1785044619742,0,0.179,0,40
2854,1785044619743,1785044619742,1,0.231,0,40
2855,1785044619743,1785044619743,0,0.279,0,40
2856,1785044619869,1785044619869,0,0.261,0,40
2857,1785044619869,1785044619869,0,0.245,0,40
2858,1785044619869,1785044619869,0,0.230,0,40
2859,1785044619870,1785044619869,1,0.278,0,40
2860,1785044619870,1785044619869,1,0.261,0,40
2861,1785044619870,1785044619870,0,0.307,0,40
2862,1785044619870,1785044619870,0,0.288,0,40
2863,1785044619870,1785044619870,0,0.270,0,40
2864,1785044619870,1785044619870,0,0.253,0,40
2865,1785044619870,1785044619870,0,0.237,0,40
2866,1785044619870,1785044619870,0,0.222,0,40
2867,1785044619870,1785044619870,0,0.208,0,40
2868,1785044619996,1785044619996,0,0.195,0,40
2869,1785044619996,1785044619996,0,0.183,0,40
2870,1785044619997,1785044619996,1,0.234,0,40
2871,1785044619997,1785044619997,0,0.282,0,40
2872,1785044619997,1785044619997,0,0.264,0,40
2873,1785044619997,1785044619997,0,0.248,0,40
2874,1785044619997,1785044619997,0,0.232,0,40
2875,1785044619998,1785044619998,0,0.218,0,40
2876,1785044619998,1785044619998,0,0.204,0,40
2877,1785044619998,1785044619998,0,0.191,0,40
2878,1785044619998,1785044619998,0,0.179,0,40
2879,1785044619999,1785044619998,1,0.231,0,40
2880,1785044619999,1785044619999,0,0.279,0,40
2881,1785044620124,1785044620124,0,0.261,0,40
2882,1785044620124,1785044620124,0,0.245,0,40
2883,1785044620124,1785044620124,0,0.230,0,40
2884,1785044620124,1785044620124,0,0.215,0,40
2885,1785044620124,1785044620124,0,0.202,0,40
2886,1785044620124,1785044620124,0,0.189,0,40
2887,1785044620126,1785044620124,2,0.302,0,40
2888,1785044620126,1785044620126,0,0.409,0,40
2889,1785044620126,1785044620126,0,0.383,0,40
2890,1785044620126,1785044620126,0,0.359,0,40
2891,1785044620126,1785044620126,0,0.337,0,40
2892,1785044620126,1785044620126,0,0.316,0,40
2893,1785044620252,1785044620251,1,0.358,0,40
2894,1785044620252,1785044620251,1,0.336,0,40
2895,1785044620252,1785044620252,0,0.377,0,40
2896,1785044620252,1785044620252,0,0.354,0,40
2897,1785044620252,1785044620252,0,0.332,0,40
2898,1785044620252,1785044620252,0,0.311,0,40
2899,1785044620252,1785044620252,0,0.292,0,40
2900,1785044620254,1785044620252,2,0.398,0,40
2901,1785044620254,1785044620252,2,0.373,0,40
2902,1785044620254,1785044620254,0,0.475,0,40
2903,1785044620254,1785044620254,0,0.445,0,40
2904,1785044620254,1785044620254,0,0.418,0,40
2905,1785044620255,1785044620255,0,0.391,0,40
2906,1785044620381,1785044620381,0,0.367,0,40
2907,1785044620381,1785044620381,0,0.344,0,40
2908,1785044620381,1785044620381,0,0.323,0,40
2909,1785044620381,1785044620381,0,0.302,0,40
2910,1785044620381,1785044620381,0,0.284,0,40
2911,1785044620381,1785044620381,0,0.266,0,40
2912,1785044620382,1785044620381,1,0.312,0,40
2913,1785044620382,1785044620381,1,0.292,0,40
2914,1785044620382,1785044620382,0,0.336,0,40
2915,1785044620382,1785044620382,0,0.315,0,40
2916,1785044620382,1785044620382,0,0.296,0,40
2917,1785044620382,1785044620382,0,0.277,0,40
2918,1785044620508,1785044620508,0,0.260,0,40
2919,1785044620508,1785044620508,0,0.244,0,40
2920,1785044620508,1785044620508,0,0.228,0,40
2921,1785044620508,1785044620508,0,0.214,0,40
2922,1785044620508,1785044620508,0,0.201,0,40
2923,1785044620508,1785044620508,0,0.188,0,40
2924,1785044620508,1785044620508,0,0.176,0,40
2925,1785044620508,1785044620508,0,0.165,0,40
2926,1785044620508,1785044620508,0,0.155,0,40
2927,1785044620508,1785044620508,0,0.145,0,40
2928,1785044620510,1785044620508,2,0.261,0,40
2929,1785044620510,1785044620510,0,0.370,0,40
2930,1785044620510,1785044620510,0,0.347,0,40
2931,1785044620510,1785044620510,0,0.325,0,40
2932,1785044620510,1785044620510,0,0.305,0,40
2933,1785044620510,1785044620510,0,0.286,0,40
2934,1785044620636,1785044620636,0,0.268,0,40
2935,1785044620637,1785044620636,1,0.314,0,40
2936,1785044620638,1785044620637,1,0.294,0,40
2937,1785044620638,1785044620638,0,0.338,0,40
2938,1785044620639,1785044620638,1,0.380,0,40
2939,1785044620639,1785044620639,0,0.418,0,40
2940,1785044620639,1785044620639,0,0.392,0,40
2941,1785044620639,1785044620639,0,0.368,0,40
2942,1785044620639,1785044620639,0,0.345,0,40
2943,1785044620639,1785044620639,0,0.323,0,40
2944,1785044620639,1785044620639,0,0.303,0,40
2945,1785044620639,1785044620639,0,0.284,0,40
2946,1785044620765,1785044620765,0,0.266,0,40
2947,1785044620766,1785044620765,1,0.312,0,40
2948,1785044620766,1785044620766,0,0.355,0,40
2949,1785044620766,1785044620766,0,0.333,0,40
2950,1785044620766,1785044620766,0,0.312,0,40
2951,1785044620766,1785044620766,0,0.293,0,40
2952,1785044620766,1785044620766,0,0.274,0,40
2953,1785044620766,1785044620766,0,0.257,0,40
2954,1785044620766,1785044620766,0,0.241,0,40
2955,1785044620766,1785044620766,0,0.226,0,40
2956,1785044620766,1785044620766,0,0.212,0,40
2957,1785044620768,1785044620766,2,0.324,0,40
2958,1785044620768,1785044620768,0,0.428,0,40
2959,1785044620894,1785044620894,0,0.402,0,40
2960,1785044620894,1785044620894,0,0.377,0,40
2961,1785044620895,1785044620894,1,0.416,0,40
2962,1785044620895,1785044620894,1,0.390,0,40
2963,1785044620895,1785044620895,0,0.428,0,40
2964,1785044620895,1785044620895,0,0.401,0,40
2965,1785044620896,1785044620895,1,0.438,0,40
2966,1785044620896,1785044620896,0,0.474,0,40
2967,1785044620896,1785044620896,0,0.444,0,40
2968,1785044620896,1785044620896,0,0.416,0,40
2969,1785044620896,1785044620896,0,0.390,0,40
2970,1785044620897,1785044620896,1,0.428,0,40
2971,1785044621021,1785044621021,0,0.464,0,40
2972,1785044621023,1785044621021,2,0.560,0,40
2973,1785044621023,1785044621021,2,0.525,0,40
2974,1785044621023,1785044621023,0,0.617,0,40
2975,1785044621023,1785044621023,0,0.579,0,40
2976,1785044621023,1785044621023,0,0.542,0,40
2977,1785044621024,1785044621023,1,0.571,0,40
2978,1785044621024,1785044621024,0,0.598,0,40
2979,1785044621024,1785044621024,0,0.560,0,40
2980,1785044621025,1785044621025,0,0.525,0,40
2981,1785044621025,1785044621025,0,0.493,0,40
2982,1785044621025,1785044621025,0,0.462,0,40
2983,1785044621026,1785044621026,0,0.433,0,40
2984,1785044621146,1785044621146,0,0.406,0,0
2985,1785044621151,1785044621151,0,0.381,0,40
2986,1785044621151,1785044621151,0,0.357,0,40
2987,1785044621151,1785044621151,0,0.334,0,40
2988,1785044621151,1785044621151,0,0.314,0,40
2989,1785044621153,1785044621151,2,0.419,0,40
2990,1785044621153,1785044621153,0,0.518,0,40
2991,1785044621153,1785044621153,0,0.485,0,40
2992,1785044621153,1785044621153,0,0.455,0,40
2993,1785044621153,1785044621153,0,0.427,0,40
2994,1785044621153,1785044621153,0,0.400,0,40
2995,1785044621153,1785044621153,0,0.375,0,40
2996,1785044621154,1785044621153,1,0.414,0,40
2997,1785044621278,1785044621278,0,0.451,0,40
2998,1785044621278,1785044621278,0,0.422,0,40
2999,1785044621279,1785044621278,1,0.459,0,40
3000,1785044621279,1785044621279,0,0.492,0,40
3001,1785044621279,1785044621279,0,0.462,0,40
3002,1785044621279,1785044621279,0,0.433,0,40
3003,1785044621279,1785044621279,0,0.406,0,40
3004,1785044621279,1785044621279,0,0.380,0,40
3005,1785044621280,1785044621279,1,0.419,0,40
3006,1785044621280,1785044621280,0,0.455,0,40
3007,1785044621280,1785044621280,0,0.427,0,40
3008,1785044621281,1785044621280,1,0.463,0,40
3009,1785044621281,1785044621281,0,0.496,0,40
3010,1785044621406,1785044621406,0,0.465,0,40
3011,1785044621407,1785044621406,1,0.499,0,40
3012,1785044621407,1785044621406,1,0.468,0,40
3013,1785044621407,1785044621406,1,0.438,0,40
3014,1785044621407,1785044621406,1,0.411,0,40
3015,1785044621407,1785044621407,0,0.448,0,40
3016,1785044621407,1785044621407,0,0.420,0,40
3017,1785044621407,1785044621407,0,0.394,0,40
3018,1785044621408,1785044621407,1,0.431,0,40
3019,1785044621408,1785044621408,0,0.467,0,40
3020,1785044621408,1785044621408,0,0.438,0,40
3021,1785044621408,1785044621408,0,0.410,0,40
3022,1785044621534,1785044621534,0,0.385,0,40
3023,1785044621534,1785044621534,0,0.361,0,40
3024,1785044621534,1785044621534,0,0.338,0,40
3025,1785044621534,1785044621534,0,0.317,0,40
3026,1785044621534,1785044621534,0,0.297,0,40
3027,1785044621534,1785044621534,0,0.279,0,40
3028,1785044621534,1785044621534,0,0.261,0,40
3029,1785044621534,1785044621534,0,0.245,0,40
3030,1785044621534,1785044621534,0,0.230,0,40
3031,1785044621535,1785044621534,1,0.278,0,40
3032,1785044621535,1785044621535,0,0.323,0,40
3033,1785044621535,1785044621535,0,0.303,0,40
3034,1785044621535,1785044621535,0,0.284,0,40
3035,1785044621662,1785044621661,1,0.329,0,40
3036,1785044621662,1785044621661,1,0.308,0,40
3037,1785044621662,1785044621661,1,0.289,0,40
3038,1785044621662,1785044621662,0,0.333,0,40
3039,1785044621662,1785044621662,0,0.312,0,40
3040,1785044621662,1785044621662,0,0.293,0,40
3041,1785044621662,1785044621662,0,0.275,0,40
3042,1785044621662,1785044621662,0,0.257,0,40
3043,1785044621662,1785044621662,0,0.241,0,40
3044,1785044621663,1785044621662,1,0.289,0,40
3045,1785044621663,1785044621663,0,0.333,0,40
3046,1785044621663,1785044621663,0,0.312,0,40
3047,1785044621790,1785044621789,1,0.355,0,40
3048,1785044621790,1785044621790,0,0.396,0,40
3049,1785044621790,1785044621790,0,0.371,0,40
3050,1785044621791,1785044621790,1,0.410,0,40
3051,1785044621791,1785044621790,1,0.385,0,40
3052,1785044621791,1785044621791,0,0.423,0,40
3053,1785044621791,1785044621791,0,0.397,0,40
3054,1785044621791,1785044621791,0,0.372,0,40
3055,1785044621791,1785044621791,0,0.349,0,40
3056,1785044621791,1785044621791,0,0.327,0,40
3057,1785044621793,1785044621791,2,0.431,0,40
3058,1785044621793,1785044621793,0,0.529,0,40
3059,1785044621793,1785044621793,0,0.496,0,40
3060,1785044621793,1785044621793,0,0.465,0,40
3061,1785044621794,1785044621793,1,0.499,0,40
3062,1785044621794,1785044621794,0,0.530,0,40
3063,1785044621920,1785044621919,1,0.559,0,40
3064,1785044621920,1785044621919,1,0.524,0,40
3065,1785044621920,1785044621920,0,0.554,0,40
3066,1785044621920,1785044621920,0,0.520,0,40
3067,1785044621920,1785044621920,0,0.487,0,40
3068,1785044621920,1785044621920,0,0.457,0,40
3069,1785044621920,1785044621920,0,0.428,0,40
3070,1785044621920,1785044621920,0,0.401,0,40
3071,1785044621920,1785044621920,0,0.376,0,40
3072,1785044621921,1785044621920,1,0.415,0,40
3073,1785044621921,1785044621920,1,0.389,0,40
3074,1785044621921,1785044621921,0,0.427,0,40
3075,1785044621921,1785044621921,0,0.401,0,40
3076,1785044622047,1785044622046,1,0.438,0,40
3077,1785044622048,1785044622047,1,0.411,0,40
3078,1785044622048,1785044622047,1,0.385,0,40
3079,1785044622049,1785044622047,2,0.424,0,40
3080,1785044622049,1785044622047,2,0.397,0,40
3081,1785044622049,1785044622048,1,0.435,0,40
3082,1785044622049,1785044622048,1,0.408,0,40
3083,1785044622049,1785044622049,0,0.445,0,40
3084,1785044622049,1785044622049,0,0.417,0,40
3085,1785044622049,1785044622049,0,0.391,0,40
3086,1785044622050,1785044622049,1,0.429,0,40
3087,1785044622050,1785044622050,0,0.465,0,40
3088,1785044622175,1785044622175,0,0.436,0,40
3089,1785044622176,1785044622175,1,0.471,0,40
3090,1785044622176,1785044622175,1,0.441,0,40
3091,1785044622176,1785044622175,1,0.414,0,40
3092,1785044622176,1785044622176,0,0.450,0,40
3093,1785044622176,1785044622176,0,0.422,0,40
3094,1785044622176,1785044622176,0,0.396,0,40
3095,1785044622176,1785044622176,0,0.371,0,40
3096,1785044622176,1785044622176,0,0.348,0,40
3097,1785044622176,1785044622176,0,0.326,0,40
3098,1785044622176,1785044622176,0,0.306,0,40
3099,1785044622176,1785044622176,0,0.287,0,40
3100,1785044622177,1785044622176,1,0.331,0,40
3101,1785044622303,1785044622302,1,0.311,0,40
3102,1785044622303,1785044622302,1,0.291,0,40
3103,1785044622303,1785044622302,1,0.273,0,40
3104,1785044622303,1785044622303,0,0.318,0,40
3105,1785044622303,1785044622303,0,0.299,0,40
3106,1785044622303,1785044622303,0,0.280,0,40
3107,1785044622303,1785044622303,0,0.262,0,40
3108,1785044622303,1785044622303,0,0.246,0,40
3109,1785044622303,1785044622303,0,0.231,0,40
3110,1785044622303,1785044622303,0,0.216,0,40
3111,1785044622303,1785044622303,0,0.203,0,40
3112,1785044622304,1785044622304,0,0.190,0,40
3113,1785044622430,1785044622430,0,0.178,0,40
3114,1785044622430,1785044622430,0,0.167,0,40
3115,1785044622431,1785044622430,1,0.219,0,40
3116,1785044622431,1785044622431,0,0.268,0,40
3117,1785044622431,1785044622431,0,0.251,0,40
3118,1785044622432,1785044622431,1,0.298,0,40
3119,1785044622432,1785044622432,0,0.342,0,40
3120,1785044622432,1785044622432,0,0.320,0,40
3121,1785044622432,1785044622432,0,0.300,0,40
3122,1785044622432,1785044622432,0,0.282,0,40
3123,1785044622433,1785044622432,1,0.327,0,40
3124,1785044622433,1785044622433,0,0.369,0,40
3125,1785044622433,1785044622433,0,0.346,0,40
3126,1785044622558,1785044622558,0,0.324,0,40
3127,1785044622559,1785044622558,1,0.366,0,40
3128,1785044622559,1785044622559,0,0.406,0,40
3129,1785044622559,1785044622559,0,0.380,0,40
3130,1785044622559,1785044622559,0,0.357,0,40
3131,1785044622560,1785044622559,1,0.397,0,40
3132,1785044622560,1785044622560,0,0.435,0,40
3133,1785044622560,1785044622560,0,0.407,0,40
3134,1785044622560,1785044622560,0,0.382,0,40
3135,1785044622560,1785044622560,0,0.358,0,40
3136,1785044622560,1785044622560,0,0.336,0,40
3137,1785044622561,1785044622560,1,0.377,0,40
3138,1785044622686,1785044622686,0,0.416,0,40
3139,1785044622686,1785044622686,0,0.390,0,40
3140,1785044622686,1785044622686,0,0.366,0,40
3141,1785044622686,1785044622686,0,0.343,0,40
3142,1785044622687,1785044622687,0,0.321,0,40
3143,1785044622687,1785044622687,0,0.301,0,40
3144,1785044622687,1785044622687,0,0.283,0,40
3145,1785044622688,1785044622687,1,0.327,0,40
3146,1785044622688,1785044622688,0,0.369,0,40
3147,1785044622688,1785044622688,0,0.346,0,40
3148,1785044622688,1785044622688,0,0.325,0,40
3149,1785044622688,1785044622688,0,0.304,0,40
3150,1785044622688,1785044622688,0,0.285,0,40
3151,1785044622814,1785044622814,0,0.268,0,40
3152,1785044622815,1785044622814,1,0.313,0,40
3153,1785044622815,1785044622815,0,0.356,0,40
3154,1785044622815,1785044622815,0,0.334,0,40
3155,1785044622815,1785044622815,0,0.313,0,40
3156,1785044622816,1785044622816,0,0.294,0,40
3157,1785044622816,1785044622816,0,0.275,0,40
3158,1785044622816,1785044622816,0,0.258,0,40
3159,1785044622816,1785044622816,0,0.242,0,40
3160,1785044622816,1785044622816,0,0.227,0,40
3161,1785044622816,1785044622816,0,0.213,0,40
3162,1785044622816,1785044622816,0,0.199,0,40
3163,1785044622941,1785044622941,0,0.187,0,40
3164,1785044622943,1785044622941,2,0.300,0,40
3165,1785044622943,1785044622941,2,0.281,0,40
3166,1785044622943,1785044622943,0,0.389,0,40
3167,1785044622943,1785044622943,0,0.365,0,40
3168,1785044622943,1785044622943,0,0.342,0,40
3169,1785044622943,1785044622943,0,0.320,0,40
3170,1785044622943,1785044622943,0,0.300,0,40
3171,1785044622944,1785044622943,1,0.344,0,40
3172,1785044622944,1785044622943,1,0.323,0,40
3173,1785044622944,1785044622944,0,0.365,0,40
3174,1785044622944,1785044622944,0,0.342,0,40
3175,1785044622944,1785044622944,0,0.321,0,40
3176,1785044623070,1785044623069,1,0.363,0,40
3177,1785044623070,1785044623069,1,0.340,0,40
3178,1785044623070,1785044623070,0,0.382,0,40
3179,1785044623070,1785044623070,0,0.358,0,40
3180,1785044623070,1785044623070,0,0.335,0,40
3181,1785044623070,1785044623070,0,0.315,0,40
3182,1785044623071,1785044623070,1,0.357,0,40
3183,1785044623071,1785044623070,1,0.335,0,40
3184,1785044623071,1785044623071,0,0.377,0,40
3185,1785044623071,1785044623071,0,0.353,0,40
3186,1785044623071,1785044623071,0,0.331,0,40
3187,1785044623071,1785044623071,0,0.310,0,40
3188,1785044623198,1785044623197,1,0.353,0,40
3189,1785044623198,1785044623197,1,0.331,0,40
3190,1785044623198,1785044623198,0,0.373,0,40
3191,1785044623198,1785044623198,0,0.350,0,40
3192,1785044623198,1785044623198,0,0.328,0,40
3193,1785044623198,1785044623198,0,0.307,0,40
3194,1785044623198,1785044623198,0,0.288,0,40
3195,1785044623198,1785044623198,0,0.270,0,40
3196,1785044623199,1785044623198,1,0.316,0,40
3197,1785044623199,1785044623198,1,0.296,0,40
3198,1785044623199,1785044623198,1,0.278,0,40
3199,1785044623199,1785044623199,0,0.323,0,40
3200,1785044623199,1785044623199,0,0.303,0,40
3201,1785044623325,1785044623325,0,0.284,0,40
3202,1785044623326,1785044623325,1,0.328,0,40
3203,1785044623326,1785044623325,1,0.308,0,40
3204,1785044623326,1785044623326,0,0.351,0,40
3205,1785044623326,1785044623326,0,0.329,0,40
3206,1785044623326,1785044623326,0,0.309,0,40
3207,1785044623326,1785044623326,0,0.289,0,40
3208,1785044623326,1785044623326,0,0.271,0,40
3209,1785044623326,1785044623326,0,0.254,0,40
3210,1785044623326,1785044623326,0,0.238,0,40
3211,1785044623326,1785044623326,0,0.224,0,40
3212,1785044623326,1785044623326,0,0.210,0,40
3213,1785044623452,1785044623452,0,0.196,0,40
3214,1785044623452,1785044623452,0,0.184,0,40
3215,1785044623452,1785044623452,0,0.173,0,40
3216,1785044623453,1785044623452,1,0.224,0,40
3217,1785044623453,1785044623452,1,0.210,0,40
3218,1785044623453,1785044623452,1,0.197,0,40
3219,1785044623453,1785044623453,0,0.247,0,40
3220,1785044623453,1785044623453,0,0.232,0,40
3221,1785044623453,1785044623453,0,0.217,0,40
3222,1785044623453,1785044623453,0,0.204,0,40
3223,1785044623453,1785044623453,0,0.191,0,40
3224,1785044623453,1785044623453,0,0.179,0,40
3225,1785044623453,1785044623453,0,0.168,0,40
3226,1785044623454,1785044623453,1,0.220,0,40
3227,1785044623454,1785044623454,0,0.269,0,40
3228,1785044623454,1785044623454,0,0.252,0,40
3229,1785044623580,1785044623579,1,0.299,0,40
3230,1785044623580,1785044623579,1,0.280,0,40
3231,1785044623580,1785044623579,1,0.262,0,40
3232,1785044623580,1785044623579,1,0.246,0,40
3233,1785044623580,1785044623580,0,0.293,0,40
3234,1785044623580,1785044623580,0,0.275,0,40
3235,1785044623581,1785044623580,1,0.320,0,40
3236,1785044623581,1785044623580,1,0.300,0,40
3237,1785044623581,1785044623580,1,0.281,0,40
3238,1785044623581,1785044623581,0,0.326,0,40
3239,1785044623581,1785044623581,0,0.306,0,40
3240,1785044623581,1785044623581,0,0.287,0,40
3241,1785044623708,1785044623708,0,0.269,0,40
3242,1785044623709,1785044623708,1,0.315,0,40
3243,1785044623709,1785044623708,1,0.295,0,40
3244,1785044623709,1785044623708,1,0.276,0,40
3245,1785044623709,1785044623709,0,0.322,0,40
3246,1785044623709,1785044623709,0,0.302,0,40
3247,1785044623709,1785044623709,0,0.283,0,40
3248,1785044623710,1785044623709,1,0.328,0,40
3249,1785044623710,1785044623709,1,0.307,0,40
3250,1785044623710,1785044623710,0,0.350,0,40
3251,1785044623710,1785044623710,0,0.329,0,40
3252,1785044623710,1785044623710,0,0.308,0,40
3253,1785044623711,1785044623710,1,0.351,0,40
3254,1785044623836,1785044623836,0,0.392,0,40
3255,1785044623836,1785044623836,0,0.367,0,40
3256,1785044623836,1785044623836,0,0.344,0,40
3257,1785044623836,1785044623836,0,0.323,0,40
3258,1785044623837,1785044623837,0,0.303,0,40
3259,1785044623837,1785044623837,0,0.284,0,40
3260,1785044623837,1785044623837,0,0.266,0,40
3261,1785044623837,1785044623837,0,0.249,0,40
3262,1785044623837,1785044623837,0,0.234,0,40
3263,1785044623837,1785044623837,0,0.219,0,40
3264,1785044623837,1785044623837,0,0.205,0,40
3265,1785044623837,1785044623837,0,0.193,0,40
3266,1785044623963,1785044623963,0,0.181,0,40
3267,1785044623964,1785044623963,1,0.232,0,40
3268,1785044623964,1785044623963,1,0.217,0,40
3269,1785044623964,1785044623964,0,0.266,0,40
3270,1785044623964,1785044623964,0,0.250,0,40
3271,1785044623964,1785044623964,0,0.234,0,40
3272,1785044623964,1785044623964,0,0.219,0,40
3273,1785044623965,1785044623965,0,0.206,0,40
3274,1785044623965,1785044623965,0,0.193,0,40
3275,1785044623965,1785044623965,0,0.181,0,40
3276,1785044623966,1785044623965,1,0.232,0,40
3277,1785044623966,1785044623966,0,0.280,0,40
3278,1785044623966,1785044623966,0,0.262,0,40
3279,1785044624091,1785044624091,0,0.246,0,40
3280,1785044624091,1785044624091,0,0.231,0,40
3281,1785044624091,1785044624091,0,0.216,0,40
3282,1785044624091,1785044624091,0,0.203,0,40
3283,1785044624091,1785044624091,0,0.190,0,40
3284,1785044624091,1785044624091,0,0.178,0,40
3285,1785044624091,1785044624091,0,0.167,0,40
3286,1785044624091,1785044624091,0,0.157,0,40
3287,1785044624091,1785044624091,0,0.147,0,40
3288,1785044624093,1785044624091,2,0.263,0,40
3289,1785044624093,1785044624093,0,0.371,0,40
3290,1785044624093,1785044624093,0,0.348,0,40
3291,1785044624218,1785044624218,0,0.326,0,40
3292,1785044624218,1785044624218,0,0.306,0,40
3293,1785044624218,1785044624218,0,0.287,0,40
3294,1785044624218,1785044624218,0,0.269,0,40
3295,1785044624219,1785044624218,1,0.315,0,40
3296,1785044624219,1785044624219,0,0.357,0,40
3297,1785044624219,1785044624219,0,0.335,0,40
3298,1785044624220,1785044624219,1,0.377,0,40
3299,1785044624220,1785044624220,0,0.416,0,40
3300,1785044624220,1785044624220,0,0.390,0,40
3301,1785044624220,1785044624220,0,0.365,0,40
3302,1785044624221,1785044624220,1,0.405,0,40
3303,1785044624221,1785044624221,0,0.442,0,40
3304,1785044624348,1785044624347,1,0.477,0,40
3305,1785044624349,1785044624347,2,0.510,0,40
3306,1785044624349,1785044624348,1,0.540,0,40
3307,1785044624349,1785044624348,1,0.507,0,40
3308,1785044624349,1785044624349,0,0.537,0,40
3309,1785044624349,1785044624349,0,0.504,0,40
3310,1785044624350,1785044624349,1,0.535,0,40
3311,1785044624350,1785044624349,1,0.501,0,40
3312,1785044624350,1785044624350,0,0.533,0,40
3313,1785044624350,1785044624350,0,0.499,0,40
3314,1785044624350,1785044624350,0,0.468,0,40
3315,1785044624350,1785044624350,0,0.439,0,40
3316,1785044624477,1785044624476,1,0.474,0,40
3317,1785044624477,1785044624477,0,0.507,0,40
3318,1785044624479,1785044624478,1,0.538,0,40
3319,1785044624479,1785044624479,0,0.566,0,40
3320,1785044624479,1785044624479,0,0.531,0,40
3321,1785044624479,1785044624479,0,0.498,0,40
3322,1785044624480,1785044624480,0,0.467,0,40
3323,1785044624480,1785044624480,0,0.438,0,40
3324,1785044624481,1785044624480,1,0.473,0,40
3325,1785044624481,1785044624481,0,0.506,0,40
3326,1785044624481,1785044624481,0,0.474,0,40
3327,1785044624482,1785044624481,1,0.507,0,40
3328,1785044624482,1785044624482,0,0.538,0,40
3329,1785044624483,1785044624482,1,0.567,0,40
3330,1785044624483,1785044624483,0,0.594,0,40
3331,1785044624483,1785044624483,0,0.557,0,40
3332,1785044624610,1785044624609,1,0.584,0,40
3333,1785044624610,1785044624609,1,0.548,0,40
3334,1785044624610,1785044624609,1,0.514,0,40
3335,1785044624610,1785044624609,1,0.481,0,40
3336,1785044624610,1785044624610,0,0.514,0,40
3337,1785044624610,1785044624610,0,0.482,0,40
3338,1785044624610,1785044624610,0,0.452,0,40
3339,1785044624610,1785044624610,0,0.423,0,40
3340,1785044624610,1785044624610,0,0.397,0,40
3341,1785044624610,1785044624610,0,0.372,0,40
3342,1785044624610,1785044624610,0,0.349,0,40
3343,1785044624611,1785044624610,1,0.390,0,40
3344,1785044624738,1785044624738,0,0.428,0,40
3345,1785044624738,1785044624738,0,0.401,0,40
3346,1785044624738,1785044624738,0,0.376,0,40
3347,1785044624738,1785044624738,0,0.352,0,40
3348,1785044624739,1785044624738,1,0.393,0,40
3349,1785044624739,1785044624739,0,0.431,0,40
3350,1785044624739,1785044624739,0,0.404,0,40
3351,1785044624739,1785044624739,0,0.379,0,40
3352,1785044624739,1785044624739,0,0.355,0,40
3353,1785044624739,1785044624739,0,0.333,0,40
3354,1785044624739,1785044624739,0,0.312,0,40
3355,1785044624740,1785044624739,1,0.355,0,40
3356,1785044624740,1785044624740,0,0.395,0,40
3357,1785044624867,1785044624866,1,0.433,0,40
3358,1785044624867,1785044624867,0,0.469,0,40
3359,1785044624869,1785044624867,2,0.564,0,40
3360,1785044624869,1785044624869,0,0.654,0,40
3361,1785044624869,1785044624869,0,0.613,0,40
3362,1785044624869,1785044624869,0,0.575,0,40
3363,1785044624869,1785044624869,0,0.539,0,40
3364,1785044624869,1785044624869,0,0.505,0,40
3365,1785044624870,1785044624869,1,0.536,0,40
3366,1785044624870,1785044624869,1,0.503,0,40
3367,1785044624870,1785044624869,1,0.471,0,40
3368,1785044624870,1785044624870,0,0.504,0,40
3369,1785044624997,1785044624996,1,0.535,0,40
3370,1785044624997,1785044624996,1,0.502,0,40
3371,1785044624997,1785044624996,1,0.470,0,40
3372,1785044624998,1785044624997,1,0.441,0,40
3373,1785044624998,1785044624997,1,0.413,0,40
3374,1785044624998,1785044624998,0,0.450,0,40
3375,1785044624998,1785044624998,0,0.422,0,40
3376,1785044624998,1785044624998,0,0.396,0,40
3377,1785044624999,1785044624999,0,0.371,0,40
3378,1785044624999,1785044624999,0,0.348,0,40
3379,1785044625000,1785044624999,1,0.388,0,40
3380,1785044625000,1785044625000,0,0.427,0,40
3381,1785044625000,1785044625000,0,0.400,0,40
3382,1785044625125,1785044625125,0,0.375,0,40
3383,1785044625125,1785044625125,0,0.352,0,40
3384,1785044625126,1785044625125,1,0.392,0,40
3385,1785044625126,1785044625125,1,0.368,0,40
3386,1785044625126,1785044625126,0,0.407,0,40
3387,1785044625126,1785044625126,0,0.382,0,40
3388,1785044625126,1785044625126,0,0.358,0,40
3389,1785044625126,1785044625126,0,0.335,0,40
3390,1785044625126,1785044625126,0,0.314,0,40
3391,1785044625126,1785044625126,0,0.295,0,40
3392,1785044625126,1785044625126,0,0.276,0,40
3393,1785044625128,1785044625126,2,0.384,0,40
3394,1785044625253,1785044625253,0,0.485,0,40
3395,1785044625254,1785044625253,1,0.517,0,40
3396,1785044625254,1785044625253,1,0.485,0,40
3397,1785044625254,1785044625254,0,0.517,0,40
3398,1785044625255,1785044625255,0,0.485,0,40
3399,1785044625255,1785044625255,0,0.455,0,40
3400,1785044625255,1785044625255,0,0.426,0,40
3401,1785044625256,1785044625255,1,0.462,0,40
3402,1785044625256,1785044625256,0,0.496,0,40
3403,1785044625256,1785044625256,0,0.465,0,40
3404,1785044625256,1785044625256,0,0.436,0,40
3405,1785044625256,1785044625256,0,0.408,0,40
3406,1785044625256,1785044625256,0,0.383,0,40
3407,1785044625256,1785044625256,0,0.359,0,40
3408,1785044625256,1785044625256,0,0.336,0,40
3409,1785044625256,1785044625256,0,0.315,0,40
3410,1785044625383,1785044625382,1,0.358,0,40
3411,1785044625383,1785044625382,1,0.336,0,40
3412,1785044625383,1785044625382,1,0.315,0,40
3413,1785044625383,1785044625382,1,0.295,0,40
3414,1785044625383,1785044625383,0,0.339,0,40
3415,1785044625384,1785044625383,1,0.381,0,40
3416,1785044625384,1785044625383,1,0.357,0,40
3417,1785044625384,1785044625384,0,0.397,0,40
3418,1785044625386,1785044625386,0,0.372,0,40
3419,1785044625386,1785044625386,0,0.349,0,40
3420,1785044625386,1785044625386,0,0.327,0,40
3421,1785044625387,1785044625386,1,0.369,0,40
3422,1785044625512,1785044625512,0,0.409,0,40
3423,1785044625512,1785044625512,0,0.383,0,40
3424,1785044625512,1785044625512,0,0.359,0,40
3425,1785044625512,1785044625512,0,0.337,0,40
3426,1785044625513,1785044625512,1,0.378,0,40
3427,1785044625513,1785044625513,0,0.417,0,40
3428,1785044625513,1785044625513,0,0.391,0,40
3429,1785044625513,1785044625513,0,0.366,0,40
3430,1785044625513,1785044625513,0,0.344,0,40
3431,1785044625515,1785044625513,2,0.447,0,40
3432,1785044625515,1785044625515,0,0.544,0,40
3433,1785044625515,1785044625515,0,0.510,0,40
3434,1785044625515,1785044625515,0,0.478,0,40
3435,1785044625640,1785044625640,0,0.448,0,40
3436,1785044625640,1785044625640,0,0.420,0,40
3437,1785044625641,1785044625640,1,0.457,0,40
3438,1785044625641,1785044625640,1,0.428,0,40
3439,1785044625641,1785044625640,1,0.401,0,40
3440,1785044625641,1785044625640,1,0.376,0,40
3441,1785044625641,1785044625641,0,0.415,0,40
3442,1785044625641,1785044625641,0,0.389,0,40
3443,1785044625641,1785044625641,0,0.365,0,40
3444,1785044625641,1785044625641,0,0.342,0,40
3445,1785044625641,1785044625641,0,0.321,0,40
3446,1785044625641,1785044625641,0,0.301,0,40
3447,1785044625766,1785044625766,0,0.282,0,40
3448,1785044625766,1785044625766,0,0.264,0,40
3449,1785044625767,1785044625766,1,0.310,0,40
3450,1785044625767,1785044625766,1,0.291,0,40
3451,1785044625767,1785044625766,1,0.273,0,40
3452,1785044625767,1785044625767,0,0.318,0,40
3453,1785044625767,1785044625767,0,0.298,0,40
3454,1785044625767,1785044625767,0,0.280,0,40
3455,1785044625767,1785044625767,0,0.262,0,40
3456,1785044625767,1785044625767,0,0.246,0,40
3457,1785044625767,1785044625767,0,0.230,0,40
3458,1785044625768,1785044625767,1,0.278,0,40
3459,1785044625768,1785044625767,1,0.261,0,40
3460,1785044625892,1785044625892,0,0.307,0,40
3461,1785044625892,1785044625892,0,0.288,0,40
3462,1785044625892,1785044625892,0,0.270,0,40
3463,1785044625894,1785044625892,2,0.378,0,40
3464,1785044625894,1785044625894,0,0.480,0,40
3465,1785044625894,1785044625894,0,0.450,0,40
3466,1785044625894,1785044625894,0,0.421,0,40
3467,1785044625894,1785044625894,0,0.395,0,40
3468,1785044625895,1785044625894,1,0.433,0,40
3469,1785044625895,1785044625895,0,0.468,0,40
3470,1785044625895,1785044625895,0,0.439,0,40
3471,1785044625895,1785044625895,0,0.412,0,40
3472,1785044626020,1785044626020,0,0.386,0,40
3473,1785044626021,1785044626020,1,0.424,0,40
3474,1785044626021,1785044626020,1,0.398,0,40
3475,1785044626021,1785044626020,1,0.373,0,40
3476,1785044626021,1785044626021,0,0.412,0,40
3477,1785044626021,1785044626021,0,0.386,0,40
3478,1785044626021,1785044626021,0,0.362,0,40
3479,1785044626022,1785044626021,1,0.402,0,40
3480,1785044626022,1785044626021,1,0.377,0,40
3481,1785044626022,1785044626022,0,0.416,0,40
3482,1785044626022,1785044626022,0,0.390,0,40
3483,1785044626022,1785044626022,0,0.366,0,40
3484,1785044626023,1785044626023,0,0.343,0,40
3485,1785044626146,1785044626146,0,0.321,0,0
3486,1785044626149,1785044626149,0,0.301,0,40
3487,1785044626149,1785044626149,0,0.282,0,40
3488,1785044626149,1785044626149,0,0.265,0,40
3489,1785044626150,1785044626149,1,0.311,0,40
3490,1785044626150,1785044626150,0,0.354,0,40
3491,1785044626150,1785044626150,0,0.332,0,40
3492,1785044626150,1785044626150,0,0.311,0,40
3493,1785044626150,1785044626150,0,0.291,0,40
3494,1785044626150,1785044626150,0,0.273,0,40
3495,1785044626150,1785044626150,0,0.256,0,40
3496,1785044626150,1785044626150,0,0.240,0,40
3497,1785044626150,1785044626150,0,0.225,0,40
3498,1785044626276,1785044626276,0,0.211,0,40
3499,1785044626276,1785044626276,0,0.198,0,40
3500,1785044626276,1785044626276,0,0.186,0,40
3501,1785044626278,1785044626276,2,0.299,0,40
3502,1785044626278,1785044626276,2,0.280,0,40
3503,1785044626278,1785044626278,0,0.388,0,40
3504,1785044626278,1785044626278,0,0.364,0,40
3505,1785044626278,1785044626278,0,0.341,0,40
3506,1785044626279,1785044626278,1,0.382,0,40
3507,1785044626279,1785044626279,0,0.421,0,40
3508,1785044626280,1785044626279,1,0.457,0,40
3509,1785044626280,1785044626280,0,0.491,0,40
3510,1785044626280,1785044626280,0,0.460,0,40
3511,1785044626405,1785044626405,0,0.431,0,40
3512,1785044626405,1785044626405,0,0.404,0,40
3513,1785044626405,1785044626405,0,0.379,0,40
3514,1785044626405,1785044626405,0,0.355,0,40
3515,1785044626405,1785044626405,0,0.333,0,40
3516,1785044626406,1785044626405,1,0.375,0,40
3517,1785044626406,1785044626406,0,0.414,0,40
3518,1785044626406,1785044626406,0,0.388,0,40
3519,1785044626406,1785044626406,0,0.364,0,40
3520,1785044626406,1785044626406,0,0.341,0,40
3521,1785044626406,1785044626406,0,0.320,0,40
3522,1785044626406,1785044626406,0,0.300,0,40
3523,1785044626531,1785044626531,0,0.281,0,40
3524,1785044626532,1785044626531,1,0.326,0,40
3525,1785044626532,1785044626532,0,0.368,0,40
3526,1785044626532,1785044626532,0,0.345,0,40
3527,1785044626532,1785044626532,0,0.324,0,40
3528,1785044626532,1785044626532,0,0.303,0,40
3529,1785044626532,1785044626532,0,0.284,0,40
3530,1785044626532,1785044626532,0,0.267,0,40
3531,1785044626532,1785044626532,0,0.250,0,40
3532,1785044626532,1785044626532,0,0.234,0,40
3533,1785044626532,1785044626532,0,0.220,0,40
3534,1785044626534,1785044626532,2,0.331,0,40
3535,1785044626534,1785044626534,0,0.435,0,40
3536,1785044626660,1785044626660,0,0.408,0,40
3537,1785044626661,1785044626660,1,0.445,0,40
3538,1785044626661,1785044626660,1,0.417,0,40
3539,1785044626661,1785044626661,0,0.454,0,40
3540,1785044626661,1785044626661,0,0.425,0,40
3541,1785044626661,1785044626661,0,0.399,0,40
3542,1785044626661,1785044626661,0,0.374,0,40
3543,1785044626662,1785044626661,1,0.413,0,40
3544,1785044626662,1785044626661,1,0.387,0,40
3545,1785044626662,1785044626662,0,0.425,0,40
3546,1785044626662,1785044626662,0,0.399,0,40
3547,1785044626662,1785044626662,0,0.374,0,40
3548,1785044626789,1785044626788,1,0.413,0,40
3549,1785044626789,1785044626788,1,0.387,0,40
3550,1785044626789,1785044626788,1,0.363,0,40
3551,1785044626789,1785044626788,1,0.340,0,40
3552,1785044626789,1785044626789,0,0.382,0,40
3553,1785044626789,1785044626789,0,0.358,0,40
3554,1785044626790,1785044626789,1,0.398,0,40
3555,1785044626790,1785044626789,1,0.373,0,40
3556,1785044626790,1785044626790,0,0.412,0,40
3557,1785044626790,1785044626790,0,0.386,0,40
3558,1785044626791,1785044626790,1,0.425,0,40
3559,1785044626791,1785044626791,0,0.461,0,40
3560,1785044626791,1785044626791,0,0.432,0,40
3561,1785044626791,1785044626791,0,0.405,0,40
3562,1785044626791,1785044626791,0,0.380,0,40
3563,1785044626791,1785044626791,0,0.356,0,40
3564,1785044626917,1785044626916,1,0.396,0,40
3565,1785044626917,1785044626917,0,0.434,0,40
3566,1785044626918,1785044626918,0,0.407,0,40
3567,1785044626918,1785044626918,0,0.381,0,40
3568,1785044626918,1785044626918,0,0.358,0,40
3569,1785044626918,1785044626918,0,0.335,0,40
3570,1785044626918,1785044626918,0,0.314,0,40
3571,1785044626918,1785044626918,0,0.295,0,40
3572,1785044626919,1785044626918,1,0.339,0,40
3573,1785044627045,1785044627045,0,0.380,0,40
3574,1785044627046,1785044627045,1,0.419,0,40
3575,1785044627046,1785044627045,1,0.393,0,40
3576,1785044627046,1785044627046,0,0.431,0,40
3577,1785044627046,1785044627046,0,0.404,0,40
3578,1785044627047,1785044627046,1,0.441,0,40
3579,1785044627047,1785044627046,1,0.413,0,40
3580,1785044627047,1785044627046,1,0.388,0,40
3581,1785044627047,1785044627047,0,0.426,0,40
3582,1785044627047,1785044627047,0,0.399,0,40
3583,1785044627047,1785044627047,0,0.374,0,40
3584,1785044627048,1785044627047,1,0.413,0,40
3585,1785044627048,1785044627048,0,0.450,0,40
3586,1785044627048,1785044627048,0,0.422,0,40
3587,1785044627048,1785044627048,0,0.396,0,40
3588,1785044627048,1785044627048,0,0.371,0,40
3589,1785044627174,1785044627174,0,0.348,0,40
3590,1785044627175,1785044627174,1,0.388,0,40
3591,1785044627175,1785044627175,0,0.427,0,40
3592,1785044627175,1785044627175,0,0.400,0,40
3593,1785044627175,1785044627175,0,0.375,0,40
3594,1785044627175,1785044627175,0,0.352,0,40
3595,1785044627175,1785044627175,0,0.330,0,40
3596,1785044627175,1785044627175,0,0.309,0,40
3597,1785044627175,1785044627175,0,0.290,0,40
3598,1785044627177,1785044627175,2,0.397,0,40
3599,1785044627177,1785044627175,2,0.372,0,40
3600,1785044627177,1785044627177,0,0.474,0,40
3601,1785044627177,1785044627177,0,0.444,0,40
3602,1785044627303,1785044627302,1,0.479,0,40
3603,1785044627303,1785044627302,1,0.449,0,40
3604,1785044627303,1785044627302,1,0.421,0,40
3605,1785044627303,1785044627303,0,0.457,0,40
3606,1785044627303,1785044627303,0,0.428,0,40
3607,1785044627303,1785044627303,0,0.402,0,40
3608,1785044627303,1785044627303,0,0.376,0,40
3609,1785044627304,1785044627304,0,0.353,0,40
3610,1785044627304,1785044627304,0,0.331,0,40
3611,1785044627304,1785044627304,0,0.310,0,40
3612,1785044627304,1785044627304,0,0.291,0,40
3613,1785044627304,1785044627304,0,0.273,0,40
3614,1785044627430,1785044627430,0,0.256,0,40
3615,1785044627430,1785044627430,0,0.240,0,40
3616,1785044627430,1785044627430,0,0.225,0,40
3617,1785044627431,1785044627430,1,0.273,0,40
3618,1785044627431,1785044627431,0,0.319,0,40
3619,1785044627431,1785044627431,0,0.299,0,40
3620,1785044627431,1785044627431,0,0.280,0,40
3621,1785044627431,1785044627431,0,0.262,0,40
3622,1785044627431,1785044627431,0,0.246,0,40
3623,1785044627432,1785044627431,1,0.293,0,40
3624,1785044627432,1785044627431,1,0.275,0,40
3625,1785044627432,1785044627432,0,0.320,0,40
3626,1785044627432,1785044627432,0,0.300,0,40
3627,1785044627559,1785044627558,1,0.344,0,40
3628,1785044627559,1785044627559,0,0.385,0,40
3629,1785044627559,1785044627559,0,0.361,0,40
3630,1785044627559,1785044627559,0,0.338,0,40
3631,1785044627559,1785044627559,0,0.317,0,40
3632,1785044627559,1785044627559,0,0.297,0,40
3633,1785044627559,1785044627559,0,0.279,0,40
3634,1785044627559,1785044627559,0,0.261,0,40
3635,1785044627559,1785044627559,0,0.245,0,40
3636,1785044627560,1785044627559,1,0.292,0,40
3637,1785044627560,1785044627559,1,0.274,0,40
3638,1785044627560,1785044627560,0,0.319,0,40
3639,1785044627686,1785044627686,0,0.299,0,40
3640,1785044627688,1785044627686,2,0.406,0,40
3641,1785044627688,1785044627686,2,0.380,0,40
3642,1785044627688,1785044627688,0,0.482,0,40
3643,1785044627688,1785044627688,0,0.451,0,40
3644,1785044627688,1785044627688,0,0.423,0,40
3645,1785044627689,1785044627688,1,0.459,0,40
3646,1785044627689,1785044627689,0,0.493,0,40
3647,1785044627689,1785044627689,0,0.462,0,40
3648,1785044627689,1785044627689,0,0.433,0,40
3649,1785044627689,1785044627689,0,0.406,0,40
3650,1785044627690,1785044627689,1,0.443,0,40
3651,1785044627690,1785044627690,0,0.478,0,40
3652,1785044627816,1785044627815,1,0.511,0,40
3653,1785044627816,1785044627815,1,0.479,0,40
3654,1785044627816,1785044627815,1,0.449,0,40
3655,1785044627816,1785044627816,0,0.483,0,40
3656,1785044627816,1785044627816,0,0.453,0,40
3657,1785044627816,1785044627816,0,0.425,0,40
3658,1785044627816,1785044627816,0,0.398,0,40
3659,1785044627816,1785044627816,0,0.373,0,40
3660,1785044627816,1785044627816,0,0.350,0,40
3661,1785044627817,1785044627816,1,0.391,0,40
3662,1785044627817,1785044627817,0,0.429,0,40
3663,1785044627817,1785044627817,0,0.402,0,40
3664,1785044627943,1785044627943,0,0.377,0,40
3665,1785044627944,1785044627943,1,0.416,0,40
3666,1785044627944,1785044627944,0,0.452,0,40
3667,1785044627945,1785044627945,0,0.424,0,40
3668,1785044627945,1785044627945,0,0.398,0,40
3669,1785044627946,1785044627945,1,0.435,0,40
3670,1785044627946,1785044627946,0,0.470,0,40
3671,1785044627946,1785044627946,0,0.441,0,40
3672,1785044627946,1785044627946,0,0.414,0,40
3673,1785044627946,1785044627946,0,0.388,0,40
3674,1785044627946,1785044627946,0,0.363,0,40
3675,1785044627948,1785044627946,2,0.466,0,40
3676,1785044627948,1785044627948,0,0.562,0,40
3677,1785044627948,1785044627948,0,0.527,0,40
3678,1785044627949,1785044627949,0,0.494,0,40
3679,1785044627949,1785044627949,0,0.463,0,40
3680,1785044628075,1785044628074,1,0.496,0,40
3681,1785044628075,1785044628075,0,0.528,0,40
3682,1785044628076,1785044628075,1,0.557,0,40
3683,1785044628076,1785044628075,1,0.522,0,40
3684,1785044628076,1785044628075,1,0.490,0,40
3685,1785044628077,1785044628076,1,0.459,0,40
3686,1785044628077,1785044628077,0,0.493,0,40
3687,1785044628077,1785044628077,0,0.462,0,40
3688,1785044628077,1785044628077,0,0.433,0,40
3689,1785044628204,1785044628203,1,0.469,0,40
3690,1785044628204,1785044628203,1,0.439,0,40
3691,1785044628204,1785044628204,0,0.474,0,40
3692,1785044628205,1785044628204,1,0.507,0,40
3693,1785044628205,1785044628204,1,0.476,0,40
3694,1785044628205,1785044628205,0,0.508,0,40
3695,1785044628205,1785044628205,0,0.477,0,40
3696,1785044628205,1785044628205,0,0.447,0,40
3697,1785044628206,1785044628205,1,0.481,0,40
3698,1785044628206,1785044628206,0,0.514,0,40
3699,1785044628206,1785044628206,0,0.482,0,40
3700,1785044628207,1785044628206,1,0.514,0,40
3701,1785044628207,1785044628207,0,0.544,0,40
3702,1785044628207,1785044628207,0,0.510,0,40
3703,1785044628207,1785044628207,0,0.479,0,40
3704,1785044628207,1785044628207,0,0.449,0,40
3705,1785044628333,1785044628333,0,0.421,0,40
3706,1785044628333,1785044628333,0,0.394,0,40
3707,1785044628333,1785044628333,0,0.370,0,40
3708,1785044628333,1785044628333,0,0.347,0,40
3709,1785044628333,1785044628333,0,0.325,0,40
3710,1785044628334,1785044628334,0,0.305,0,40
3711,1785044628334,1785044628334,0,0.286,0,40
3712,1785044628334,1785044628334,0,0.268,0,40
3713,1785044628335,1785044628335,0,0.251,0,40
3714,1785044628336,1785044628335,1,0.298,0,40
3715,1785044628336,1785044628336,0,0.342,0,40
3716,1785044628336,1785044628336,0,0.320,0,40
3717,1785044628464,1785044628463,1,0.363,0,40
3718,1785044628464,1785044628463,1,0.340,0,40
3719,1785044628464,1785044628463,1,0.319,0,40
3720,1785044628464,1785044628464,0,0.361,0,40
3721,1785044628464,1785044628464,0,0.339,0,40
3722,1785044628465,1785044628464,1,0.380,0,40
3723,1785044628465,1785044628464,1,0.356,0,40
3724,1785044628465,1785044628465,0,0.397,0,40
3725,1785044628465,1785044628465,0,0.372,0,40
3726,1785044628465,1785044628465,0,0.349,0,40
3727,1785044628466,1785044628466,0,0.327,0,40
3728,1785044628466,1785044628466,0,0.306,0,40
3729,1785044628466,1785044628466,0,0.287,0,40
3730,1785044628591,1785044628591,0,0.269,0,40
3731,1785044628593,1785044628591,2,0.377,0,40
3732,1785044628593,1785044628591,2,0.354,0,40
3733,1785044628593,1785044628591,2,0.332,0,40
3734,1785044628593,1785044628591,2,0.311,0,40
3735,1785044628593,1785044628591,2,0.292,0,40
3736,1785044628593,1785044628593,0,0.398,0,40
3737,1785044628593,1785044628593,0,0.373,0,40
3738,1785044628593,1785044628593,0,0.350,0,40
3739,1785044628594,1785044628593,1,0.391,0,40
3740,1785044628594,1785044628594,0,0.429,0,40
3741,1785044628594,1785044628594,0,0.402,0,40
3742,1785044628720,1785044628720,0,0.377,0,40
3743,1785044628851,1785044628720,131,8.541,0,40
3744,1785044628851,1785044628720,131,8.007,0,40
3745,1785044628851,1785044628720,131,7.507,0,40
3746,1785044628851,1785044628720,131,7.037,0,40
3747,1785044628851,1785044628720,131,6.598,0,40
3748,1785044628851,1785044628720,131,6.185,0,40
3749,1785044628851,1785044628720,131,5.799,0,40
3750,1785044628851,1785044628720,131,5.436,0,40
3751,1785044628851,1785044628720,131,5.096,0,40
3752,1785044628851,1785044628720,131,4.778,0,40
3753,1785044628851,1785044628720,131,4.479,0,40
3754,1785044628851,1785044628720,131,4.199,0,40
3755,1785044628851,1785044628846,5,11.812,0,40
3756,1785044628851,1785044628846,5,11.074,0,40
3757,1785044628851,1785044628846,5,10.382,0,40
3758,1785044628851,1785044628846,5,9.733,0,40
3759,1785044628851,1785044628846,5,9.124,0,40
3760,1785044628851,1785044628846,5,8.554,0,40
3761,1785044628851,1785044628846,5,8.020,0,40
3762,1785044628851,1785044628846,5,7.518,0,40
3763,1785044628852,1785044628846,6,7.111,0,40
3764,1785044628852,1785044628846,6,6.666,0,40
3765,1785044628852,1785044628847,5,6.312,0,40
3766,1785044628852,1785044628847,5,5.918,0,40
3767,1785044628972,1785044628972,0,5.860,0,40
3768,1785044628972,1785044628972,0,5.494,0,40
3769,1785044628972,1785044628972,0,5.151,0,40
3770,1785044628972,1785044628972,0,4.829,0,40
3771,1785044628973,1785044628973,0,4.527,0,40
3772,1785044628973,1785044628973,0,4.244,0,40
3773,1785044628973,1785044628973,0,3.979,0,40
3774,1785044628973,1785044628973,0,3.730,0,40
3775,1785044628973,1785044628973,0,3.497,0,40
3776,1785044628973,1785044628973,0,3.278,0,40
3777,1785044628974,1785044628973,1,3.136,0,40
3778,1785044628974,1785044628974,0,3.003,0,40
3779,1785044628974,1785044628974,0,2.815,0,40
3780,1785044629099,1785044629099,0,2.639,0,40
3781,1785044629101,1785044629099,2,2.599,0,40
3782,1785044629101,1785044629099,2,2.437,0,40
3783,1785044629101,1785044629101,0,2.409,0,40
3784,1785044629101,1785044629101,0,2.259,0,40
3785,1785044629101,1785044629101,0,2.118,0,40
3786,1785044629101,1785044629101,0,1.985,0,40
3787,1785044629101,1785044629101,0,1.861,0,40
3788,1785044629101,1785044629101,0,1.745,0,40
3789,1785044629101,1785044629101,0,1.636,0,40
3790,1785044629101,1785044629101,0,1.534,0,40
3791,1785044629102,1785044629101,1,1.500,0,40
3792,1785044629229,1785044629228,1,1.406,0,40
3793,1785044629229,1785044629228,1,1.319,0,40
3794,1785044629229,1785044629229,0,1.299,0,40
3795,1785044629229,1785044629229,0,1.217,0,40
3796,1785044629229,1785044629229,0,1.141,0,40
3797,1785044629229,1785044629229,0,1.070,0,40
3798,1785044629229,1785044629229,0,1.003,0,40
3799,1785044629229,1785044629229,0,0.940,0,40
3800,1785044629229,1785044629229,0,0.882,0,40
3801,1785044629229,1785044629229,0,0.827,0,40
3802,1785044629230,1785044629229,1,0.837,0,40
3803,1785044629230,1785044629230,0,0.848,0,40
3804,1785044629230,1785044629230,0,0.795,0,40
3805,1785044629230,1785044629230,0,0.745,0,40
3806,1785044629230,1785044629230,0,0.698,0,40
3807,1785044629230,1785044629230,0,0.655,0,40
3808,1785044629356,1785044629356,0,0.614,0,40
3809,1785044629356,1785044629356,0,0.575,0,40
3810,1785044629357,1785044629356,1,0.602,0,40
3811,1785044629357,1785044629357,0,0.627,0,40
3812,1785044629357,1785044629357,0,0.588,0,40
3813,1785044629357,1785044629357,0,0.551,0,40
3814,1785044629357,1785044629357,0,0.517,0,40
3815,1785044629357,1785044629357,0,0.484,0,40
3816,1785044629357,1785044629357,0,0.454,0,40
3817,1785044629483,1785044629483,0,0.426,0,40
3818,1785044629484,1785044629483,1,0.461,0,40
3819,1785044629484,1785044629483,1,0.433,0,40
3820,1785044629484,1785044629484,0,0.468,0,40
3821,1785044629484,1785044629484,0,0.439,0,40
3822,1785044629484,1785044629484,0,0.411,0,40
3823,1785044629484,1785044629484,0,0.386,0,40
3824,1785044629484,1785044629484,0,0.362,0,40
3825,1785044629485,1785044629485,0,0.339,0,40
3826,1785044629485,1785044629485,0,0.318,0,40
3827,1785044629485,1785044629485,0,0.298,0,40
3828,1785044629485,1785044629485,0,0.279,0,40
3829,1785044629485,1785044629485,0,0.262,0,40
3830,1785044629486,1785044629485,1,0.308,0,40
3831,1785044629486,1785044629486,0,0.351,0,40
3832,1785044629486,1785044629486,0,0.329,0,40
3833,1785044629613,1785044629611,2,0.434,0,40
3834,1785044629613,1785044629611,2,0.407,0,40
3835,1785044629613,1785044629613,0,0.506,0,40
3836,1785044629614,1785044629613,1,0.537,0,40
3837,1785044629614,1785044629613,1,0.503,0,40
3838,1785044629614,1785044629614,0,0.535,0,40
3839,1785044629614,1785044629614,0,0.501,0,40
3840,1785044629614,1785044629614,0,0.470,0,40
3841,1785044629615,1785044629615,0,0.440,0,40
3842,1785044629615,1785044629615,0,0.413,0,40
3843,1785044629615,1785044629615,0,0.387,0,40
3844,1785044629616,1785044629616,0,0.363,0,40
3845,1785044629741,1785044629741,0,0.340,0,40
3846,1785044629742,1785044629741,1,0.381,0,40
3847,1785044629742,1785044629742,0,0.420,0,40
3848,1785044629742,1785044629742,0,0.394,0,40
3849,1785044629742,1785044629742,0,0.369,0,40
3850,1785044629742,1785044629742,0,0.346,0,40
3851,1785044629743,1785044629742,1,0.387,0,40
3852,1785044629743,1785044629743,0,0.425,0,40
3853,1785044629743,1785044629743,0,0.399,0,40
3854,1785044629743,1785044629743,0,0.374,0,40
3855,1785044629743,1785044629743,0,0.350,0,40
3856,1785044629744,1785044629743,1,0.391,0,40
3857,1785044629744,1785044629744,0,0.429,0,40
3858,1785044629869,1785044629869,0,0.402,0,40
3859,1785044629869,1785044629869,0,0.377,0,40
3860,1785044629870,1785044629870,0,0.354,0,40
3861,1785044629870,1785044629870,0,0.331,0,40
3862,1785044629871,1785044629870,1,0.373,0,40
3863,1785044629871,1785044629870,1,0.350,0,40
3864,1785044629872,1785044629871,1,0.328,0,40
3865,1785044629872,1785044629871,1,0.308,0,40
3866,1785044629877,1785044629872,5,0.538,0,40
3867,1785044629877,1785044629873,4,0.567,0,40
3868,1785044629877,1785044629873,4,0.532,0,40
3869,1785044629877,1785044629873,4,0.499,0,40
3870,1785044630000,1785044629999,1,0.655,0,40
3871,1785044630000,1785044630000,0,0.676,0,40
3872,1785044630000,1785044630000,0,0.634,0,40
3873,1785044630000,1785044630000,0,0.595,0,40
3874,1785044630001,1785044630001,0,0.557,0,40
3875,1785044630001,1785044630001,0,0.523,0,40
3876,1785044630001,1785044630001,0,0.490,0,40
3877,1785044630001,1785044630001,0,0.459,0,40
3878,1785044630001,1785044630001,0,0.431,0,40
3879,1785044630002,1785044630001,1,0.466,0,40
3880,1785044630002,1785044630001,1,0.437,0,40
3881,1785044630002,1785044630002,0,0.472,0,40
3882,1785044630002,1785044630002,0,0.443,0,40
3883,1785044630128,1785044630128,0,0.415,0,40
3884,1785044630128,1785044630128,0,0.389,0,40
3885,1785044630128,1785044630128,0,0.365,0,40
3886,1785044630129,1785044630128,1,0.404,0,40
3887,1785044630129,1785044630128,1,0.379,0,40
3888,1785044630129,1785044630128,1,0.355,0,40
3889,1785044630129,1785044630129,0,0.396,0,40
3890,1785044630129,1785044630129,0,0.371,0,40
3891,1785044630129,1785044630129,0,0.348,0,40
3892,1785044630129,1785044630129,0,0.326,0,40
3893,1785044630129,1785044630129,0,0.306,0,40
3894,1785044630129,1785044630129,0,0.287,0,40
3895,1785044630255,1785044630255,0,0.269,0,40
3896,1785044630255,1785044630255,0,0.252,0,40
3897,1785044630256,1785044630255,1,0.299,0,40
3898,1785044630256,1785044630255,1,0.280,0,40
3899,1785044630256,1785044630256,0,0.325,0,40
3900,1785044630256,1785044630256,0,0.305,0,40
3901,1785044630256,1785044630256,0,0.286,0,40
3902,1785044630257,1785044630257,0,0.268,0,40
3903,1785044630257,1785044630257,0,0.251,0,40
3904,1785044630257,1785044630257,0,0.235,0,40
3905,1785044630258,1785044630257,1,0.283,0,40
3906,1785044630258,1785044630258,0,0.328,0,40
3907,1785044630258,1785044630258,0,0.307,0,40
3908,1785044630385,1785044630384,1,0.351,0,40
3909,1785044630386,1785044630385,1,0.329,0,40
3910,1785044630387,1785044630387,0,0.371,0,40
3911,1785044630387,1785044630387,0,0.348,0,40
3912,1785044630387,1785044630387,0,0.326,0,40
3913,1785044630387,1785044630387,0,0.306,0,40
3914,1785044630388,1785044630387,1,0.349,0,40
3915,1785044630388,1785044630388,0,0.390,0,40
3916,1785044630388,1785044630388,0,0.365,0,40
3917,1785044630389,1785044630388,1,0.405,0,40
3918,1785044630389,1785044630389,0,0.442,0,40
3919,1785044630389,1785044630389,0,0.414,0,40
3920,1785044630515,1785044630515,0,0.389,0,40
3921,1785044630516,1785044630515,1,0.427,0,40
3922,1785044630516,1785044630516,0,0.463,0,40
3923,1785044630516,1785044630516,0,0.434,0,40
3924,1785044630517,1785044630517,0,0.407,0,40
3925,1785044630517,1785044630517,0,0.381,0,40
3926,1785044630518,1785044630517,1,0.420,0,40
3927,1785044630519,1785044630519,0,0.456,0,40
3928,1785044630519,1785044630519,0,0.428,0,40
3929,1785044630519,1785044630519,0,0.401,0,40
3930,1785044630519,1785044630519,0,0.376,0,40
3931,1785044630520,1785044630519,1,0.415,0,40
3932,1785044630520,1785044630520,0,0.451,0,40
3933,1785044630520,1785044630520,0,0.423,0,40
3934,1785044630520,1785044630520,0,0.397,0,40
3935,1785044630520,1785044630520,0,0.372,0,40
3936,1785044630646,1785044630646,0,0.349,0,40
3937,1785044630646,1785044630646,0,0.327,0,40
3938,1785044630648,1785044630646,2,0.431,0,40
3939,1785044630648,1785044630646,2,0.405,0,40
3940,1785044630648,1785044630648,0,0.504,0,40
3941,1785044630648,1785044630648,0,0.473,0,40
3942,1785044630648,1785044630648,0,0.443,0,40
3943,1785044630648,1785044630648,0,0.415,0,40
3944,1785044630649,1785044630648,1,0.452,0,40
3945,1785044630649,1785044630649,0,0.486,0,40
3946,1785044630649,1785044630649,0,0.456,0,40
3947,1785044630649,1785044630649,0,0.427,0,40
3948,1785044630775,1785044630775,0,0.401,0,40
3949,1785044630775,1785044630775,0,0.376,0,40
3950,1785044630775,1785044630775,0,0.352,0,40
3951,1785044630776,1785044630775,1,0.393,0,40
3952,1785044630776,1785044630776,0,0.431,0,40
3953,1785044630776,1785044630776,0,0.404,0,40
3954,1785044630776,1785044630776,0,0.378,0,40
3955,1785044630776,1785044630776,0,0.355,0,40
3956,1785044630776,1785044630776,0,0.333,0,40
3957,1785044630776,1785044630776,0,0.312,0,40
3958,1785044630776,1785044630776,0,0.292,0,40
3959,1785044630776,1785044630776,0,0.274,0,40
3960,1785044630776,1785044630776,0,0.257,0,40
3961,1785044630903,1785044630902,1,0.303,0,40
3962,1785044630903,1785044630902,1,0.284,0,40
3963,1785044630903,1785044630902,1,0.267,0,40
3964,1785044630903,1785044630903,0,0.312,0,40
3965,1785044630903,1785044630903,0,0.293,0,40
3966,1785044630904,1785044630903,1,0.337,0,40
3967,1785044630904,1785044630903,1,0.316,0,40
3968,1785044630904,1785044630904,0,0.359,0,40
3969,1785044630904,1785044630904,0,0.336,0,40
3970,1785044630904,1785044630904,0,0.315,0,40
3971,1785044630905,1785044630904,1,0.358,0,40
3972,1785044630905,1785044630905,0,0.398,0,40
3973,1785044631030,1785044631030,0,0.373,0,40
3974,1785044631030,1785044631030,0,0.350,0,40
3975,1785044631030,1785044631030,0,0.328,0,40
3976,1785044631030,1785044631030,0,0.308,0,40
3977,1785044631030,1785044631030,0,0.288,0,40
3978,1785044631031,1785044631031,0,0.270,0,40
3979,1785044631031,1785044631031,0,0.253,0,40
3980,1785044631031,1785044631031,0,0.238,0,40
3981,1785044631031,1785044631031,0,0.223,0,40
3982,1785044631031,1785044631031,0,0.209,0,40
3983,1785044631032,1785044631032,0,0.196,0,40
3984,1785044631032,1785044631032,0,0.184,0,40
3985,1785044631032,1785044631032,0,0.172,0,40
3986,1785044631146,1785044631146,0,0.161,0,0
3987,1785044631158,1785044631158,0,0.151,0,40
3988,1785044631158,1785044631158,0,0.142,0,40
3989,1785044631158,1785044631158,0,0.133,0,40
3990,1785044631158,1785044631158,0,0.125,0,40
3991,1785044631158,1785044631158,0,0.117,0,40
3992,1785044631160,1785044631158,2,0.235,0,40
3993,1785044631160,1785044631158,2,0.220,0,40
3994,1785044631160,1785044631160,0,0.331,0,40
3995,1785044631160,1785044631160,0,0.310,0,40
3996,1785044631160,1785044631160,0,0.291,0,40
3997,1785044631160,1785044631160,0,0.273,0,40
3998,1785044631161,1785044631160,1,0.318,0,40
3999,1785044631286,1785044631286,0,0.361,0,40
4000,1785044631286,1785044631286,0,0.338,0,40
4001,1785044631286,1785044631286,0,0.317,0,40
4002,1785044631286,1785044631286,0,0.297,0,40
4003,1785044631286,1785044631286,0,0.279,0,40
4004,1785044631286,1785044631286,0,0.261,0,40
4005,1785044631288,1785044631286,2,0.370,0,40
4006,1785044631288,1785044631288,0,0.472,0,40
4007,1785044631290,1785044631290,0,0.442,0,40
4008,1785044631290,1785044631290,0,0.415,0,40
4009,1785044631290,1785044631290,0,0.389,0,40
4010,1785044631290,1785044631290,0,0.365,0,40
4011,1785044631290,1785044631290,0,0.342,0,40
4012,1785044631291,1785044631291,0,0.320,0,40
4013,1785044631291,1785044631291,0,0.300,0,40
4014,1785044631291,1785044631291,0,0.282,0,40
4015,1785044631418,1785044631418,0,0.264,0,40
4016,1785044631418,1785044631418,0,0.247,0,40
4017,1785044631418,1785044631418,0,0.232,0,40
4018,1785044631419,1785044631418,1,0.280,0,40
4019,1785044631419,1785044631419,0,0.325,0,40
4020,1785044631419,1785044631419,0,0.305,0,40
4021,1785044631419,1785044631419,0,0.286,0,40
4022,1785044631419,1785044631419,0,0.268,0,40
4023,1785044631419,1785044631419,0,0.251,0,40
4024,1785044631419,1785044631419,0,0.235,0,40
4025,1785044631420,1785044631419,1,0.283,0,40
4026,1785044631420,1785044631420,0,0.328,0,40
4027,1785044631420,1785044631420,0,0.307,0,40
4028,1785044631546,1785044631546,0,0.288,0,40
4029,1785044631546,1785044631546,0,0.270,0,40
4030,1785044631546,1785044631546,0,0.253,0,40
4031,1785044631546,1785044631546,0,0.238,0,40
4032,1785044631546,1785044631546,0,0.223,0,40
4033,1785044631546,1785044631546,0,0.209,0,40
4034,1785044631546,1785044631546,0,0.196,0,40
4035,1785044631546,1785044631546,0,0.183,0,40
4036,1785044631546,1785044631546,0,0.172,0,40
4037,1785044631546,1785044631546,0,0.161,0,40
4038,1785044631547,1785044631546,1,0.214,0,40
4039,1785044631547,1785044631546,1,0.200,0,40
4040,1785044631673,1785044631673,0,0.250,0,40
4041,1785044631674,1785044631673,1,0.297,0,40
4042,1785044631674,1785044631674,0,0.341,0,40
4043,1785044631674,1785044631674,0,0.320,0,40
4044,1785044631675,1785044631674,1,0.362,0,40
4045,1785044631675,1785044631675,0,0.402,0,40
4046,1785044631675,1785044631675,0,0.377,0,40
4047,1785044631676,1785044631675,1,0.416,0,40
4048,1785044631676,1785044631676,0,0.452,0,40
4049,1785044631676,1785044631676,0,0.424,0,40
4050,1785044631676,1785044631676,0,0.398,0,40
4051,1785044631676,1785044631676,0,0.373,0,40
4052,1785044631677,1785044631677,0,0.350,0,40
4053,1785044631802,1785044631802,0,0.328,0,40
4054,1785044631803,1785044631802,1,0.370,0,40
4055,1785044631803,1785044631803,0,0.409,0,40
4056,1785044631803,1785044631803,0,0.384,0,40
4057,1785044631803,1785044631803,0,0.360,0,40
4058,1785044631803,1785044631803,0,0.337,0,40
4059,1785044631803,1785044631803,0,0.316,0,40
4060,1785044631803,1785044631803,0,0.296,0,40
4061,1785044631803,1785044631803,0,0.278,0,40
4062,1785044631803,1785044631803,0,0.260,0,40
4063,1785044631804,1785044631803,1,0.307,0,40
4064,1785044631804,1785044631803,1,0.287,0,40
4065,1785044631929,1785044631929,0,0.332,0,40
4066,1785044631930,1785044631930,0,0.311,0,40
4067,1785044631930,1785044631930,0,0.292,0,40
4068,1785044631931,1785044631931,0,0.274,0,40
4069,1785044631931,1785044631931,0,0.256,0,40
4070,1785044631932,1785044631931,1,0.303,0,40
4071,1785044631932,1785044631932,0,0.346,0,40
4072,1785044631933,1785044631933,0,0.325,0,40
4073,1785044631935,1785044631935,0,0.305,0,40
4074,1785044631936,1785044631935,1,0.348,0,40
4075,1785044631936,1785044631936,0,0.389,0,40
4076,1785044631936,1785044631936,0,0.364,0,40
4077,1785044631936,1785044631936,0,0.342,0,40
4078,1785044632061,1785044632061,0,0.320,0,40
4079,1785044632061,1785044632061,0,0.300,0,40
4080,1785044632061,1785044632061,0,0.282,0,40
4081,1785044632061,1785044632061,0,0.264,0,40
4082,1785044632061,1785044632061,0,0.247,0,40
4083,1785044632063,1785044632063,0,0.232,0,40
4084,1785044632063,1785044632063,0,0.217,0,40
4085,1785044632063,1785044632063,0,0.204,0,40
4086,1785044632063,1785044632063,0,0.191,0,40
4087,1785044632063,1785044632063,0,0.179,0,40
4088,1785044632064,1785044632063,1,0.230,0,40
4089,1785044632064,1785044632064,0,0.279,0,40
4090,1785044632189,1785044632189,0,0.261,0,40
4091,1785044632190,1785044632189,1,0.307,0,40
4092,1785044632190,1785044632189,1,0.288,0,40
4093,1785044632190,1785044632189,1,0.270,0,40
4094,1785044632190,1785044632190,0,0.316,0,40
4095,1785044632190,1785044632190,0,0.296,0,40
4096,1785044632190,1785044632190,0,0.278,0,40
4097,1785044632190,1785044632190,0,0.260,0,40
4098,1785044632190,1785044632190,0,0.244,0,40
4099,1785044632190,1785044632190,0,0.229,0,40
4100,1785044632191,1785044632190,1,0.277,0,40
4101,1785044632191,1785044632190,1,0.260,0,40
4102,1785044632191,1785044632191,0,0.306,0,40
4103,1785044632318,1785044632317,1,0.349,0,40
4104,1785044632318,1785044632318,0,0.390,0,40
4105,1785044632318,1785044632318,0,0.366,0,40
4106,1785044632318,1785044632318,0,0.343,0,40
4107,1785044632319,1785044632318,1,0.384,0,40
4108,1785044632319,1785044632319,0,0.422,0,40
4109,1785044632319,1785044632319,0,0.396,0,40
4110,1785044632319,1785044632319,0,0.371,0,40
4111,1785044632319,1785044632319,0,0.348,0,40
4112,1785044632320,1785044632319,1,0.389,0,40
4113,1785044632320,1785044632320,0,0.427,0,40
4114,1785044632320,1785044632320,0,0.400,0,40
4115,1785044632446,1785044632446,0,0.375,0,40
4116,1785044632446,1785044632446,0,0.352,0,40
4117,1785044632446,1785044632446,0,0.330,0,40
4118,1785044632446,1785044632446,0,0.309,0,40
4119,1785044632446,1785044632446,0,0.290,0,40
4120,1785044632446,1785044632446,0,0.272,0,40
4121,1785044632446,1785044632446,0,0.255,0,40
4122,1785044632448,1785044632446,2,0.364,0,40
4123,1785044632448,1785044632446,2,0.341,0,40
4124,1785044632448,1785044632448,0,0.445,0,40
4125,1785044632448,1785044632448,0,0.417,0,40
4126,1785044632449,1785044632449,0,0.391,0,40
4127,1785044632449,1785044632449,0,0.366,0,40
4128,1785044632576,1785044632575,1,0.406,0,40
4129,1785044632576,1785044632575,1,0.381,0,40
4130,1785044632576,1785044632576,0,0.419,0,40
4131,1785044632576,1785044632576,0,0.393,0,40
4132,1785044632577,1785044632576,1,0.431,0,40
4133,1785044632577,1785044632576,1,0.404,0,40
4134,1785044632577,1785044632577,0,0.441,0,40
4135,1785044632577,1785044632577,0,0.414,0,40
4136,1785044632577,1785044632577,0,0.388,0,40
4137,1785044632578,1785044632577,1,0.426,0,40
4138,1785044632578,1785044632578,0,0.462,0,40
4139,1785044632578,1785044632578,0,0.433,0,40
4140,1785044632703,1785044632703,0,0.406,0,40
4141,1785044632703,1785044632703,0,0.381,0,40
4142,1785044632703,1785044632703,0,0.357,0,40
4143,1785044632704,1785044632703,1,0.397,0,40
4144,1785044632704,1785044632704,0,0.435,0,40
4145,1785044632704,1785044632704,0,0.408,0,40
4146,1785044632704,1785044632704,0,0.382,0,40
4147,1785044632704,1785044632704,0,0.358,0,40
4148,1785044632704,1785044632704,0,0.336,0,40
4149,1785044632704,1785044632704,0,0.315,0,40
4150,1785044632704,1785044632704,0,0.295,0,40
4151,1785044632704,1785044632704,0,0.277,0,40
4152,1785044632704,1785044632704,0,0.259,0,40
4153,1785044632704,1785044632704,0,0.243,0,40
4154,1785044632704,1785044632704,0,0.228,0,40
4155,1785044632704,1785044632704,0,0.214,0,40
4156,1785044632830,1785044632829,1,0.263,0,40
4157,1785044632830,1785044632829,1,0.246,0,40
4158,1785044632830,1785044632830,0,0.294,0,40
4159,1785044632830,1785044632830,0,0.275,0,40
4160,1785044632830,1785044632830,0,0.258,0,40
4161,1785044632830,1785044632830,0,0.242,0,40
4162,1785044632830,1785044632830,0,0.227,0,40
4163,1785044632832,1785044632830,2,0.338,0,40
4164,1785044632832,1785044632832,0,0.442,0,40
4165,1785044632832,1785044632832,0,0.414,0,40
4166,1785044632832,1785044632832,0,0.388,0,40
4167,1785044632833,1785044632832,1,0.426,0,40
4168,1785044632958,1785044632958,0,0.462,0,40
4169,1785044632959,1785044632958,1,0.496,0,40
4170,1785044632959,1785044632959,0,0.527,0,40
4171,1785044632959,1785044632959,0,0.494,0,40
4172,1785044632959,1785044632959,0,0.463,0,40
4173,1785044632960,1785044632959,1,0.497,0,40
4174,1785044632960,1785044632960,0,0.528,0,40
4175,1785044632960,1785044632960,0,0.495,0,40
4176,1785044632960,1785044632960,0,0.464,0,40
4177,1785044632960,1785044632960,0,0.435,0,40
4178,1785044632960,1785044632960,0,0.408,0,40
4179,1785044632960,1785044632960,0,0.383,0,40
4180,1785044632960,1785044632960,0,0.359,0,40
4181,1785044633086,1785044633085,1,0.399,0,40
4182,1785044633087,1785044633086,1,0.374,0,40
4183,1785044633087,1785044633087,0,0.413,0,40
4184,1785044633087,1785044633087,0,0.387,0,40
4185,1785044633087,1785044633087,0,0.363,0,40
4186,1785044633088,1785044633087,1,0.403,0,40
4187,1785044633088,1785044633088,0,0.440,0,40
4188,1785044633088,1785044633088,0,0.413,0,40
4189,1785044633090,1785044633088,2,0.512,0,40
4190,1785044633090,1785044633088,2,0.480,0,40
4191,1785044633090,1785044633090,0,0.575,0,40
4192,1785044633090,1785044633090,0,0.539,0,40
4193,1785044633217,1785044633216,1,0.568,0,40
4194,1785044633217,1785044633216,1,0.532,0,40
4195,1785044633217,1785044633216,1,0.499,0,40
4196,1785044633217,1785044633216,1,0.468,0,40
4197,1785044633217,1785044633217,0,0.501,0,40
4198,1785044633217,1785044633217,0,0.470,0,40
4199,1785044633218,1785044633217,1,0.503,0,40
4200,1785044633218,1785044633217,1,0.471,0,40
4201,1785044633218,1785044633218,0,0.505,0,40
4202,1785044633218,1785044633218,0,0.473,0,40
4203,1785044633218,1785044633218,0,0.443,0,40
4204,1785044633218,1785044633218,0,0.416,0,40
4205,1785044633218,1785044633218,0,0.390,0,40
4206,1785044633345,1785044633345,0,0.365,0,40
4207,1785044633345,1785044633345,0,0.343,0,40
4208,1785044633345,1785044633345,0,0.321,0,40
4209,1785044633345,1785044633345,0,0.301,0,40
4210,1785044633345,1785044633345,0,0.282,0,40
4211,1785044633346,1785044633345,1,0.327,0,40
4212,1785044633346,1785044633346,0,0.369,0,40
4213,1785044633346,1785044633346,0,0.346,0,40
4214,1785044633347,1785044633346,1,0.387,0,40
4215,1785044633347,1785044633347,0,0.425,0,40
4216,1785044633347,1785044633347,0,0.399,0,40
4217,1785044633348,1785044633347,1,0.436,0,40
4218,1785044633474,1785044633473,1,0.409,0,40
4219,1785044633474,1785044633473,1,0.383,0,40
4220,1785044633474,1785044633474,0,0.422,0,40
4221,1785044633474,1785044633474,0,0.396,0,40
4222,1785044633474,1785044633474,0,0.371,0,40
4223,1785044633475,1785044633474,1,0.410,0,40
4224,1785044633475,1785044633475,0,0.447,0,40
4225,1785044633475,1785044633475,0,0.419,0,40
4226,1785044633476,1785044633476,0,0.393,0,40
4227,1785044633476,1785044633476,0,0.368,0,40
4228,1785044633476,1785044633476,0,0.345,0,40
4229,1785044633476,1785044633476,0,0.324,0,40
4230,1785044633476,1785044633476,0,0.304,0,40
4231,1785044633602,1785044633602,0,0.285,0,40
4232,1785044633603,1785044633602,1,0.329,0,40
4233,1785044633603,1785044633603,0,0.371,0,40
4234,1785044633603,1785044633603,0,0.348,0,40
4235,1785044633603,1785044633603,0,0.326,0,40
4236,1785044633603,1785044633603,0,0.306,0,40
4237,1785044633603,1785044633603,0,0.287,0,40
4238,1785044633604,1785044633603,1,0.331,0,40
4239,1785044633604,1785044633604,0,0.373,0,40
4240,1785044633604,1785044633604,0,0.350,0,40
4241,1785044633604,1785044633604,0,0.328,0,40
4242,1785044633605,1785044633604,1,0.370,0,40
4243,1785044633731,1785044633731,0,0.409,0,40
4244,1785044633731,1785044633731,0,0.384,0,40
4245,1785044633731,1785044633731,0,0.360,0,40
4246,1785044633731,1785044633731,0,0.337,0,40
4247,1785044633731,1785044633731,0,0.316,0,40
4248,1785044633731,1785044633731,0,0.296,0,40
4249,1785044633732,1785044633731,1,0.340,0,40
4250,1785044633732,1785044633732,0,0.382,0,40
4251,1785044633732,1785044633732,0,0.358,0,40
4252,1785044633732,1785044633732,0,0.335,0,40
4253,1785044633733,1785044633732,1,0.377,0,40
4254,1785044633733,1785044633732,1,0.353,0,40
4255,1785044633733,1785044633733,0,0.394,0,40
4256,1785044633733,1785044633733,0,0.369,0,40
4257,1785044633733,1785044633733,0,0.346,0,40
4258,1785044633734,1785044633733,1,0.387,0,40
4259,1785044633860,1785044633860,0,0.425,0,40
4260,1785044633860,1785044633860,0,0.399,0,40
4261,1785044633860,1785044633860,0,0.374,0,40
4262,1785044633860,1785044633860,0,0.350,0,40
4263,1785044633860,1785044633860,0,0.329,0,40
4264,1785044633860,1785044633860,0,0.308,0,40
4265,1785044633861,1785044633860,1,0.351,0,40
4266,1785044633861,1785044633860,1,0.329,0,40
4267,1785044633861,1785044633861,0,0.371,0,40
4268,1785044633861,1785044633861,0,0.348,0,40
4269,1785044633861,1785044633861,0,0.326,0,40
4270,1785044633861,1785044633861,0,0.306,0,40
4271,1785044633987,1785044633987,0,0.287,0,40
4272,1785044633988,1785044633987,1,0.331,0,40
4273,1785044633988,1785044633988,0,0.373,0,40
4274,1785044633988,1785044633988,0,0.350,0,40
4275,1785044633988,1785044633988,0,0.328,0,40
4276,1785044633988,1785044633988,0,0.307,0,40
4277,1785044633989,1785044633988,1,0.351,0,40
4278,1785044633989,1785044633989,0,0.391,0,40
4279,1785044633989,1785044633989,0,0.367,0,40
4280,1785044633989,1785044633989,0,0.344,0,40
4281,1785044633990,1785044633989,1,0.385,0,40
4282,1785044633990,1785044633990,0,0.423,0,40
4283,1785044633990,1785044633990,0,0.397,0,40
4284,1785044634116,1785044634116,0,0.372,0,40
4285,1785044634116,1785044634116,0,0.349,0,40
4286,1785044634116,1785044634116,0,0.327,0,40
4287,1785044634116,1785044634116,0,0.307,0,40
4288,1785044634116,1785044634116,0,0.287,0,40
4289,1785044634116,1785044634116,0,0.269,0,40
4290,1785044634117,1785044634117,0,0.253,0,40
4291,1785044634117,1785044634117,0,0.237,0,40
4292,1785044634118,1785044634117,1,0.285,0,40
4293,1785044634118,1785044634117,1,0.267,0,40
4294,1785044634118,1785044634118,0,0.313,0,40
4295,1785044634118,1785044634118,0,0.293,0,40
4296,1785044634243,1785044634243,0,0.275,0,40
4297,1785044634243,1785044634243,0,0.258,0,40
4298,1785044634243,1785044634243,0,0.241,0,40
4299,1785044634243,1785044634243,0,0.226,0,40
4300,1785044634243,1785044634243,0,0.212,0,40
4301,1785044634243,1785044634243,0,0.199,0,40
4302,1785044634243,1785044634243,0,0.187,0,40
4303,1785044634243,1785044634243,0,0.175,0,40
4304,1785044634243,1785044634243,0,0.164,0,40
4305,1785044634244,1785044634243,1,0.216,0,40
4306,1785044634244,1785044634244,0,0.265,0,40
4307,1785044634244,1785044634244,0,0.249,0,40
4308,1785044634244,1785044634244,0,0.233,0,40
4309,1785044634370,1785044634370,0,0.219,0,40
4310,1785044634370,1785044634370,0,0.205,0,40
4311,1785044634370,1785044634370,0,0.192,0,40
4312,1785044634370,1785044634370,0,0.180,0,40
4313,1785044634371,1785044634370,1,0.231,0,40
4314,1785044634371,1785044634370,1,0.217,0,40
4315,1785044634371,1785044634371,0,0.266,0,40
4316,1785044634371,1785044634371,0,0.249,0,40
4317,1785044634371,1785044634371,0,0.234,0,40
4318,1785044634371,1785044634371,0,0.219,0,40
4319,1785044634371,1785044634371,0,0.205,0,40
4320,1785044634371,1785044634371,0,0.192,0,40
4321,1785044634498,1785044634497,1,0.243,0,40
4322,1785044634498,1785044634497,1,0.228,0,40
4323,1785044634498,1785044634497,1,0.214,0,40
4324,1785044634498,1785044634498,0,0.263,0,40
4325,1785044634498,1785044634498,0,0.246,0,40
4326,1785044634498,1785044634498,0,0.231,0,40
4327,1785044634498,1785044634498,0,0.216,0,40
4328,1785044634498,1785044634498,0,0.203,0,40
4329,1785044634498,1785044634498,0,0.190,0,40
4330,1785044634498,1785044634498,0,0.178,0,40
4331,1785044634498,1785044634498,0,0.167,0,40
4332,1785044634498,1785044634498,0,0.157,0,40
4333,1785044634498,1785044634498,0,0.147,0,40
4334,1785044634624,1785044634624,0,0.138,0,40
4335,1785044634625,1785044634624,1,0.192,0,40
4336,1785044634625,1785044634624,1,0.180,0,40
4337,1785044634625,1785044634624,1,0.168,0,40
4338,1785044634625,1785044634624,1,0.158,0,40
4339,1785044634625,1785044634625,0,0.211,0,40
4340,1785044634625,1785044634625,0,0.197,0,40
4341,1785044634625,1785044634625,0,0.185,0,40
4342,1785044634625,1785044634625,0,0.173,0,40
4343,1785044634625,1785044634625,0,0.163,0,40
4344,1785044634625,1785044634625,0,0.152,0,40
4345,1785044634625,1785044634625,0,0.143,0,40
4346,1785044634750,1785044634750,0,0.134,0,40
4347,1785044634750,1785044634750,0,0.126,0,40
4348,1785044634750,1785044634750,0,0.118,0,40
4349,1785044634750,1785044634750,0,0.110,0,40
4350,1785044634750,1785044634750,0,0.104,0,40
4351,1785044634750,1785044634750,0,0.097,0,40
4352,1785044634750,1785044634750,0,0.091,0,40
4353,1785044634750,1785044634750,0,0.085,0,40
4354,1785044634750,1785044634750,0,0.080,0,40
4355,1785044634750,1785044634750,0,0.075,0,40
4356,1785044634750,1785044634750,0,0.070,0,40
4357,1785044634750,1785044634750,0,0.066,0,40
4358,1785044634750,1785044634750,0,0.062,0,40
4359,1785044634876,1785044634876,0,0.058,0,40
4360,1785044634876,1785044634876,0,0.054,0,40
4361,1785044634876,1785044634876,0,0.051,0,40
4362,1785044634876,1785044634876,0,0.048,0,40
4363,1785044634876,1785044634876,0,0.045,0,40
4364,1785044634877,1785044634876,1,0.104,0,40
4365,1785044634877,1785044634876,1,0.098,0,40
4366,1785044634877,1785044634877,0,0.154,0,40
4367,1785044634877,1785044634877,0,0.145,0,40
4368,1785044634877,1785044634877,0,0.136,0,40
4369,1785044634877,1785044634877,0,0.127,0,40
4370,1785044634878,1785044634877,1,0.182,0,40
4371,1785044635003,1785044635003,0,0.233,0,40
4372,1785044635004,1785044635003,1,0.281,0,40
4373,1785044635004,1785044635004,0,0.326,0,40
4374,1785044635004,1785044635004,0,0.305,0,40
4375,1785044635004,1785044635004,0,0.286,0,40
4376,1785044635004,1785044635004,0,0.268,0,40
4377,1785044635004,1785044635004,0,0.252,0,40
4378,1785044635004,1785044635004,0,0.236,0,40
4379,1785044635004,1785044635004,0,0.221,0,40
4380,1785044635004,1785044635004,0,0.207,0,40
4381,1785044635004,1785044635004,0,0.194,0,40
4382,1785044635005,1785044635005,0,0.182,0,40
4383,1785044635005,1785044635005,0,0.171,0,40
4384,1785044635131,1785044635130,1,0.223,0,40
4385,1785044635131,1785044635130,1,0.209,0,40
4386,1785044635131,1785044635131,0,0.258,0,40
4387,1785044635131,1785044635131,0,0.242,0,40
4388,1785044635131,1785044635131,0,0.227,0,40
4389,1785044635132,1785044635131,1,0.275,0,40
4390,1785044635132,1785044635132,0,0.321,0,40
4391,1785044635132,1785044635132,0,0.301,0,40
4392,1785044635132,1785044635132,0,0.282,0,40
4393,1785044635133,1785044635132,1,0.327,0,40
4394,1785044635133,1785044635133,0,0.369,0,40
4395,1785044635133,1785044635133,0,0.346,0,40
4396,1785044635258,1785044635258,0,0.324,0,40
4397,1785044635258,1785044635258,0,0.304,0,40
4398,1785044635258,1785044635258,0,0.285,0,40
4399,1785044635259,1785044635258,1,0.330,0,40
4400,1785044635259,1785044635259,0,0.371,0,40
4401,1785044635259,1785044635259,0,0.348,0,40
4402,1785044635260,1785044635260,0,0.326,0,40
4403,1785044635261,1785044635261,0,0.306,0,40
4404,1785044635261,1785044635261,0,0.287,0,40
4405,1785044635261,1785044635261,0,0.269,0,40
4406,1785044635261,1785044635261,0,0.252,0,40
4407,1785044635262,1785044635261,1,0.299,0,40
4408,1785044635262,1785044635262,0,0.343,0,40
4409,1785044635262,1785044635262,0,0.321,0,40
4410,1785044635262,1785044635262,0,0.301,0,40
4411,1785044635263,1785044635262,1,0.345,0,40
4412,1785044635389,1785044635389,0,0.386,0,40
4413,1785044635390,1785044635389,1,0.424,0,40
4414,1785044635390,1785044635389,1,0.398,0,40
4415,1785044635390,1785044635390,0,0.435,0,40
4416,1785044635390,1785044635390,0,0.408,0,40
4417,1785044635390,1785044635390,0,0.383,0,40
4418,1785044635390,1785044635390,0,0.359,0,40
4419,1785044635390,1785044635390,0,0.336,0,40
4420,1785044635391,1785044635391,0,0.315,0,40
4421,1785044635391,1785044635391,0,0.296,0,40
4422,1785044635391,1785044635391,0,0.277,0,40
4423,1785044635391,1785044635391,0,0.260,0,40
4424,1785044635518,1785044635518,0,0.244,0,40
4425,1785044635526,1785044635518,8,0.728,0,40
4426,1785044635526,1785044635518,8,0.683,0,40
4427,1785044635526,1785044635518,8,0.640,0,40
4428,1785044635526,1785044635518,8,0.600,0,40
4429,1785044635526,1785044635518,8,0.563,0,40
4430,1785044635526,1785044635518,8,0.527,0,40
4431,1785044635526,1785044635518,8,0.494,0,40
4432,1785044635526,1785044635519,7,0.526,0,40
4433,1785044635526,1785044635519,7,0.493,0,40
4434,1785044635526,1785044635519,7,0.462,0,40
4435,1785044635526,1785044635520,6,0.496,0,40
4436,1785044635526,1785044635520,6,0.465,0,40
4437,1785044635646,1785044635645,1,0.748,0,40
4438,1785044635646,1785044635646,0,0.764,0,40
4439,1785044635646,1785044635646,0,0.716,0,40
4440,1785044635646,1785044635646,0,0.672,0,40
4441,1785044635647,1785044635646,1,0.692,0,40
4442,1785044635647,1785044635647,0,0.711,0,40
4443,1785044635647,1785044635647,0,0.667,0,40
4444,1785044635647,1785044635647,0,0.625,0,40
4445,1785044635648,1785044635647,1,0.649,0,40
4446,1785044635648,1785044635648,0,0.671,0,40
4447,1785044635648,1785044635648,0,0.629,0,40
4448,1785044635648,1785044635648,0,0.589,0,40
4449,1785044635775,1785044635774,1,0.615,0,40
4450,1785044635775,1785044635775,0,0.639,0,40
4451,1785044635776,1785044635776,0,0.599,0,40
4452,1785044635776,1785044635776,0,0.562,0,40
4453,1785044635776,1785044635776,0,0.527,0,40
4454,1785044635776,1785044635776,0,0.494,0,40
4455,1785044635776,1785044635776,0,0.463,0,40
4456,1785044635776,1785044635776,0,0.434,0,40
4457,1785044635779,1785044635778,1,0.469,0,40
4458,1785044635779,1785044635779,0,0.502,0,40
4459,1785044635779,1785044635779,0,0.471,0,40
4460,1785044635779,1785044635779,0,0.442,0,40
4461,1785044635779,1785044635779,0,0.414,0,40
4462,1785044635905,1785044635905,0,0.388,0,40
4463,1785044635906,1785044635905,1,0.426,0,40
4464,1785044635906,1785044635906,0,0.462,0,40
4465,1785044635906,1785044635906,0,0.433,0,40
4466,1785044635907,1785044635907,0,0.406,0,40
4467,1785044635907,1785044635907,0,0.381,0,40
4468,1785044635907,1785044635907,0,0.357,0,40
4469,1785044635908,1785044635907,1,0.397,0,40
4470,1785044635908,1785044635907,1,0.372,0,40
4471,1785044635908,1785044635908,0,0.412,0,40
4472,1785044635908,1785044635908,0,0.386,0,40
4473,1785044635909,1785044635908,1,0.424,0,40
4474,1785044636036,1785044636035,1,0.398,0,40
4475,1785044636036,1785044636035,1,0.373,0,40
4476,1785044636036,1785044636036,0,0.412,0,40
4477,1785044636036,1785044636036,0,0.386,0,40
4478,1785044636036,1785044636036,0,0.362,0,40
4479,1785044636036,1785044636036,0,0.340,0,40
4480,1785044636037,1785044636036,1,0.381,0,40
4481,1785044636037,1785044636036,1,0.357,0,40
4482,1785044636037,1785044636037,0,0.397,0,40
4483,1785044636037,1785044636037,0,0.372,0,40
4484,1785044636037,1785044636037,0,0.349,0,40
4485,1785044636037,1785044636037,0,0.327,0,40
4486,1785044636037,1785044636037,0,0.307,0,40
4487,1785044636146,1785044636146,0,0.288,0,0
4488,1785044636163,1785044636163,0,0.270,0,40
4489,1785044636163,1785044636163,0,0.253,0,40
4490,1785044636163,1785044636163,0,0.237,0,40
4491,1785044636163,1785044636163,0,0.222,0,40
4492,1785044636164,1785044636163,1,0.271,0,40
4493,1785044636164,1785044636163,1,0.254,0,40
4494,1785044636164,1785044636164,0,0.301,0,40
4495,1785044636164,1785044636164,0,0.282,0,40
4496,1785044636164,1785044636164,0,0.264,0,40
4497,1785044636164,1785044636164,0,0.248,0,40
4498,1785044636164,1785044636164,0,0.232,0,40
4499,1785044636164,1785044636164,0,0.218,0,40
4500,1785044636289,1785044636289,0,0.204,0,40
4501,1785044636290,1785044636289,1,0.254,0,40
4502,1785044636290,1785044636289,1,0.238,0,40
4503,1785044636290,1785044636290,0,0.286,0,40
4504,1785044636290,1785044636290,0,0.268,0,40
4505,1785044636290,1785044636290,0,0.251,0,40
4506,1785044636290,1785044636290,0,0.235,0,40
4507,1785044636290,1785044636290,0,0.221,0,40
4508,1785044636290,1785044636290,0,0.207,0,40
4509,1785044636290,1785044636290,0,0.194,0,40
4510,1785044636290,1785044636290,0,0.182,0,40
4511,1785044636292,1785044636290,2,0.295,0,40
4512,1785044636292,1785044636290,2,0.277,0,40
4513,1785044636292,1785044636292,0,0.385,0,40
4514,1785044636292,1785044636292,0,0.361,0,40
4515,1785044636292,1785044636292,0,0.338,0,40
4516,1785044636417,1785044636417,0,0.317,0,40
4517,1785044636418,1785044636417,1,0.360,0,40
4518,1785044636418,1785044636418,0,0.400,0,40
4519,1785044636418,1785044636418,0,0.375,0,40
4520,1785044636419,1785044636418,1,0.414,0,40
4521,1785044636419,1785044636418,1,0.388,0,40
4522,1785044636419,1785044636419,0,0.426,0,40
4523,1785044636419,1785044636419,0,0.400,0,40
4524,1785044636419,1785044636419,0,0.375,0,40
4525,1785044636419,1785044636419,0,0.351,0,40
4526,1785044636419,1785044636419,0,0.329,0,40
4527,1785044636419,1785044636419,0,0.309,0,40
4528,1785044636419,1785044636419,0,0.289,0,40
4529,1785044636545,1785044636545,0,0.271,0,40
4530,1785044636546,1785044636545,1,0.317,0,40
4531,1785044636546,1785044636545,1,0.297,0,40
4532,1785044636547,1785044636546,1,0.278,0,40
4533,1785044636547,1785044636547,0,0.324,0,40
4534,1785044636547,1785044636547,0,0.303,0,40
4535,1785044636547,1785044636547,0,0.284,0,40
4536,1785044636547,1785044636547,0,0.267,0,40
4537,1785044636547,1785044636547,0,0.250,0,40
4538,1785044636548,1785044636547,1,0.297,0,40
4539,1785044636548,1785044636548,0,0.341,0,40
4540,1785044636548,1785044636548,0,0.319,0,40
4541,1785044636675,1785044636673,2,0.424,0,40
4542,1785044636675,1785044636673,2,0.398,0,40
4543,1785044636675,1785044636673,2,0.373,0,40
4544,1785044636675,1785044636675,0,0.475,0,40
4545,1785044636675,1785044636675,0,0.445,0,40
4546,1785044636675,1785044636675,0,0.417,0,40
4547,1785044636675,1785044636675,0,0.391,0,40
4548,1785044636676,1785044636675,1,0.429,0,40
4549,1785044636676,1785044636676,0,0.465,0,40
4550,1785044636676,1785044636676,0,0.436,0,40
4551,1785044636676,1785044636676,0,0.409,0,40
4552,1785044636676,1785044636676,0,0.383,0,40
4553,1785044636677,1785044636676,1,0.422,0,40
4554,1785044636803,1785044636802,1,0.395,0,40
4555,1785044636803,1785044636802,1,0.371,0,40
4556,1785044636803,1785044636803,0,0.410,0,40
4557,1785044636803,1785044636803,0,0.384,0,40
4558,1785044636803,1785044636803,0,0.360,0,40
4559,1785044636803,1785044636803,0,0.338,0,40
4560,1785044636803,1785044636803,0,0.317,0,40
4561,1785044636804,1785044636803,1,0.359,0,40
4562,1785044636804,1785044636804,0,0.399,0,40
4563,1785044636804,1785044636804,0,0.374,0,40
4564,1785044636804,1785044636804,0,0.351,0,40
4565,1785044636804,1785044636804,0,0.329,0,40
4566,1785044636929,1785044636929,0,0.309,0,40
4567,1785044636929,1785044636929,0,0.289,0,40
4568,1785044636929,1785044636929,0,0.271,0,40
4569,1785044636929,1785044636929,0,0.254,0,40
4570,1785044636930,1785044636929,1,0.301,0,40
4571,1785044636930,1785044636930,0,0.345,0,40
4572,1785044636930,1785044636930,0,0.323,0,40
4573,1785044636930,1785044636930,0,0.303,0,40
4574,1785044636930,1785044636930,0,0.284,0,40
4575,1785044636930,1785044636930,0,0.266,0,40
4576,1785044636931,1785044636930,1,0.312,0,40
4577,1785044636931,1785044636931,0,0.355,0,40
4578,1785044636931,1785044636931,0,0.333,0,40
4579,1785044637057,1785044637056,1,0.375,0,40
4580,1785044637057,1785044637057,0,0.414,0,40
4581,1785044637058,1785044637057,1,0.450,0,40
4582,1785044637058,1785044637058,0,0.485,0,40
4583,1785044637058,1785044637058,0,0.454,0,40
4584,1785044637058,1785044637058,0,0.426,0,40
4585,1785044637058,1785044637058,0,0.399,0,40
4586,1785044637058,1785044637058,0,0.374,0,40
4587,1785044637060,1785044637058,2,0.476,0,40
4588,1785044637060,1785044637060,0,0.571,0,40
4589,1785044637060,1785044637060,0,0.536,0,40
4590,1785044637060,1785044637060,0,0.502,0,40
4591,1785044637189,1785044637187,2,0.596,0,40
4592,1785044637189,1785044637188,1,0.621,0,40
4593,1785044637189,1785044637189,0,0.645,0,40
4594,1785044637189,1785044637189,0,0.604,0,40
4595,1785044637189,1785044637189,0,0.567,0,40
4596,1785044637189,1785044637189,0,0.531,0,40
4597,1785044637189,1785044637189,0,0.498,0,40
4598,1785044637189,1785044637189,0,0.467,0,40
4599,1785044637189,1785044637189,0,0.438,0,40
4600,1785044637189,1785044637189,0,0.410,0,40
4601,1785044637190,1785044637189,1,0.447,0,40
4602,1785044637190,1785044637190,0,0.482,0,40
4603,1785044637190,1785044637190,0,0.452,0,40
4604,1785044637316,1785044637316,0,0.423,0,40
4605,1785044637317,1785044637316,1,0.459,0,40
4606,1785044637317,1785044637317,0,0.493,0,40
4607,1785044637318,1785044637317,1,0.525,0,40
4608,1785044637318,1785044637318,0,0.555,0,40
4609,1785044637318,1785044637318,0,0.520,0,40
4610,1785044637318,1785044637318,0,0.487,0,40
4611,1785044637318,1785044637318,0,0.457,0,40
4612,1785044637319,1785044637319,0,0.428,0,40
4613,1785044637319,1785044637319,0,0.402,0,40
4614,1785044637320,1785044637319,1,0.439,0,40
4615,1785044637320,1785044637320,0,0.474,0,40
4616,1785044637445,1785044637445,0,0.444,0,40
4617,1785044637445,1785044637445,0,0.417,0,40
4618,1785044637446,1785044637445,1,0.453,0,40
4619,1785044637446,1785044637446,0,0.487,0,40
4620,1785044637446,1785044637446,0,0.457,0,40
4621,1785044637446,1785044637446,0,0.428,0,40
4622,1785044637446,1785044637446,0,0.402,0,40
4623,1785044637448,1785044637446,2,0.501,0,40
4624,1785044637448,1785044637448,0,0.595,0,40
4625,1785044637448,1785044637448,0,0.558,0,40
4626,1785044637448,1785044637448,0,0.523,0,40
4627,1785044637448,1785044637448,0,0.490,0,40
4628,1785044637449,1785044637448,1,0.522,0,40
4629,1785044637575,1785044637575,0,0.552,0,40
4630,1785044637576,1785044637575,1,0.580,0,40
4631,1785044637576,1785044637575,1,0.544,0,40
4632,1785044637576,1785044637575,1,0.510,0,40
4633,1785044637576,1785044637575,1,0.478,0,40
4634,1785044637576,1785044637576,0,0.511,0,40
4635,1785044637576,1785044637576,0,0.479,0,40
4636,1785044637576,1785044637576,0,0.449,0,40
4637,1785044637576,1785044637576,0,0.421,0,40
4638,1785044637576,1785044637576,0,0.394,0,40
4639,1785044637576,1785044637576,0,0.370,0,40
4640,1785044637576,1785044637576,0,0.347,0,40
4641,1785044637578,1785044637576,2,0.450,0,40
4642,1785044637578,1785044637578,0,0.547,0,40
4643,1785044637579,1785044637579,0,0.513,0,40
4644,1785044637705,1785044637705,0,0.481,0,40
4645,1785044637705,1785044637705,0,0.451,0,40
4646,1785044637705,1785044637705,0,0.422,0,40
4647,1785044637705,1785044637705,0,0.396,0,40
4648,1785044637705,1785044637705,0,0.371,0,40
4649,1785044637705,1785044637705,0,0.348,0,40
4650,1785044637706,1785044637705,1,0.389,0,40
4651,1785044637706,1785044637706,0,0.427,0,40
4652,1785044637706,1785044637706,0,0.400,0,40
4653,1785044637706,1785044637706,0,0.375,0,40
4654,1785044637706,1785044637706,0,0.352,0,40
4655,1785044637706,1785044637706,0,0.330,0,40
4656,1785044637706,1785044637706,0,0.309,0,40
4657,1785044637833,1785044637832,1,0.352,0,40
4658,1785044637833,1785044637832,1,0.330,0,40
4659,1785044637833,1785044637833,0,0.372,0,40
4660,1785044637833,1785044637833,0,0.349,0,40
4661,1785044637833,1785044637833,0,0.327,0,40
4662,1785044637833,1785044637833,0,0.307,0,40
4663,1785044637833,1785044637833,0,0.288,0,40
4664,1785044637834,1785044637833,1,0.332,0,40
4665,1785044637834,1785044637834,0,0.374,0,40
4666,1785044637834,1785044637834,0,0.350,0,40
4667,1785044637834,1785044637834,0,0.329,0,40
4668,1785044637834,1785044637834,0,0.308,0,40
4669,1785044637960,1785044637960,0,0.289,0,40
4670,1785044637960,1785044637960,0,0.271,0,40
4671,1785044637961,1785044637960,1,0.316,0,40
4672,1785044637961,1785044637960,1,0.297,0,40
4673,1785044637961,1785044637961,0,0.340,0,40
4674,1785044637962,1785044637962,0,0.319,0,40
4675,1785044637962,1785044637962,0,0.299,0,40
4676,1785044637962,1785044637962,0,0.281,0,40
4677,1785044637963,1785044637963,0,0.263,0,40
4678,1785044637963,1785044637963,0,0.247,0,40
4679,1785044637963,1785044637963,0,0.231,0,40
4680,1785044637963,1785044637963,0,0.217,0,40
4681,1785044637964,1785044637963,1,0.266,0,40
4682,1785044638091,1785044638090,1,0.249,0,40
4683,1785044638091,1785044638090,1,0.234,0,40
4684,1785044638091,1785044638090,1,0.219,0,40
4685,1785044638091,1785044638091,0,0.268,0,40
4686,1785044638091,1785044638091,0,0.251,0,40
4687,1785044638091,1785044638091,0,0.235,0,40
4688,1785044638091,1785044638091,0,0.221,0,40
4689,1785044638092,1785044638091,1,0.269,0,40
4690,1785044638092,1785044638092,0,0.315,0,40
4691,1785044638092,1785044638092,0,0.295,0,40
4692,1785044638092,1785044638092,0,0.277,0,40
4693,1785044638092,1785044638092,0,0.260,0,40
4694,1785044638219,1785044638218,1,0.306,0,40
4695,1785044638219,1785044638218,1,0.287,0,40
4696,1785044638219,1785044638218,1,0.269,0,40
4697,1785044638219,1785044638218,1,0.252,0,40
4698,1785044638219,1785044638219,0,0.299,0,40
4699,1785044638219,1785044638219,0,0.280,0,40
4700,1785044638219,1785044638219,0,0.263,0,40
4701,1785044638220,1785044638219,1,0.309,0,40
4702,1785044638220,1785044638220,0,0.352,0,40
4703,1785044638220,1785044638220,0,0.330,0,40
4704,1785044638221,1785044638220,1,0.372,0,40
4705,1785044638221,1785044638221,0,0.411,0,40
4706,1785044638221,1785044638221,0,0.385,0,40
4707,1785044638348,1785044638348,0,0.361,0,40
4708,1785044638349,1785044638348,1,0.401,0,40
4709,1785044638349,1785044638348,1,0.376,0,40
4710,1785044638349,1785044638348,1,0.353,0,40
4711,1785044638349,1785044638349,0,0.393,0,40
4712,1785044638349,1785044638349,0,0.368,0,40
4713,1785044638349,1785044638349,0,0.345,0,40
4714,1785044638349,1785044638349,0,0.324,0,40
4715,1785044638350,1785044638349,1,0.366,0,40
4716,1785044638350,1785044638349,1,0.343,0,40
4717,1785044638350,1785044638350,0,0.384,0,40
4718,1785044638350,1785044638350,0,0.360,0,40
4719,1785044638476,1785044638476,0,0.338,0,40
4720,1785044638477,1785044638476,1,0.379,0,40
4721,1785044638477,1785044638476,1,0.355,0,40
4722,1785044638477,1785044638477,0,0.396,0,40
4723,1785044638477,1785044638477,0,0.371,0,40
4724,1785044638477,1785044638477,0,0.348,0,40
4725,1785044638478,1785044638477,1,0.389,0,40
4726,1785044638478,1785044638478,0,0.427,0,40
4727,1785044638478,1785044638478,0,0.400,0,40
4728,1785044638478,1785044638478,0,0.375,0,40
4729,1785044638478,1785044638478,0,0.352,0,40
4730,1785044638478,1785044638478,0,0.330,0,40
4731,1785044638478,1785044638478,0,0.309,0,40
4732,1785044638604,1785044638604,0,0.290,0,40
4733,1785044638604,1785044638604,0,0.272,0,40
4734,1785044638604,1785044638604,0,0.255,0,40
4735,1785044638604,1785044638604,0,0.239,0,40
4736,1785044638604,1785044638604,0,0.224,0,40
4737,1785044638604,1785044638604,0,0.210,0,40
4738,1785044638606,1785044638604,2,0.322,0,40
4739,1785044638606,1785044638604,2,0.302,0,40
4740,1785044638606,1785044638606,0,0.408,0,40
4741,1785044638606,1785044638606,0,0.382,0,40
4742,1785044638606,1785044638606,0,0.358,0,40
4743,1785044638607,1785044638607,0,0.336,0,40
4744,1785044638734,1785044638733,1,0.377,0,40
4745,1785044638734,1785044638734,0,0.416,0,40
4746,1785044638735,1785044638734,1,0.453,0,40
4747,1785044638735,1785044638735,0,0.487,0,40
4748,1785044638739,1785044638738,1,0.519,0,40
4749,1785044638739,1785044638738,1,0.487,0,40
4750,1785044638740,1785044638738,2,0.519,0,40
4751,1785044638740,1785044638739,1,0.549,0,40
4752,1785044638740,1785044638739,1,0.515,0,40
4753,1785044638740,1785044638740,0,0.545,0,40
4754,1785044638740,1785044638740,0,0.511,0,40
4755,1785044638740,1785044638740,0,0.479,0,40
4756,1785044638740,1785044638740,0,0.449,0,40
4757,1785044638740,1785044638740,0,0.421,0,40
4758,1785044638741,1785044638740,1,0.457,0,40
4759,1785044638741,1785044638741,0,0.491,0,40
4760,1785044638866,1785044638866,0,0.460,0,40
4761,1785044638866,1785044638866,0,0.432,0,40
4762,1785044638866,1785044638866,0,0.405,0,40
4763,1785044638866,1785044638866,0,0.379,0,40
4764,1785044638866,1785044638866,0,0.356,0,40
4765,1785044638866,1785044638866,0,0.333,0,40
4766,1785044638866,1785044638866,0,0.313,0,40
4767,1785044638866,1785044638866,0,0.293,0,40
4768,1785044638868,1785044638866,2,0.400,0,40
4769,1785044638868,1785044638866,2,0.375,0,40
4770,1785044638868,1785044638868,0,0.476,0,40
4771,1785044638868,1785044638868,0,0.447,0,40
4772,1785044638995,1785044638994,1,0.481,0,40
4773,1785044638995,1785044638994,1,0.451,0,40
4774,1785044638995,1785044638994,1,0.423,0,40
4775,1785044638995,1785044638995,0,0.459,0,40
4776,1785044638995,1785044638995,0,0.430,0,40
4777,1785044638995,1785044638995,0,0.403,0,40
4778,1785044638996,1785044638995,1,0.441,0,40
4779,1785044638996,1785044638995,1,0.413,0,40
4780,1785044638996,1785044638996,0,0.450,0,40
4781,1785044638996,1785044638996,0,0.422,0,40
4782,1785044638996,1785044638996,0,0.395,0,40
4783,1785044638997,1785044638996,1,0.433,0,40
4784,1785044638997,1785044638997,0,0.469,0,40
4785,1785044639122,1785044639122,0,0.439,0,40
4786,1785044639122,1785044639122,0,0.412,0,40
4787,1785044639122,1785044639122,0,0.386,0,40
4788,1785044639122,1785044639122,0,0.362,0,40
4789,1785044639122,1785044639122,0,0.339,0,40
4790,1785044639122,1785044639122,0,0.318,0,40
4791,1785044639123,1785044639122,1,0.361,0,40
4792,1785044639123,1785044639122,1,0.338,0,40
4793,1785044639123,1785044639122,1,0.317,0,40
4794,1785044639123,1785044639122,1,0.297,0,40
4795,1785044639123,1785044639122,1,0.279,0,40
4796,1785044639123,1785044639123,0,0.324,0,40
4797,1785044639248,1785044639248,0,0.304,0,40
4798,1785044639249,1785044639248,1,0.347,0,40
4799,1785044639249,1785044639249,0,0.388,0,40
4800,1785044639249,1785044639249,0,0.364,0,40
4801,1785044639249,1785044639249,0,0.341,0,40
4802,1785044639249,1785044639249,0,0.320,0,40
4803,1785044639250,1785044639249,1,0.362,0,40
4804,1785044639250,1785044639250,0,0.402,0,40
4805,1785044639250,1785044639250,0,0.377,0,40
4806,1785044639250,1785044639250,0,0.353,0,40
4807,1785044639250,1785044639250,0,0.331,0,40
4808,1785044639251,1785044639250,1,0.373,0,40
4809,1785044639251,1785044639251,0,0.412,0,40
4810,1785044639377,1785044639377,0,0.386,0,40
4811,1785044639377,1785044639377,0,0.362,0,40
4812,1785044639377,1785044639377,0,0.340,0,40
4813,1785044639377,1785044639377,0,0.318,0,40
4814,1785044639377,1785044639377,0,0.299,0,40
4815,1785044639378,1785044639377,1,0.342,0,40
4816,1785044639378,1785044639378,0,0.383,0,40
4817,1785044639378,1785044639378,0,0.359,0,40
4818,1785044639378,1785044639378,0,0.337,0,40
4819,1785044639378,1785044639378,0,0.316,0,40
4820,1785044639378,1785044639378,0,0.296,0,40
4821,1785044639378,1785044639378,0,0.278,0,40
4822,1785044639503,1785044639503,0,0.260,0,40
4823,1785044639504,1785044639503,1,0.307,0,40
4824,1785044639504,1785044639503,1,0.287,0,40
4825,1785044639504,1785044639503,1,0.269,0,40
4826,1785044639504,1785044639504,0,0.315,0,40
4827,1785044639504,1785044639504,0,0.295,0,40
4828,1785044639504,1785044639504,0,0.277,0,40
4829,1785044639504,1785044639504,0,0.260,0,40
4830,1785044639504,1785044639504,0,0.243,0,40
4831,1785044639504,1785044639504,0,0.228,0,40
4832,1785044639504,1785044639504,0,0.214,0,40
4833,1785044639504,1785044639504,0,0.201,0,40
4834,1785044639506,1785044639506,0,0.188,0,40
4835,1785044639631,1785044639631,0,0.176,0,40
4836,1785044639639,1785044639631,8,0.665,0,40
4837,1785044639639,1785044639631,8,0.624,0,40
4838,1785044639639,1785044639631,8,0.585,0,40
4839,1785044639639,1785044639631,8,0.548,0,40
4840,1785044639639,1785044639631,8,0.514,0,40
4841,1785044639639,1785044639631,8,0.482,0,40
4842,1785044639639,1785044639631,8,0.452,0,40
4843,1785044639640,1785044639631,9,0.486,0,40
4844,1785044639640,1785044639633,7,0.581,0,40
4845,1785044639640,1785044639633,7,0.544,0,40
4846,1785044639640,1785044639633,7,0.510,0,40
4847,1785044639759,1785044639759,0,0.916,0,40
4848,1785044639759,1785044639759,0,0.859,0,40
4849,1785044639759,1785044639759,0,0.805,0,40
4850,1785044639759,1785044639759,0,0.755,0,40
4851,1785044639759,1785044639759,0,0.707,0,40
4852,1785044639759,1785044639759,0,0.663,0,40
4853,1785044639759,1785044639759,0,0.622,0,40
4854,1785044639760,1785044639760,0,0.583,0,40
4855,1785044639760,1785044639760,0,0.547,0,40
4856,1785044639760,1785044639760,0,0.512,0,40
4857,1785044639760,1785044639760,0,0.480,0,40
4858,1785044639760,1785044639760,0,0.450,0,40
4859,1785044639760,1785044639760,0,0.422,0,40
4860,1785044639760,1785044639760,0,0.396,0,40
4861,1785044639760,1785044639760,0,0.371,0,40
4862,1785044639760,1785044639760,0,0.348,0,40
4863,1785044639886,1785044639885,1,0.389,0,40
4864,1785044639886,1785044639885,1,0.364,0,40
4865,1785044639887,1785044639886,1,0.342,0,40
4866,1785044639887,1785044639886,1,0.320,0,40
4867,1785044639887,1785044639887,0,0.363,0,40
4868,1785044639887,1785044639887,0,0.340,0,40
4869,1785044639888,1785044639887,1,0.381,0,40
4870,1785044639888,1785044639888,0,0.420,0,40
4871,1785044639888,1785044639888,0,0.394,0,40
4872,1785044640014,1785044640013,1,0.432,0,40
4873,1785044640014,1785044640013,1,0.405,0,40
4874,1785044640015,1785044640014,1,0.379,0,40
4875,1785044640015,1785044640014,1,0.356,0,40
4876,1785044640015,1785044640014,1,0.333,0,40
4877,1785044640015,1785044640015,0,0.375,0,40
4878,1785044640015,1785044640015,0,0.352,0,40
4879,1785044640015,1785044640015,0,0.330,0,40
4880,1785044640015,1785044640015,0,0.309,0,40
4881,1785044640016,1785044640015,1,0.352,0,40
4882,1785044640016,1785044640016,0,0.393,0,40
4883,1785044640016,1785044640016,0,0.368,0,40
4884,1785044640016,1785044640016,0,0.345,0,40
4885,1785044640017,1785044640017,0,0.324,0,40
4886,1785044640017,1785044640017,0,0.303,0,40
4887,1785044640017,1785044640017,0,0.284,0,40
4888,1785044640143,1785044640142,1,0.329,0,40
4889,1785044640143,1785044640142,1,0.309,0,40
4890,1785044640143,1785044640143,0,0.352,0,40
4891,1785044640143,1785044640143,0,0.330,0,40
4892,1785044640143,1785044640143,0,0.309,0,40
4893,1785044640143,1785044640143,0,0.290,0,40
4894,1785044640144,1785044640144,0,0.272,0,40
4895,1785044640144,1785044640144,0,0.255,0,40
4896,1785044640144,1785044640144,0,0.239,0,40
4897,1785044640144,1785044640144,0,0.224,0,40
4898,1785044640146,1785044640144,2,0.335,0,40
4899,1785044640146,1785044640146,0,0.439,0,40
4900,1785044640271,1785044640271,0,0.412,0,40
4901,1785044640272,1785044640271,1,0.448,0,40
4902,1785044640272,1785044640271,1,0.420,0,40
4903,1785044640272,1785044640272,0,0.457,0,40
4904,1785044640272,1785044640272,0,0.428,0,40
4905,1785044640272,1785044640272,0,0.401,0,40
4906,1785044640273,1785044640273,0,0.376,0,40
4907,1785044640273,1785044640273,0,0.353,0,40
4908,1785044640273,1785044640273,0,0.331,0,40
4909,1785044640275,1785044640273,2,0.435,0,40
4910,1785044640275,1785044640273,2,0.408,0,40
4911,1785044640275,1785044640275,0,0.507,0,40
4912,1785044640275,1785044640275,0,0.476,0,40
4913,1785044640400,1785044640400,0,0.446,0,40
4914,1785044640400,1785044640400,0,0.418,0,40
4915,1785044640400,1785044640400,0,0.392,0,40
4916,1785044640400,1785044640400,0,0.367,0,40
4917,1785044640400,1785044640400,0,0.344,0,40
4918,1785044640400,1785044640400,0,0.323,0,40
4919,1785044640400,1785044640400,0,0.303,0,40
4920,1785044640400,1785044640400,0,0.284,0,40
4921,1785044640400,1785044640400,0,0.266,0,40
4922,1785044640400,1785044640400,0,0.249,0,40
4923,1785044640400,1785044640400,0,0.234,0,40
4924,1785044640400,1785044640400,0,0.219,0,40
4925,1785044640526,1785044640526,0,0.206,0,40
4926,1785044640526,1785044640526,0,0.193,0,40
4927,1785044640526,1785044640526,0,0.181,0,40
4928,1785044640527,1785044640527,0,0.169,0,40
4929,1785044640528,1785044640528,0,0.159,0,40
4930,1785044640528,1785044640528,0,0.149,0,40
4931,1785044640528,1785044640528,0,0.140,0,40
4932,1785044640528,1785044640528,0,0.131,0,40
4933,1785044640528,1785044640528,0,0.123,0,40
4934,1785044640528,1785044640528,0,0.115,0,40
4935,1785044640528,1785044640528,0,0.108,0,40
4936,1785044640529,1785044640528,1,0.164,0,40
4937,1785044640529,1785044640529,0,0.216,0,40
4938,1785044640656,1785044640656,0,0.202,0,40
4939,1785044640657,1785044640657,0,0.190,0,40
4940,1785044640658,1785044640657,1,0.240,0,40
4941,1785044640658,1785044640657,1,0.225,0,40
4942,1785044640658,1785044640658,0,0.274,0,40
4943,1785044640658,1785044640658,0,0.257,0,40
4944,1785044640658,1785044640658,0,0.241,0,40
4945,1785044640658,1785044640658,0,0.226,0,40
4946,1785044640659,1785044640658,1,0.274,0,40
4947,1785044640659,1785044640659,0,0.319,0,40
4948,1785044640660,1785044640659,1,0.362,0,40
4949,1785044640660,1785044640660,0,0.402,0,40
4950,1785044640786,1785044640786,0,0.377,0,40
4951,1785044640786,1785044640786,0,0.353,0,40
4952,1785044640786,1785044640786,0,0.331,0,40
4953,1785044640786,1785044640786,0,0.310,0,40
4954,1785044640788,1785044640786,2,0.416,0,40
4955,1785044640788,1785044640788,0,0.515,0,40
4956,1785044640788,1785044640788,0,0.483,0,40
4957,1785044640788,1785044640788,0,0.453,0,40
4958,1785044640789,1785044640788,1,0.487,0,40
4959,1785044640789,1785044640789,0,0.519,0,40
4960,1785044640789,1785044640789,0,0.486,0,40
4961,1785044640789,1785044640789,0,0.456,0,40
4962,1785044640789,1785044640789,0,0.428,0,40
4963,1785044640915,1785044640915,0,0.401,0,40
4964,1785044640915,1785044640915,0,0.376,0,40
4965,1785044640915,1785044640915,0,0.352,0,40
4966,1785044640916,1785044640915,1,0.393,0,40
4967,1785044640916,1785044640915,1,0.368,0,40
4968,1785044640916,1785044640916,0,0.408,0,40
4969,1785044640916,1785044640916,0,0.382,0,40
4970,1785044640916,1785044640916,0,0.358,0,40
4971,1785044640916,1785044640916,0,0.336,0,40
4972,1785044640917,1785044640916,1,0.377,0,40
4973,1785044640917,1785044640917,0,0.416,0,40
4974,1785044640917,1785044640917,0,0.390,0,40
4975,1785044641043,1785044641043,0,0.366,0,40
4976,1785044641043,1785044641043,0,0.343,0,40
4977,1785044641043,1785044641043,0,0.322,0,40
4978,1785044641043,1785044641043,0,0.302,0,40
4979,1785044641043,1785044641043,0,0.283,0,40
4980,1785044641044,1785044641043,1,0.328,0,40
4981,1785044641044,1785044641044,0,0.370,0,40
4982,1785044641044,1785044641044,0,0.346,0,40
4983,1785044641044,1785044641044,0,0.325,0,40
4984,1785044641044,1785044641044,0,0.304,0,40
4985,1785044641044,1785044641044,0,0.285,0,40
4986,1785044641045,1785044641044,1,0.330,0,40
4987,1785044641045,1785044641045,0,0.372,0,40
4988,1785044641045,1785044641045,0,0.349,0,40
4989,1785044641045,1785044641045,0,0.327,0,40
4990,1785044641045,1785044641045,0,0.307,0,40
4991,1785044641146,1785044641146,0,0.287,0,0
4992,1785044641171,1785044641171,0,0.269,0,40
4993,1785044641171,1785044641171,0,0.253,0,40
4994,1785044641171,1785044641171,0,0.237,0,40
4995,1785044641171,1785044641171,0,0.222,0,40
4996,1785044641171,1785044641171,0,0.208,0,40
4997,1785044641171,1785044641171,0,0.195,0,40
4998,1785044641171,1785044641171,0,0.183,0,40
4999,1785044641172,1785044641172,0,0.171,0,40
5000,1785044641172,1785044641172,0,0.161,0,40
5001,1785044641173,1785044641172,1,0.213,0,40
5002,1785044641174,1785044641173,1,0.200,0,40
5003,1785044641174,1785044641173,1,0.187,0,40
5004,1785044641174,1785044641173,1,0.176,0,40
5005,1785044641299,1785044641299,0,0.227,0,40
5006,1785044641299,1785044641299,0,0.213,0,40
5007,1785044641300,1785044641300,0,0.200,0,40
5008,1785044641300,1785044641300,0,0.187,0,40
5009,1785044641300,1785044641300,0,0.176,0,40
5010,1785044641301,1785044641300,1,0.227,0,40
5011,1785044641301,1785044641301,0,0.275,0,40
5012,1785044641301,1785044641301,0,0.258,0,40
5013,1785044641302,1785044641302,0,0.242,0,40
5014,1785044641302,1785044641302,0,0.227,0,40
5015,1785044641303,1785044641302,1,0.275,0,40
5016,1785044641303,1785044641302,1,0.258,0,40
5017,1785044641429,1785044641429,0,0.304,0,40
5018,1785044641429,1785044641429,0,0.285,0,40
5019,1785044641429,1785044641429,0,0.268,0,40
5020,1785044641430,1785044641429,1,0.313,0,40
5021,1785044641430,1785044641429,1,0.294,0,40
5022,1785044641430,1785044641430,0,0.338,0,40
5023,1785044641430,1785044641430,0,0.317,0,40
5024,1785044641430,1785044641430,0,0.297,0,40
5025,1785044641430,1785044641430,0,0.278,0,40
5026,1785044641431,1785044641430,1,0.323,0,40
5027,1785044641431,1785044641431,0,0.366,0,40
5028,1785044641431,1785044641431,0,0.343,0,40
5029,1785044641431,1785044641431,0,0.321,0,40
5030,1785044641557,1785044641556,1,0.364,0,40
5031,1785044641557,1785044641556,1,0.341,0,40
5032,1785044641557,1785044641556,1,0.320,0,40
5033,1785044641557,1785044641557,0,0.362,0,40
5034,1785044641557,1785044641557,0,0.340,0,40
5035,1785044641559,1785044641558,1,0.381,0,40
5036,1785044641559,1785044641559,0,0.420,0,40
5037,1785044641559,1785044641559,0,0.393,0,40
5038,1785044641559,1785044641559,0,0.369,0,40
5039,1785044641559,1785044641559,0,0.346,0,40
5040,1785044641559,1785044641559,0,0.324,0,40
5041,1785044641559,1785044641559,0,0.304,0,40
5042,1785044641684,1785044641684,0,0.285,0,40
5043,1785044641684,1785044641684,0,0.267,0,40
5044,1785044641684,1785044641684,0,0.250,0,40
5045,1785044641684,1785044641684,0,0.235,0,40
5046,1785044641684,1785044641684,0,0.220,0,40
5047,1785044641686,1785044641684,2,0.331,0,40
5048,1785044641686,1785044641686,0,0.436,0,40
5049,1785044641686,1785044641686,0,0.408,0,40
5050,1785044641686,1785044641686,0,0.383,0,40
5051,1785044641686,1785044641686,0,0.359,0,40
5052,1785044641686,1785044641686,0,0.337,0,40
5053,1785044641686,1785044641686,0,0.315,0,40
5054,1785044641686,1785044641686,0,0.296,0,40
5055,1785044641812,1785044641811,1,0.340,0,40
5056,1785044641812,1785044641812,0,0.381,0,40
5057,1785044641812,1785044641812,0,0.357,0,40
5058,1785044641812,1785044641812,0,0.335,0,40
5059,1785044641812,1785044641812,0,0.314,0,40
5060,1785044641813,1785044641812,1,0.357,0,40
5061,1785044641813,1785044641812,1,0.335,0,40
5062,1785044641813,1785044641812,1,0.314,0,40
5063,1785044641813,1785044641813,0,0.357,0,40
5064,1785044641813,1785044641813,0,0.334,0,40
5065,1785044641813,1785044641813,0,0.313,0,40
5066,1785044641813,1785044641813,0,0.294,0,40
5067,1785044641939,1785044641938,1,0.338,0,40
5068,1785044641939,1785044641939,0,0.379,0,40
5069,1785044641939,1785044641939,0,0.356,0,40
5070,1785044641939,1785044641939,0,0.333,0,40
5071,1785044641939,1785044641939,0,0.313,0,40
5072,1785044641939,1785044641939,0,0.293,0,40
5073,1785044641939,1785044641939,0,0.275,0,40
5074,1785044641939,1785044641939,0,0.258,0,40
5075,1785044641940,1785044641940,0,0.241,0,40
5076,1785044641940,1785044641940,0,0.226,0,40
5077,1785044641940,1785044641940,0,0.212,0,40
5078,1785044641941,1785044641940,1,0.261,0,40
5079,1785044641941,1785044641941,0,0.308,0,40
5080,1785044642067,1785044642066,1,0.351,0,40
5081,1785044642067,1785044642067,0,0.391,0,40
5082,1785044642067,1785044642067,0,0.367,0,40
5083,1785044642067,1785044642067,0,0.344,0,40
5084,1785044642067,1785044642067,0,0.323,0,40
5085,1785044642067,1785044642067,0,0.302,0,40
5086,1785044642067,1785044642067,0,0.283,0,40
5087,1785044642067,1785044642067,0,0.266,0,40
5088,1785044642067,1785044642067,0,0.249,0,40
5089,1785044642068,1785044642067,1,0.296,0,40
5090,1785044642068,1785044642068,0,0.340,0,40
5091,1785044642068,1785044642068,0,0.319,0,40
5092,1785044642193,1785044642193,0,0.299,0,40
5093,1785044642193,1785044642193,0,0.280,0,40
5094,1785044642194,1785044642193,1,0.325,0,40
5095,1785044642194,1785044642193,1,0.305,0,40
5096,1785044642194,1785044642193,1,0.286,0,40
5097,1785044642194,1785044642193,1,0.268,0,40
5098,1785044642194,1785044642193,1,0.251,0,40
5099,1785044642194,1785044642194,0,0.298,0,40
5100,1785044642194,1785044642194,0,0.279,0,40
5101,1785044642194,1785044642194,0,0.262,0,40
5102,1785044642194,1785044642194,0,0.246,0,40
5103,1785044642194,1785044642194,0,0.230,0,40
5104,1785044642194,1785044642194,0,0.216,0,40
5105,1785044642320,1785044642320,0,0.202,0,40
5106,1785044642320,1785044642320,0,0.190,0,40
5107,1785044642320,1785044642320,0,0.178,0,40
5108,1785044642320,1785044642320,0,0.167,0,40
5109,1785044642320,1785044642320,0,0.156,0,40
5110,1785044642320,1785044642320,0,0.147,0,40
5111,1785044642320,1785044642320,0,0.137,0,40
5112,1785044642320,1785044642320,0,0.129,0,40
5113,1785044642320,1785044642320,0,0.121,0,40
5114,1785044642320,1785044642320,0,0.113,0,40
5115,1785044642320,1785044642320,0,0.106,0,40
5116,1785044642320,1785044642320,0,0.099,0,40
5117,1785044642446,1785044642446,0,0.093,0,40
5118,1785044642447,1785044642446,1,0.150,0,40
5119,1785044642448,1785044642446,2,0.203,0,40
5120,1785044642448,1785044642447,1,0.253,0,40
5121,1785044642448,1785044642447,1,0.237,0,40
5122,1785044642448,1785044642448,0,0.285,0,40
5123,1785044642448,1785044642448,0,0.267,0,40
5124,1785044642449,1785044642448,1,0.313,0,40
5125,1785044642449,1785044642448,1,0.293,0,40
5126,1785044642449,1785044642449,0,0.337,0,40
5127,1785044642449,1785044642449,0,0.316,0,40
5128,1785044642450,1785044642449,1,0.359,0,40
5129,1785044642450,1785044642450,0,0.399,0,40
5130,1785044642450,1785044642450,0,0.374,0,40
5131,1785044642450,1785044642450,0,0.351,0,40
5132,1785044642450,1785044642450,0,0.329,0,40
5133,1785044642576,1785044642576,0,0.308,0,40
5134,1785044642576,1785044642576,0,0.289,0,40
5135,1785044642576,1785044642576,0,0.271,0,40
5136,1785044642577,1785044642576,1,0.317,0,40
5137,1785044642577,1785044642577,0,0.359,0,40
5138,1785044642577,1785044642577,0,0.337,0,40
5139,1785044642577,1785044642577,0,0.316,0,40
5140,1785044642578,1785044642577,1,0.359,0,40
5141,1785044642578,1785044642578,0,0.399,0,40
5142,1785044642705,1785044642703,2,0.499,0,40
5143,1785044642705,1785044642703,2,0.468,0,40
5144,1785044642705,1785044642705,0,0.563,0,40
5145,1785044642706,1785044642705,1,0.591,0,40
5146,1785044642706,1785044642705,1,0.554,0,40
5147,1785044642706,1785044642706,0,0.582,0,40
5148,1785044642706,1785044642706,0,0.545,0,40
5149,1785044642706,1785044642706,0,0.511,0,40
5150,1785044642707,1785044642707,0,0.479,0,40
5151,1785044642707,1785044642707,0,0.449,0,40
5152,1785044642707,1785044642707,0,0.421,0,40
5153,1785044642708,1785044642707,1,0.457,0,40
5154,1785044642708,1785044642708,0,0.491,0,40
5155,1785044642708,1785044642708,0,0.461,0,40
5156,1785044642708,1785044642708,0,0.432,0,40
5157,1785044642708,1785044642708,0,0.405,0,40
5158,1785044642835,1785044642834,1,0.442,0,40
5159,1785044642835,1785044642835,0,0.477,0,40
5160,1785044642835,1785044642835,0,0.447,0,40
5161,1785044642836,1785044642836,0,0.419,0,40
5162,1785044642836,1785044642836,0,0.393,0,40
5163,1785044642836,1785044642836,0,0.368,0,40
5164,1785044642836,1785044642836,0,0.345,0,40
5165,1785044642836,1785044642836,0,0.324,0,40
5166,1785044642836,1785044642836,0,0.304,0,40
5167,1785044642838,1785044642836,2,0.410,0,40
5168,1785044642838,1785044642836,2,0.384,0,40
5169,1785044642838,1785044642838,0,0.485,0,40
5170,1785044642963,1785044642963,0,0.455,0,40
5171,1785044642963,1785044642963,0,0.426,0,40
5172,1785044642964,1785044642963,1,0.462,0,40
5173,1785044642964,1785044642963,1,0.433,0,40
5174,1785044642964,1785044642964,0,0.469,0,40
5175,1785044642964,1785044642964,0,0.439,0,40
5176,1785044642964,1785044642964,0,0.412,0,40
5177,1785044642964,1785044642964,0,0.386,0,40
5178,1785044642964,1785044642964,0,0.362,0,40
5179,1785044642966,1785044642964,2,0.464,0,40
5180,1785044642966,1785044642966,0,0.560,0,40
5181,1785044642966,1785044642966,0,0.525,0,40
5182,1785044642966,1785044642966,0,0.493,0,40
5183,1785044643092,1785044643091,1,0.524,0,40
5184,1785044643092,1785044643092,0,0.554,0,40
5185,1785044643092,1785044643092,0,0.519,0,40
5186,1785044643092,1785044643092,0,0.487,0,40
5187,1785044643092,1785044643092,0,0.456,0,40
5188,1785044643092,1785044643092,0,0.428,0,40
5189,1785044643092,1785044643092,0,0.401,0,40
5190,1785044643093,1785044643092,1,0.439,0,40
5191,1785044643093,1785044643093,0,0.474,0,40
5192,1785044643093,1785044643093,0,0.444,0,40
5193,1785044643094,1785044643093,1,0.479,0,40
5194,1785044643094,1785044643094,0,0.511,0,40
5195,1785044643220,1785044643220,0,0.479,0,40
5196,1785044643220,1785044643220,0,0.449,0,40
5197,1785044643220,1785044643220,0,0.421,0,40
5198,1785044643220,1785044643220,0,0.395,0,40
5199,1785044643220,1785044643220,0,0.370,0,40
5200,1785044643220,1785044643220,0,0.347,0,40
5201,1785044643220,1785044643220,0,0.326,0,40
5202,1785044643220,1785044643220,0,0.305,0,40
5203,1785044643220,1785044643220,0,0.286,0,40
5204,1785044643220,1785044643220,0,0.268,0,40
5205,1785044643221,1785044643220,1,0.314,0,40
5206,1785044643221,1785044643220,1,0.294,0,40
5207,1785044643221,1785044643220,1,0.276,0,40
5208,1785044643346,1785044643346,0,0.321,0,40
5209,1785044643347,1785044643346,1,0.364,0,40
5210,1785044643347,1785044643346,1,0.341,0,40
5211,1785044643347,1785044643347,0,0.382,0,40
5212,1785044643347,1785044643347,0,0.358,0,40
5213,1785044643347,1785044643347,0,0.336,0,40
5214,1785044643347,1785044643347,0,0.315,0,40
5215,1785044643348,1785044643347,1,0.358,0,40
5216,1785044643348,1785044643347,1,0.335,0,40
5217,1785044643348,1785044643348,0,0.377,0,40
5218,1785044643348,1785044643348,0,0.353,0,40
5219,1785044643348,1785044643348,0,0.331,0,40
5220,1785044643474,1785044643474,0,0.311,0,40
5221,1785044643476,1785044643474,2,0.416,0,40
5222,1785044643476,1785044643476,0,0.515,0,40
5223,1785044643476,1785044643476,0,0.483,0,40
5224,1785044643476,1785044643476,0,0.453,0,40
5225,1785044643477,1785044643477,0,0.424,0,40
5226,1785044643477,1785044643477,0,0.398,0,40
5227,1785044643477,1785044643477,0,0.373,0,40
5228,1785044643477,1785044643477,0,0.350,0,40
5229,1785044643478,1785044643477,1,0.390,0,40
5230,1785044643478,1785044643478,0,0.428,0,40
5231,1785044643478,1785044643478,0,0.402,0,40
5232,1785044643479,1785044643478,1,0.439,0,40
5233,1785044643604,1785044643604,0,0.474,0,40
5234,1785044643605,1785044643605,0,0.445,0,40
5235,1785044643605,1785044643605,0,0.417,0,40
5236,1785044643606,1785044643605,1,0.453,0,40
5237,1785044643606,1785044643606,0,0.487,0,40
5238,1785044643606,1785044643606,0,0.457,0,40
5239,1785044643606,1785044643606,0,0.428,0,40
5240,1785044643606,1785044643606,0,0.402,0,40
5241,1785044643607,1785044643607,0,0.376,0,40
5242,1785044643607,1785044643607,0,0.353,0,40
5243,1785044643608,1785044643608,0,0.331,0,40
5244,1785044643608,1785044643608,0,0.310,0,40
5245,1785044643608,1785044643608,0,0.291,0,40
5246,1785044643608,1785044643608,0,0.273,0,40
5247,1785044643608,1785044643608,0,0.256,0,40
5248,1785044643733,1785044643733,0,0.240,0,40
5249,1785044643734,1785044643733,1,0.287,0,40
5250,1785044643734,1785044643733,1,0.269,0,40
5251,1785044643734,1785044643733,1,0.252,0,40
5252,1785044643734,1785044643734,0,0.299,0,40
5253,1785044643734,1785044643734,0,0.280,0,40
5254,1785044643734,1785044643734,0,0.263,0,40
5255,1785044643734,1785044643734,0,0.246,0,40
5256,1785044643734,1785044643734,0,0.231,0,40
5257,1785044643735,1785044643734,1,0.279,0,40
5258,1785044643735,1785044643734,1,0.262,0,40
5259,1785044643735,1785044643735,0,0.308,0,40
5260,1785044643735,1785044643735,0,0.289,0,40
5261,1785044643860,1785044643860,0,0.271,0,40
5262,1785044643860,1785044643860,0,0.254,0,40
5263,1785044643860,1785044643860,0,0.238,0,40
5264,1785044643860,1785044643860,0,0.223,0,40
5265,1785044643861,1785044643860,1,0.271,0,40
5266,1785044643861,1785044643860,1,0.255,0,40
5267,1785044643861,1785044643861,0,0.301,0,40
5268,1785044643861,1785044643861,0,0.282,0,40
5269,1785044643861,1785044643861,0,0.265,0,40
5270,1785044643861,1785044643861,0,0.248,0,40
5271,1785044643861,1785044643861,0,0.233,0,40
5272,1785044643861,1785044643861,0,0.218,0,40
5273,1785044643987,1785044643987,0,0.204,0,40
5274,1785044643987,1785044643987,0,0.192,0,40
5275,1785044643988,1785044643987,1,0.242,0,40
5276,1785044643988,1785044643987,1,0.227,0,40
5277,1785044643988,1785044643988,0,0.275,0,40
5278,1785044643988,1785044643988,0,0.258,0,40
5279,1785044643988,1785044643988,0,0.242,0,40
5280,1785044643988,1785044643988,0,0.227,0,40
5281,1785044643988,1785044643988,0,0.213,0,40
5282,1785044643988,1785044643988,0,0.199,0,40
5283,1785044643988,1785044643988,0,0.187,0,40
5284,1785044643988,1785044643988,0,0.175,0,40
5285,1785044643989,1785044643988,1,0.227,0,40
5286,1785044644116,1785044644116,0,0.275,0,40
5287,1785044644116,1785044644116,0,0.258,0,40
5288,1785044644116,1785044644116,0,0.242,0,40
5289,1785044644116,1785044644116,0,0.227,0,40
5290,1785044644116,1785044644116,0,0.213,0,40
5291,1785044644118,1785044644116,2,0.324,0,40
5292,1785044644118,1785044644116,2,0.304,0,40
5293,1785044644118,1785044644118,0,0.410,0,40
5294,1785044644118,1785044644118,0,0.384,0,40
5295,1785044644118,1785044644118,0,0.360,0,40
5296,1785044644118,1785044644118,0,0.338,0,40
5297,1785044644119,1785044644119,0,0.317,0,40
5298,1785044644244,1785044644244,0,0.297,0,40
5299,1785044644246,1785044644246,0,0.278,0,40
5300,1785044644246,1785044644246,0,0.261,0,40
5301,1785044644246,1785044644246,0,0.245,0,40
5302,1785044644246,1785044644246,0,0.229,0,40
5303,1785044644246,1785044644246,0,0.215,0,40
5304,1785044644246,1785044644246,0,0.202,0,40
5305,1785044644247,1785044644247,0,0.189,0,40
5306,1785044644247,1785044644247,0,0.177,0,40
5307,1785044644248,1785044644248,0,0.166,0,40
5308,1785044644248,1785044644248,0,0.156,0,40
5309,1785044644248,1785044644248,0,0.146,0,40
5310,1785044644248,1785044644248,0,0.137,0,40
5311,1785044644373,1785044644373,0,0.128,0,40
5312,1785044644373,1785044644373,0,0.120,0,40
5313,1785044644373,1785044644373,0,0.113,0,40
5314,1785044644374,1785044644373,1,0.168,0,40
5315,1785044644374,1785044644373,1,0.158,0,40
5316,1785044644374,1785044644374,0,0.210,0,40
5317,1785044644374,1785044644374,0,0.197,0,40
5318,1785044644374,1785044644374,0,0.185,0,40
5319,1785044644374,1785044644374,0,0.173,0,40
5320,1785044644374,1785044644374,0,0.162,0,40
5321,1785044644374,1785044644374,0,0.152,0,40
5322,1785044644374,1785044644374,0,0.143,0,40
5323,1785044644500,1785044644500,0,0.134,0,40
5324,1785044644501,1785044644500,1,0.188,0,40
5325,1785044644501,1785044644500,1,0.176,0,40
5326,1785044644501,1785044644500,1,0.165,0,40
5327,1785044644501,1785044644501,0,0.217,0,40
5328,1785044644502,1785044644501,1,0.266,0,40
5329,1785044644502,1785044644502,0,0.312,0,40
5330,1785044644502,1785044644502,0,0.293,0,40
5331,1785044644503,1785044644503,0,0.274,0,40
5332,1785044644503,1785044644503,0,0.257,0,40
5333,1785044644504,1785044644504,0,0.241,0,40
5334,1785044644507,1785044644507,0,0.226,0,40
5335,1785044644507,1785044644507,0,0.212,0,40
5336,1785044644508,1785044644507,1,0.261,0,40
5337,1785044644510,1785044644510,0,0.307,0,40
5338,1785044644510,1785044644510,0,0.288,0,40
5339,1785044644637,1785044644636,1,0.333,0,40
5340,1785044644637,1785044644636,1,0.312,0,40
5341,1785044644637,1785044644637,0,0.355,0,40
5342,1785044644637,1785044644637,0,0.333,0,40
5343,1785044644638,1785044644637,1,0.374,0,40
5344,1785044644638,1785044644638,0,0.414,0,40
5345,1785044644638,1785044644638,0,0.388,0,40
5346,1785044644638,1785044644638,0,0.363,0,40
5347,1785044644638,1785044644638,0,0.341,0,40
5348,1785044644763,1785044644763,0,0.319,0,40
5349,1785044644763,1785044644763,0,0.299,0,40
5350,1785044644763,1785044644763,0,0.281,0,40
5351,1785044644763,1785044644763,0,0.263,0,40
5352,1785044644763,1785044644763,0,0.247,0,40
5353,1785044644763,1785044644763,0,0.231,0,40
5354,1785044644763,1785044644763,0,0.217,0,40
5355,1785044644765,1785044644763,2,0.328,0,40
5356,1785044644765,1785044644765,0,0.433,0,40
5357,1785044644765,1785044644765,0,0.406,0,40
5358,1785044644765,1785044644765,0,0.380,0,40
5359,1785044644765,1785044644765,0,0.357,0,40
5360,1785044644765,1785044644765,0,0.334,0,40
5361,1785044644765,1785044644765,0,0.313,0,40
5362,1785044644765,1785044644765,0,0.294,0,40
5363,1785044644765,1785044644765,0,0.275,0,40
5364,1785044644891,1785044644890,1,0.321,0,40
5365,1785044644891,1785044644890,1,0.301,0,40
5366,1785044644891,1785044644891,0,0.344,0,40
5367,1785044644891,1785044644891,0,0.323,0,40
5368,1785044644891,1785044644891,0,0.303,0,40
5369,1785044644891,1785044644891,0,0.284,0,40
5370,1785044644891,1785044644891,0,0.266,0,40
5371,1785044644893,1785044644891,2,0.374,0,40
5372,1785044644893,1785044644893,0,0.476,0,40
5373,1785044644893,1785044644893,0,0.446,0,40
5374,1785044644893,1785044644893,0,0.418,0,40
5375,1785044644893,1785044644893,0,0.392,0,40
5376,1785044645018,1785044645018,0,0.368,0,40
5377,1785044645019,1785044645018,1,0.407,0,40
5378,1785044645019,1785044645018,1,0.382,0,40
5379,1785044645019,1785044645019,0,0.420,0,40
5380,1785044645019,1785044645019,0,0.394,0,40
5381,1785044645020,1785044645019,1,0.432,0,40
5382,1785044645020,1785044645020,0,0.468,0,40
5383,1785044645020,1785044645020,0,0.438,0,40
5384,1785044645020,1785044645020,0,0.411,0,40
5385,1785044645020,1785044645020,0,0.385,0,40
5386,1785044645020,1785044645020,0,0.361,0,40
5387,1785044645020,1785044645020,0,0.339,0,40
5388,1785044645020,1785044645020,0,0.317,0,40
5389,1785044645147,1785044645146,1,0.360,0,40
5390,1785044645147,1785044645146,1,0.338,0,40
5391,1785044645147,1785044645146,1,0.316,0,40
5392,1785044645147,1785044645147,0,0.359,0,40
5393,1785044645147,1785044645147,0,0.337,0,40
5394,1785044645148,1785044645147,1,0.378,0,40
5395,1785044645148,1785044645148,0,0.417,0,40
5396,1785044645148,1785044645148,0,0.391,0,40
5397,1785044645148,1785044645148,0,0.367,0,40
5398,1785044645148,1785044645148,0,0.344,0,40
5399,1785044645148,1785044645148,0,0.322,0,40
5400,1785044645148,1785044645148,0,0.302,0,40
5401,1785044645275,1785044645274,1,0.346,0,40
5402,1785044645275,1785044645275,0,0.387,0,40
5403,1785044645275,1785044645275,0,0.362,0,40
5404,1785044645275,1785044645275,0,0.340,0,40
5405,1785044645275,1785044645275,0,0.319,0,40
5406,1785044645276,1785044645276,0,0.299,0,40
5407,1785044645276,1785044645276,0,0.280,0,40
5408,1785044645276,1785044645276,0,0.262,0,40
5409,1785044645276,1785044645276,0,0.246,0,40
5410,1785044645276,1785044645276,0,0.231,0,40
5411,1785044645276,1785044645276,0,0.216,0,40
5412,1785044645276,1785044645276,0,0.203,0,40
5413,1785044645276,1785044645276,0,0.190,0,40
5414,1785044645402,1785044645402,0,0.178,0,40
5415,1785044645402,1785044645402,0,0.167,0,40
5416,1785044645402,1785044645402,0,0.157,0,40
5417,1785044645403,1785044645402,1,0.209,0,40
5418,1785044645403,1785044645403,0,0.259,0,40
5419,1785044645403,1785044645403,0,0.243,0,40
5420,1785044645403,1785044645403,0,0.227,0,40
5421,1785044645403,1785044645403,0,0.213,0,40
5422,1785044645403,1785044645403,0,0.200,0,40
5423,1785044645403,1785044645403,0,0.187,0,40
5424,1785044645403,1785044645403,0,0.176,0,40
5425,1785044645404,1785044645403,1,0.227,0,40
5426,1785044645530,1785044645530,0,0.275,0,40
5427,1785044645530,1785044645530,0,0.258,0,40
5428,1785044645530,1785044645530,0,0.242,0,40
5429,1785044645530,1785044645530,0,0.227,0,40
5430,1785044645530,1785044645530,0,0.213,0,40
5431,1785044645530,1785044645530,0,0.200,0,40
5432,1785044645530,1785044645530,0,0.187,0,40
5433,1785044645530,1785044645530,0,0.175,0,40
5434,1785044645530,1785044645530,0,0.164,0,40
5435,1785044645530,1785044645530,0,0.154,0,40
5436,1785044645531,1785044645530,1,0.207,0,40
5437,1785044645531,1785044645531,0,0.257,0,40
5438,1785044645531,1785044645531,0,0.241,0,40
5439,1785044645657,1785044645656,1,0.288,0,40
5440,1785044645657,1785044645656,1,0.270,0,40
5441,1785044645657,1785044645657,0,0.316,0,40
5442,1785044645657,1785044645657,0,0.296,0,40
5443,1785044645657,1785044645657,0,0.277,0,40
5444,1785044645657,1785044645657,0,0.260,0,40
5445,1785044645658,1785044645657,1,0.306,0,40
5446,1785044645658,1785044645657,1,0.287,0,40
5447,1785044645658,1785044645658,0,0.332,0,40
5448,1785044645659,1785044645658,1,0.373,0,40
5449,1785044645659,1785044645659,0,0.413,0,40
5450,1785044645659,1785044645659,0,0.387,0,40
5451,1785044645785,1785044645784,1,0.425,0,40
5452,1785044645785,1785044645784,1,0.399,0,40
5453,1785044645785,1785044645785,0,0.436,0,40
5454,1785044645785,1785044645785,0,0.409,0,40
5455,1785044645786,1785044645785,1,0.446,0,40
5456,1785044645786,1785044645786,0,0.480,0,40
5457,1785044645786,1785044645786,0,0.450,0,40
5458,1785044645786,1785044645786,0,0.422,0,40
5459,1785044645787,1785044645786,1,0.458,0,40
5460,1785044645787,1785044645786,1,0.430,0,40
5461,1785044645787,1785044645787,0,0.465,0,40
5462,1785044645787,1785044645787,0,0.436,0,40
5463,1785044645787,1785044645787,0,0.409,0,40
5464,1785044645787,1785044645787,0,0.383,0,40
5465,1785044645787,1785044645787,0,0.360,0,40
5466,1785044645788,1785044645788,0,0.337,0,40
5467,1785044645914,1785044645913,1,0.378,0,40
5468,1785044645914,1785044645913,1,0.355,0,40
5469,1785044645914,1785044645914,0,0.395,0,40
5470,1785044645914,1785044645914,0,0.370,0,40
5471,1785044645915,1785044645914,1,0.410,0,40
5472,1785044645915,1785044645915,0,0.447,0,40
5473,1785044645915,1785044645915,0,0.419,0,40
5474,1785044645915,1785044645915,0,0.393,0,40
5475,1785044645916,1785044645916,0,0.368,0,40
5476,1785044646041,1785044646041,0,0.345,0,40
5477,1785044646042,1785044646041,1,0.386,0,40
5478,1785044646042,1785044646041,1,0.362,0,40
5479,1785044646042,1785044646042,0,0.402,0,40
5480,1785044646042,1785044646042,0,0.377,0,40
5481,1785044646042,1785044646042,0,0.353,0,40
5482,1785044646042,1785044646042,0,0.331,0,40
5483,1785044646042,1785044646042,0,0.310,0,40
5484,1785044646043,1785044646042,1,0.353,0,40
5485,1785044646043,1785044646043,0,0.394,0,40
5486,1785044646043,1785044646043,0,0.369,0,40
5487,1785044646043,1785044646043,0,0.346,0,40
5488,1785044646043,1785044646043,0,0.325,0,40
5489,1785044646043,1785044646043,0,0.304,0,40
5490,1785044646044,1785044646043,1,0.348,0,40
5491,1785044646044,1785044646044,0,0.388,0,40
5492,1785044646146,1785044646146,0,0.364,0,0
5493,1785044646170,1785044646170,0,0.341,0,40
5494,1785044646170,1785044646170,0,0.320,0,40
5495,1785044646170,1785044646170,0,0.300,0,40
5496,1785044646171,1785044646170,1,0.344,0,40
5497,1785044646171,1785044646171,0,0.385,0,40
5498,1785044646171,1785044646171,0,0.361,0,40
5499,1785044646171,1785044646171,0,0.338,0,40
5500,1785044646171,1785044646171,0,0.317,0,40
5501,1785044646171,1785044646171,0,0.297,0,40
5502,1785044646171,1785044646171,0,0.279,0,40
5503,1785044646171,1785044646171,0,0.261,0,40
5504,1785044646171,1785044646171,0,0.245,0,40
5505,1785044646171,1785044646171,0,0.230,0,40
5506,1785044646296,1785044646296,0,0.215,0,40
5507,1785044646296,1785044646296,0,0.202,0,40
5508,1785044646296,1785044646296,0,0.189,0,40
5509,1785044646296,1785044646296,0,0.177,0,40
5510,1785044646300,1785044646296,4,0.416,0,40
5511,1785044646300,1785044646296,4,0.390,0,40
5512,1785044646300,1785044646296,4,0.366,0,40
5513,1785044646300,1785044646296,4,0.343,0,40
5514,1785044646300,1785044646296,4,0.322,0,40
5515,1785044646300,1785044646299,1,0.489,0,40
5516,1785044646300,1785044646300,0,0.521,0,40
5517,1785044646300,1785044646300,0,0.488,0,40
5518,1785044646426,1785044646426,0,0.458,0,40
5519,1785044646426,1785044646426,0,0.429,0,40
5520,1785044646427,1785044646426,1,0.465,0,40
5521,1785044646427,1785044646427,0,0.498,0,40
5522,1785044646427,1785044646427,0,0.467,0,40
5523,1785044646427,1785044646427,0,0.438,0,40
5524,1785044646427,1785044646427,0,0.411,0,40
5525,1785044646428,1785044646427,1,0.447,0,40
5526,1785044646428,1785044646428,0,0.482,0,40
5527,1785044646428,1785044646428,0,0.452,0,40
5528,1785044646428,1785044646428,0,0.424,0,40
5529,1785044646428,1785044646428,0,0.397,0,40
5530,1785044646429,1785044646428,1,0.435,0,40
5531,1785044646554,1785044646554,0,0.470,0,40
5532,1785044646554,1785044646554,0,0.441,0,40
5533,1785044646556,1785044646554,2,0.538,0,40
5534,1785044646557,1785044646556,1,0.567,0,40
5535,1785044646557,1785044646557,0,0.594,0,40
5536,1785044646557,1785044646557,0,0.557,0,40
5537,1785044646557,1785044646557,0,0.522,0,40
5538,1785044646557,1785044646557,0,0.490,0,40
5539,1785044646558,1785044646557,1,0.521,0,40
5540,1785044646558,1785044646558,0,0.551,0,40
5541,1785044646558,1785044646558,0,0.517,0,40
5542,1785044646558,1785044646558,0,0.485,0,40
5543,1785044646685,1785044646684,1,0.517,0,40
5544,1785044646685,1785044646685,0,0.547,0,40
5545,1785044646685,1785044646685,0,0.513,0,40
5546,1785044646685,1785044646685,0,0.481,0,40
5547,1785044646685,1785044646685,0,0.451,0,40
5548,1785044646686,1785044646685,1,0.485,0,40
5549,1785044646686,1785044646686,0,0.517,0,40
5550,1785044646686,1785044646686,0,0.485,0,40
5551,1785044646686,1785044646686,0,0.455,0,40
5552,1785044646686,1785044646686,0,0.426,0,40
5553,1785044646687,1785044646686,1,0.462,0,40
5554,1785044646687,1785044646687,0,0.496,0,40
5555,1785044646687,1785044646687,0,0.465,0,40
5556,1785044646813,1785044646813,0,0.436,0,40
5557,1785044646814,1785044646813,1,0.471,0,40
5558,1785044646814,1785044646813,1,0.441,0,40
5559,1785044646814,1785044646814,0,0.476,0,40
5560,1785044646815,1785044646814,1,0.509,0,40
5561,1785044646815,1785044646814,1,0.477,0,40
5562,1785044646815,1785044646815,0,0.510,0,40
5563,1785044646815,1785044646815,0,0.478,0,40
5564,1785044646816,1785044646815,1,0.511,0,40
5565,1785044646816,1785044646816,0,0.541,0,40
5566,1785044646816,1785044646816,0,0.507,0,40
5567,1785044646816,1785044646816,0,0.476,0,40
5568,1785044646943,1785044646942,1,0.509,0,40
5569,1785044646943,1785044646942,1,0.477,0,40
5570,1785044646943,1785044646943,0,0.509,0,40
5571,1785044646943,1785044646943,0,0.478,0,40
5572,1785044646943,1785044646943,0,0.448,0,40
5573,1785044646943,1785044646943,0,0.420,0,40
5574,1785044646943,1785044646943,0,0.394,0,40
5575,1785044646943,1785044646943,0,0.369,0,40
5576,1785044646944,1785044646943,1,0.408,0,40
5577,1785044646944,1785044646944,0,0.445,0,40
5578,1785044646944,1785044646944,0,0.418,0,40
5579,1785044646944,1785044646944,0,0.391,0,40
5580,1785044646944,1785044646944,0,0.367,0,40
5581,1785044647070,1785044647069,1,0.407,0,40
5582,1785044647070,1785044647070,0,0.444,0,40
5583,1785044647070,1785044647070,0,0.416,0,40
5584,1785044647071,1785044647070,1,0.452,0,40
5585,1785044647071,1785044647071,0,0.487,0,40
5586,1785044647071,1785044647071,0,0.456,0,40
5587,1785044647072,1785044647071,1,0.490,0,40
5588,1785044647072,1785044647071,1,0.460,0,40
5589,1785044647072,1785044647072,0,0.493,0,40
5590,1785044647072,1785044647072,0,0.463,0,40
5591,1785044647073,1785044647072,1,0.496,0,40
5592,1785044647073,1785044647073,0,0.528,0,40
5593,1785044647199,1785044647199,0,0.495,0,40
5594,1785044647199,1785044647199,0,0.464,0,40
5595,1785044647199,1785044647199,0,0.435,0,40
5596,1785044647200,1785044647199,1,0.470,0,40
5597,1785044647200,1785044647199,1,0.441,0,40
5598,1785044647200,1785044647200,0,0.476,0,40
5599,1785044647200,1785044647200,0,0.446,0,40
5600,1785044647201,1785044647200,1,0.481,0,40
5601,1785044647201,1785044647201,0,0.513,0,40
5602,1785044647201,1785044647201,0,0.481,0,40
5603,1785044647201,1785044647201,0,0.451,0,40
5604,1785044647201,1785044647201,0,0.423,0,40
5605,1785044647201,1785044647201,0,0.396,0,40
5606,1785044647326,1785044647326,0,0.372,0,40
5607,1785044647326,1785044647326,0,0.348,0,40
5608,1785044647330,1785044647330,0,0.327,0,40
5609,1785044647331,1785044647330,1,0.369,0,40
5610,1785044647331,1785044647331,0,0.408,0,40
5611,1785044647331,1785044647331,0,0.383,0,40
5612,1785044647331,1785044647331,0,0.359,0,40
5613,1785044647331,1785044647331,0,0.336,0,40
5614,1785044647331,1785044647331,0,0.315,0,40
5615,1785044647331,1785044647331,0,0.296,0,40
5616,1785044647331,1785044647331,0,0.277,0,40
5617,1785044647331,1785044647331,0,0.260,0,40
5618,1785044647331,1785044647331,0,0.244,0,40
5619,1785044647331,1785044647331,0,0.228,0,40
5620,1785044647331,1785044647331,0,0.214,0,40
5621,1785044647457,1785044647457,0,0.201,0,40
5622,1785044647457,1785044647457,0,0.188,0,40
5623,1785044647457,1785044647457,0,0.176,0,40
5624,1785044647457,1785044647457,0,0.165,0,40
5625,1785044647458,1785044647457,1,0.217,0,40
5626,1785044647458,1785044647458,0,0.266,0,40
5627,1785044647458,1785044647458,0,0.250,0,40
5628,1785044647458,1785044647458,0,0.234,0,40
5629,1785044647458,1785044647458,0,0.220,0,40
5630,1785044647459,1785044647459,0,0.206,0,40
5631,1785044647459,1785044647459,0,0.193,0,40
5632,1785044647459,1785044647459,0,0.181,0,40
5633,1785044647459,1785044647459,0,0.170,0,40
5634,1785044647585,1785044647585,0,0.159,0,40
5635,1785044647585,1785044647585,0,0.149,0,40
5636,1785044647585,1785044647585,0,0.140,0,40
5637,1785044647586,1785044647585,1,0.193,0,40
5638,1785044647586,1785044647585,1,0.181,0,40
5639,1785044647586,1785044647586,0,0.233,0,40
5640,1785044647586,1785044647586,0,0.218,0,40
5641,1785044647586,1785044647586,0,0.204,0,40
5642,1785044647587,1785044647587,0,0.192,0,40
5643,1785044647587,1785044647587,0,0.180,0,40
5644,1785044647587,1785044647587,0,0.168,0,40
5645,1785044647587,1785044647587,0,0.158,0,40
5646,1785044647714,1785044647713,1,0.211,0,40
5647,1785044647714,1785044647714,0,0.260,0,40
5648,1785044647714,1785044647714,0,0.244,0,40
5649,1785044647715,1785044647714,1,0.291,0,40
5650,1785044647715,1785044647715,0,0.335,0,40
5651,1785044647715,1785044647715,0,0.314,0,40
5652,1785044647715,1785044647715,0,0.295,0,40
5653,1785044647716,1785044647715,1,0.339,0,40
5654,1785044647716,1785044647716,0,0.380,0,40
5655,1785044647716,1785044647716,0,0.356,0,40
5656,1785044647716,1785044647716,0,0.334,0,40
5657,1785044647718,1785044647718,0,0.313,0,40
5658,1785044647718,1785044647718,0,0.294,0,40
5659,1785044647843,1785044647843,0,0.275,0,40
5660,1785044647845,1785044647843,2,0.383,0,40
5661,1785044647845,1785044647843,2,0.359,0,40
5662,1785044647845,1785044647845,0,0.462,0,40
5663,1785044647845,1785044647845,0,0.433,0,40
5664,1785044647845,1785044647845,0,0.406,0,40
5665,1785044647845,1785044647845,0,0.380,0,40
5666,1785044647845,1785044647845,0,0.357,0,40
5667,1785044647845,1785044647845,0,0.334,0,40
5668,1785044647846,1785044647845,1,0.376,0,40
5669,1785044647846,1785044647846,0,0.415,0,40
5670,1785044647846,1785044647846,0,0.389,0,40
5671,1785044647973,1785044647973,0,0.365,0,40
5672,1785044647974,1785044647973,1,0.404,0,40
5673,1785044647974,1785044647974,0,0.442,0,40
5674,1785044647974,1785044647974,0,0.414,0,40
5675,1785044647974,1785044647974,0,0.388,0,40
5676,1785044647975,1785044647974,1,0.426,0,40
5677,1785044647975,1785044647974,1,0.400,0,40
5678,1785044647975,1785044647974,1,0.375,0,40
5679,1785044647975,1785044647974,1,0.351,0,40
5680,1785044647975,1785044647975,0,0.392,0,40
5681,1785044647975,1785044647975,0,0.367,0,40
5682,1785044647975,1785044647975,0,0.344,0,40
5683,1785044647975,1785044647975,0,0.323,0,40
5684,1785044648101,1785044648100,1,0.365,0,40
5685,1785044648101,1785044648100,1,0.342,0,40
5686,1785044648101,1785044648100,1,0.321,0,40
5687,1785044648101,1785044648101,0,0.363,0,40
5688,1785044648101,1785044648101,0,0.341,0,40
5689,1785044648101,1785044648101,0,0.319,0,40
5690,1785044648101,1785044648101,0,0.299,0,40
5691,1785044648101,1785044648101,0,0.281,0,40
5692,1785044648101,1785044648101,0,0.263,0,40
5693,1785044648102,1785044648101,1,0.309,0,40
5694,1785044648102,1785044648101,1,0.290,0,40
5695,1785044648102,1785044648101,1,0.272,0,40
5696,1785044648228,1785044648228,0,0.317,0,40
5697,1785044648228,1785044648228,0,0.297,0,40
5698,1785044648229,1785044648228,1,0.341,0,40
5699,1785044648229,1785044648228,1,0.320,0,40
5700,1785044648229,1785044648228,1,0.300,0,40
5701,1785044648229,1785044648229,0,0.344,0,40
5702,1785044648229,1785044648229,0,0.322,0,40
5703,1785044648229,1785044648229,0,0.302,0,40
5704,1785044648229,1785044648229,0,0.283,0,40
5705,1785044648230,1785044648229,1,0.328,0,40
5706,1785044648230,1785044648230,0,0.370,0,40
5707,1785044648230,1785044648230,0,0.347,0,40
5708,1785044648230,1785044648230,0,0.325,0,40
5709,1785044648230,1785044648230,0,0.305,0,40
5710,1785044648230,1785044648230,0,0.286,0,40
5711,1785044648231,1785044648231,0,0.268,0,40
5712,1785044648356,1785044648356,0,0.251,0,40
5713,1785044648357,1785044648356,1,0.298,0,40
5714,1785044648357,1785044648357,0,0.342,0,40
5715,1785044648357,1785044648357,0,0.321,0,40
5716,1785044648357,1785044648357,0,0.301,0,40
5717,1785044648357,1785044648357,0,0.282,0,40
5718,1785044648357,1785044648357,0,0.264,0,40
5719,1785044648358,1785044648358,0,0.248,0,40
5720,1785044648358,1785044648358,0,0.232,0,40
5721,1785044648484,1785044648484,0,0.218,0,40
5722,1785044648485,1785044648484,1,0.267,0,40
5723,1785044648485,1785044648484,1,0.250,0,40
5724,1785044648485,1785044648485,0,0.297,0,40
5725,1785044648485,1785044648485,0,0.278,0,40
5726,1785044648485,1785044648485,0,0.261,0,40
5727,1785044648485,1785044648485,0,0.245,0,40
5728,1785044648485,1785044648485,0,0.229,0,40
5729,1785044648485,1785044648485,0,0.215,0,40
5730,1785044648485,1785044648485,0,0.201,0,40
5731,1785044648485,1785044648485,0,0.189,0,40
5732,1785044648486,1785044648485,1,0.240,0,40
5733,1785044648486,1785044648486,0,0.287,0,40
5734,1785044648486,1785044648486,0,0.269,0,40
5735,1785044648486,1785044648486,0,0.252,0,40
5736,1785044648486,1785044648486,0,0.237,0,40
5737,1785044648612,1785044648612,0,0.222,0,40
5738,1785044648612,1785044648612,0,0.208,0,40
5739,1785044648612,1785044648612,0,0.195,0,40
5740,1785044648612,1785044648612,0,0.183,0,40
5741,1785044648612,1785044648612,0,0.171,0,40
5742,1785044648613,1785044648613,0,0.161,0,40
5743,1785044648613,1785044648613,0,0.151,0,40
5744,1785044648613,1785044648613,0,0.141,0,40
5745,1785044648613,1785044648613,0,0.132,0,40
5746,1785044648613,1785044648613,0,0.124,0,40
5747,1785044648613,1785044648613,0,0.116,0,40
5748,1785044648613,1785044648613,0,0.109,0,40
5749,1785044648740,1785044648740,0,0.102,0,40
5750,1785044648740,1785044648740,0,0.096,0,40
5751,1785044648740,1785044648740,0,0.090,0,40
5752,1785044648740,1785044648740,0,0.084,0,40
5753,1785044648740,1785044648740,0,0.079,0,40
5754,1785044648740,1785044648740,0,0.074,0,40
5755,1785044648741,1785044648740,1,0.132,0,40
5756,1785044648741,1785044648741,0,0.186,0,40
5757,1785044648741,1785044648741,0,0.175,0,40
5758,1785044648741,1785044648741,0,0.164,0,40
5759,1785044648741,1785044648741,0,0.153,0,40
5760,1785044648741,1785044648741,0,0.144,0,40
5761,1785044648741,1785044648741,0,0.135,0,40
5762,1785044648866,1785044648866,0,0.126,0,40
5763,1785044648866,1785044648866,0,0.118,0,40
5764,1785044648866,1785044648866,0,0.111,0,40
5765,1785044648866,1785044648866,0,0.104,0,40
5766,1785044648866,1785044648866,0,0.098,0,40
5767,1785044648866,1785044648866,0,0.092,0,40
5768,1785044648866,1785044648866,0,0.086,0,40
5769,1785044648866,1785044648866,0,0.080,0,40
5770,1785044648866,1785044648866,0,0.075,0,40
5771,1785044648866,1785044648866,0,0.071,0,40
5772,1785044648866,1785044648866,0,0.066,0,40
5773,1785044648866,1785044648866,0,0.062,0,40
5774,1785044648992,1785044648992,0,0.058,0,40
5775,1785044648992,1785044648992,0,0.055,0,40
5776,1785044648992,1785044648992,0,0.051,0,40
5777,1785044648992,1785044648992,0,0.048,0,40
5778,1785044648992,1785044648992,0,0.045,0,40
5779,1785044648992,1785044648992,0,0.042,0,40
5780,1785044648992,1785044648992,0,0.040,0,40
5781,1785044648992,1785044648992,0,0.037,0,40
5782,1785044648992,1785044648992,0,0.035,0,40
5783,1785044648992,1785044648992,0,0.033,0,40
5784,1785044648992,1785044648992,0,0.031,0,40
5785,1785044648992,1785044648992,0,0.029,0,40
5786,1785044648992,1785044648992,0,0.027,0,40
5787,1785044649118,1785044649118,0,0.025,0,40
5788,1785044649119,1785044649118,1,0.086,0,40
5789,1785044649119,1785044649119,0,0.143,0,40
5790,1785044649119,1785044649119,0,0.134,0,40
5791,1785044649119,1785044649119,0,0.126,0,40
5792,1785044649119,1785044649119,0,0.118,0,40
5793,1785044649120,1785044649119,1,0.173,0,40
5794,1785044649120,1785044649120,0,0.225,0,40
5795,1785044649120,1785044649120,0,0.211,0,40
5796,1785044649120,1785044649120,0,0.198,0,40
5797,1785044649120,1785044649120,0,0.185,0,40
5798,1785044649121,1785044649120,1,0.236,0,40
5799,1785044649246,1785044649246,0,0.284,0,40
5800,1785044649247,1785044649246,1,0.329,0,40
5801,1785044649247,1785044649246,1,0.308,0,40
5802,1785044649247,1785044649247,0,0.351,0,40
5803,1785044649247,1785044649247,0,0.329,0,40
5804,1785044649247,1785044649247,0,0.309,0,40
5805,1785044649247,1785044649247,0,0.290,0,40
5806,1785044649247,1785044649247,0,0.271,0,40
5807,1785044649247,1785044649247,0,0.254,0,40
5808,1785044649248,1785044649247,1,0.301,0,40
5809,1785044649248,1785044649248,0,0.345,0,40
5810,1785044649248,1785044649248,0,0.323,0,40
5811,1785044649248,1785044649248,0,0.303,0,40
5812,1785044649374,1785044649373,1,0.347,0,40
5813,1785044649374,1785044649373,1,0.325,0,40
5814,1785044649374,1785044649373,1,0.305,0,40
5815,1785044649374,1785044649374,0,0.348,0,40
5816,1785044649374,1785044649374,0,0.326,0,40
5817,1785044649374,1785044649374,0,0.306,0,40
5818,1785044649374,1785044649374,0,0.287,0,40
5819,1785044649374,1785044649374,0,0.269,0,40
5820,1785044649374,1785044649374,0,0.252,0,40
5821,1785044649374,1785044649374,0,0.236,0,40
5822,1785044649374,1785044649374,0,0.222,0,40
5823,1785044649374,1785044649374,0,0.208,0,40
5824,1785044649500,1785044649500,0,0.195,0,40
5825,1785044649501,1785044649500,1,0.245,0,40
5826,1785044649501,1785044649500,1,0.230,0,40
5827,1785044649501,1785044649501,0,0.278,0,40
5828,1785044649501,1785044649501,0,0.260,0,40
5829,1785044649501,1785044649501,0,0.244,0,40
5830,1785044649501,1785044649501,0,0.229,0,40
5831,1785044649501,1785044649501,0,0.215,0,40
5832,1785044649502,1785044649502,0,0.201,0,40
5833,1785044649502,1785044649502,0,0.189,0,40
5834,1785044649502,1785044649502,0,0.177,0,40
5835,1785044649503,1785044649502,1,0.228,0,40
5836,1785044649503,1785044649503,0,0.277,0,40
5837,1785044649630,1785044649629,1,0.322,0,40
5838,1785044649630,1785044649629,1,0.302,0,40
5839,1785044649630,1785044649630,0,0.345,0,40
5840,1785044649630,1785044649630,0,0.324,0,40
5841,1785044649630,1785044649630,0,0.303,0,40
5842,1785044649631,1785044649630,1,0.347,0,40
5843,1785044649631,1785044649630,1,0.325,0,40
5844,1785044649631,1785044649631,0,0.367,0,40
5845,1785044649631,1785044649631,0,0.345,0,40
5846,1785044649631,1785044649631,0,0.323,0,40
5847,1785044649631,1785044649631,0,0.303,0,40
5848,1785044649632,1785044649631,1,0.346,0,40
5849,1785044649757,1785044649757,0,0.387,0,40
5850,1785044649758,1785044649757,1,0.426,0,40
5851,1785044649758,1785044649757,1,0.399,0,40
5852,1785044649758,1785044649757,1,0.374,0,40
5853,1785044649758,1785044649758,0,0.413,0,40
5854,1785044649758,1785044649758,0,0.387,0,40
5855,1785044649758,1785044649758,0,0.363,0,40
5856,1785044649758,1785044649758,0,0.340,0,40
5857,1785044649758,1785044649758,0,0.319,0,40
5858,1785044649758,1785044649758,0,0.299,0,40
5859,1785044649758,1785044649758,0,0.280,0,40
5860,1785044649758,1785044649758,0,0.263,0,40
5861,1785044649759,1785044649758,1,0.309,0,40
5862,1785044649884,1785044649884,0,0.352,0,40
5863,1785044649885,1785044649884,1,0.393,0,40
5864,1785044649885,1785044649885,0,0.431,0,40
5865,1785044649885,1785044649885,0,0.404,0,40
5866,1785044649885,1785044649885,0,0.379,0,40
5867,1785044649886,1785044649885,1,0.417,0,40
5868,1785044649886,1785044649886,0,0.454,0,40
5869,1785044649886,1785044649886,0,0.425,0,40
5870,1785044649886,1785044649886,0,0.399,0,40
5871,1785044649886,1785044649886,0,0.374,0,40
5872,1785044649886,1785044649886,0,0.351,0,40
5873,1785044649886,1785044649886,0,0.329,0,40
5874,1785044650012,1785044650012,0,0.308,0,40
5875,1785044650012,1785044650012,0,0.289,0,40
5876,1785044650013,1785044650012,1,0.333,0,40
5877,1785044650013,1785044650012,1,0.312,0,40
5878,1785044650013,1785044650013,0,0.355,0,40
5879,1785044650013,1785044650013,0,0.333,0,40
5880,1785044650013,1785044650013,0,0.312,0,40
5881,1785044650013,1785044650013,0,0.293,0,40
5882,1785044650013,1785044650013,0,0.275,0,40
5883,1785044650013,1785044650013,0,0.257,0,40
5884,1785044650013,1785044650013,0,0.241,0,40
5885,1785044650014,1785044650013,1,0.289,0,40
5886,1785044650014,1785044650014,0,0.333,0,40
5887,1785044650014,1785044650014,0,0.312,0,40
5888,1785044650014,1785044650014,0,0.293,0,40
5889,1785044650014,1785044650014,0,0.275,0,40
5890,1785044650140,1785044650139,1,0.320,0,40
5891,1785044650140,1785044650139,1,0.300,0,40
5892,1785044650140,1785044650139,1,0.281,0,40
5893,1785044650140,1785044650140,0,0.326,0,40
5894,1785044650140,1785044650140,0,0.306,0,40
5895,1785044650141,1785044650140,1,0.349,0,40
5896,1785044650141,1785044650141,0,0.390,0,40
5897,1785044650141,1785044650141,0,0.365,0,40
5898,1785044650141,1785044650141,0,0.343,0,40
5899,1785044650141,1785044650141,0,0.321,0,40
5900,1785044650141,1785044650141,0,0.301,0,40
5901,1785044650142,1785044650141,1,0.345,0,40
5902,1785044650267,1785044650266,1,0.323,0,40
5903,1785044650267,1785044650266,1,0.303,0,40
5904,1785044650267,1785044650267,0,0.347,0,40
5905,1785044650267,1785044650267,0,0.325,0,40
5906,1785044650268,1785044650267,1,0.367,0,40
5907,1785044650268,1785044650268,0,0.407,0,40
5908,1785044650268,1785044650268,0,0.381,0,40
5909,1785044650268,1785044650268,0,0.357,0,40
5910,1785044650268,1785044650268,0,0.335,0,40
5911,1785044650269,1785044650269,0,0.314,0,40
5912,1785044650269,1785044650269,0,0.295,0,40
5913,1785044650269,1785044650269,0,0.276,0,40
5914,1785044650269,1785044650269,0,0.259,0,40
5915,1785044650396,1785044650396,0,0.243,0,40
5916,1785044650397,1785044650396,1,0.290,0,40
5917,1785044650397,1785044650396,1,0.272,0,40
5918,1785044650397,1785044650397,0,0.317,0,40
5919,1785044650397,1785044650397,0,0.298,0,40
5920,1785044650397,1785044650397,0,0.279,0,40
5921,1785044650397,1785044650397,0,0.262,0,40
5922,1785044650398,1785044650398,0,0.245,0,40
5923,1785044650398,1785044650398,0,0.230,0,40
5924,1785044650398,1785044650398,0,0.215,0,40
5925,1785044650398,1785044650398,0,0.202,0,40
5926,1785044650398,1785044650398,0,0.189,0,40
5927,1785044650524,1785044650524,0,0.178,0,40
5928,1785044650553,1785044650524,29,1.979,0,40
5929,1785044650553,1785044650524,29,1.855,0,40
5930,1785044650553,1785044650524,29,1.739,0,40
5931,1785044650553,1785044650524,29,1.631,0,40
5932,1785044650553,1785044650524,29,1.529,0,40
5933,1785044650553,1785044650524,29,1.433,0,40
5934,1785044650553,1785044650526,27,1.469,0,40
5935,1785044650553,1785044650526,27,1.377,0,40
5936,1785044650553,1785044650526,27,1.291,0,40
5937,1785044650553,1785044650526,27,1.210,0,40
5938,1785044650554,1785044650526,28,1.197,0,40
5939,1785044650554,1785044650526,28,1.122,0,40
5940,1785044650651,1785044650651,0,2.802,0,40
5941,1785044650651,1785044650651,0,2.627,0,40
5942,1785044650652,1785044650651,1,2.525,0,40
5943,1785044650652,1785044650651,1,2.367,0,40
5944,1785044650652,1785044650652,0,2.282,0,40
5945,1785044650652,1785044650652,0,2.139,0,40
5946,1785044650652,1785044650652,0,2.006,0,40
5947,1785044650652,1785044650652,0,1.880,0,40
5948,1785044650652,1785044650652,0,1.763,0,40
5949,1785044650652,1785044650652,0,1.653,0,40
5950,1785044650653,1785044650653,0,1.549,0,40
5951,1785044650653,1785044650653,0,1.452,0,40
5952,1785044650778,1785044650778,0,1.362,0,40
5953,1785044650779,1785044650779,0,1.277,0,40
5954,1785044650779,1785044650779,0,1.197,0,40
5955,1785044650779,1785044650779,0,1.122,0,40
5956,1785044650779,1785044650779,0,1.052,0,40
5957,1785044650780,1785044650780,0,0.986,0,40
5958,1785044650780,1785044650780,0,0.924,0,40
5959,1785044650780,1785044650780,0,0.867,0,40
5960,1785044650780,1785044650780,0,0.813,0,40
5961,1785044650780,1785044650780,0,0.762,0,40
5962,1785044650780,1785044650780,0,0.714,0,40
5963,1785044650781,1785044650780,1,0.732,0,40
5964,1785044650781,1785044650781,0,0.749,0,40
5965,1785044650908,1785044650907,1,0.764,0,40
5966,1785044650908,1785044650907,1,0.717,0,40
5967,1785044650908,1785044650908,0,0.734,0,40
5968,1785044650908,1785044650908,0,0.688,0,40
5969,1785044650908,1785044650908,0,0.645,0,40
5970,1785044650908,1785044650908,0,0.605,0,40
5971,1785044650908,1785044650908,0,0.567,0,40
5972,1785044650908,1785044650908,0,0.532,0,40
5973,1785044650908,1785044650908,0,0.499,0,40
5974,1785044650908,1785044650908,0,0.467,0,40
5975,1785044650908,1785044650908,0,0.438,0,40
5976,1785044650909,1785044650908,1,0.473,0,40
5977,1785044651035,1785044651035,0,0.506,0,40
5978,1785044651035,1785044651035,0,0.475,0,40
5979,1785044651036,1785044651036,0,0.445,0,40
5980,1785044651036,1785044651036,0,0.417,0,40
5981,1785044651036,1785044651036,0,0.391,0,40
5982,1785044651037,1785044651036,1,0.429,0,40
5983,1785044651037,1785044651037,0,0.465,0,40
5984,1785044651037,1785044651037,0,0.436,0,40
5985,1785044651037,1785044651037,0,0.409,0,40
5986,1785044651037,1785044651037,0,0.383,0,40
5987,1785044651038,1785044651037,1,0.422,0,40
5988,1785044651038,1785044651037,1,0.395,0,40
5989,1785044651038,1785044651038,0,0.433,0,40
5990,1785044651146,1785044651146,0,0.406,0,0
5991,1785044651163,1785044651163,0,0.381,0,40
5992,1785044651164,1785044651163,1,0.419,0,40
5993,1785044651164,1785044651163,1,0.393,0,40
5994,1785044651164,1785044651163,1,0.369,0,40
5995,1785044651164,1785044651164,0,0.408,0,40
5996,1785044651164,1785044651164,0,0.382,0,40
5997,1785044651164,1785044651164,0,0.359,0,40
5998,1785044651164,1785044651164,0,0.336,0,40
5999,1785044651165,1785044651164,1,0.378,0,40
6000,1785044651165,1785044651165,0,0.417,0,40
6001,1785044651165,1785044651165,0,0.391,0,40
6002,1785044651165,1785044651165,0,0.366,0,40
6003,1785044651290,1785044651290,0,0.343,0,40
6004,1785044651290,1785044651290,0,0.322,0,40
6005,1785044651290,1785044651290,0,0.302,0,40
6006,1785044651290,1785044651290,0,0.283,0,40
6007,1785044651291,1785044651290,1,0.328,0,40
6008,1785044651291,1785044651291,0,0.370,0,40
6009,1785044651291,1785044651291,0,0.347,0,40
6010,1785044651291,1785044651291,0,0.325,0,40
6011,1785044651291,1785044651291,0,0.305,0,40
6012,1785044651291,1785044651291,0,0.286,0,40
6013,1785044651292,1785044651291,1,0.330,0,40
6014,1785044651292,1785044651292,0,0.372,0,40
6015,1785044651292,1785044651292,0,0.349,0,40
6016,1785044651292,1785044651292,0,0.327,0,40
6017,1785044651293,1785044651292,1,0.369,0,40
6018,1785044651293,1785044651293,0,0.409,0,40
6019,1785044651419,1785044651419,0,0.383,0,40
6020,1785044651419,1785044651419,0,0.359,0,40
6021,1785044651420,1785044651419,1,0.399,0,40
6022,1785044651420,1785044651419,1,0.374,0,40
6023,1785044651420,1785044651420,0,0.413,0,40
6024,1785044651420,1785044651420,0,0.387,0,40
6025,1785044651421,1785044651420,1,0.426,0,40
6026,1785044651421,1785044651420,1,0.399,0,40
6027,1785044651421,1785044651421,0,0.437,0,40
6028,1785044651421,1785044651421,0,0.409,0,40
6029,1785044651422,1785044651421,1,0.446,0,40
6030,1785044651422,1785044651422,0,0.481,0,40
6031,1785044651422,1785044651422,0,0.451,0,40
6032,1785044651548,1785044651548,0,0.423,0,40
6033,1785044651549,1785044651548,1,0.459,0,40
6034,1785044651549,1785044651548,1,0.430,0,40
6035,1785044651549,1785044651548,1,0.403,0,40
6036,1785044651549,1785044651549,0,0.440,0,40
6037,1785044651549,1785044651549,0,0.413,0,40
6038,1785044651549,1785044651549,0,0.387,0,40
6039,1785044651550,1785044651549,1,0.425,0,40
6040,1785044651550,1785044651550,0,0.461,0,40
6041,1785044651550,1785044651550,0,0.433,0,40
6042,1785044651550,1785044651550,0,0.405,0,40
6043,1785044651550,1785044651550,0,0.380,0,40
6044,1785044651676,1785044651676,0,0.356,0,40
6045,1785044651676,1785044651676,0,0.334,0,40
6046,1785044651676,1785044651676,0,0.313,0,40
6047,1785044651676,1785044651676,0,0.294,0,40
6048,1785044651677,1785044651676,1,0.338,0,40
6049,1785044651677,1785044651676,1,0.317,0,40
6050,1785044651677,1785044651676,1,0.297,0,40
6051,1785044651677,1785044651677,0,0.341,0,40
6052,1785044651677,1785044651677,0,0.320,0,40
6053,1785044651677,1785044651677,0,0.300,0,40
6054,1785044651677,1785044651677,0,0.281,0,40
6055,1785044651677,1785044651677,0,0.263,0,40
6056,1785044651678,1785044651678,0,0.247,0,40
6057,1785044651803,1785044651803,0,0.231,0,40
6058,1785044651803,1785044651803,0,0.217,0,40
6059,1785044651804,1785044651803,1,0.266,0,40
6060,1785044651804,1785044651803,1,0.249,0,40
6061,1785044651804,1785044651804,0,0.296,0,40
6062,1785044651805,1785044651804,1,0.340,0,40
6063,1785044651805,1785044651804,1,0.319,0,40
6064,1785044651805,1785044651804,1,0.299,0,40
6065,1785044651805,1785044651805,0,0.343,0,40
6066,1785044651805,1785044651805,0,0.321,0,40
6067,1785044651806,1785044651805,1,0.364,0,40
6068,1785044651806,1785044651805,1,0.341,0,40
6069,1785044651932,1785044651932,0,0.382,0,40
6070,1785044651933,1785044651932,1,0.421,0,40
6071,1785044651933,1785044651932,1,0.395,0,40
6072,1785044651933,1785044651933,0,0.432,0,40
6073,1785044651933,1785044651933,0,0.405,0,40
6074,1785044651933,1785044651933,0,0.380,0,40
6075,1785044651933,1785044651933,0,0.356,0,40
6076,1785044651933,1785044651933,0,0.334,0,40
6077,1785044651934,1785044651933,1,0.376,0,40
6078,1785044651934,1785044651934,0,0.415,0,40
6079,1785044651934,1785044651934,0,0.389,0,40
6080,1785044651934,1785044651934,0,0.364,0,40
6081,1785044651934,1785044651934,0,0.342,0,40
6082,1785044652060,1785044652060,0,0.320,0,40
6083,1785044652060,1785044652060,0,0.300,0,40
6084,1785044652060,1785044652060,0,0.282,0,40
6085,1785044652060,1785044652060,0,0.264,0,40
6086,1785044652060,1785044652060,0,0.247,0,40
6087,1785044652060,1785044652060,0,0.232,0,40
6088,1785044652060,1785044652060,0,0.217,0,40
6089,1785044652061,1785044652060,1,0.266,0,40
6090,1785044652061,1785044652061,0,0.312,0,40
6091,1785044652061,1785044652061,0,0.293,0,40
6092,1785044652061,1785044652061,0,0.274,0,40
6093,1785044652061,1785044652061,0,0.257,0,40
6094,1785044652187,1785044652187,0,0.241,0,40
6095,1785044652187,1785044652187,0,0.226,0,40
6096,1785044652187,1785044652187,0,0.212,0,40
6097,1785044652187,1785044652187,0,0.199,0,40
6098,1785044652187,1785044652187,0,0.186,0,40
6099,1785044652188,1785044652187,1,0.237,0,40
6100,1785044652188,1785044652188,0,0.285,0,40
6101,1785044652188,1785044652188,0,0.267,0,40
6102,1785044652188,1785044652188,0,0.250,0,40
6103,1785044652188,1785044652188,0,0.235,0,40
6104,1785044652188,1785044652188,0,0.220,0,40
6105,1785044652189,1785044652189,0,0.206,0,40
6106,1785044652189,1785044652189,0,0.193,0,40
6107,1785044652316,1785044652316,0,0.181,0,40
6108,1785044652316,1785044652316,0,0.170,0,40
6109,1785044652317,1785044652316,1,0.222,0,40
6110,1785044652317,1785044652316,1,0.208,0,40
6111,1785044652317,1785044652317,0,0.257,0,40
6112,1785044652317,1785044652317,0,0.241,0,40
6113,1785044652317,1785044652317,0,0.226,0,40
6114,1785044652318,1785044652317,1,0.275,0,40
6115,1785044652318,1785044652318,0,0.320,0,40
6116,1785044652318,1785044652318,0,0.300,0,40
6117,1785044652318,1785044652318,0,0.281,0,40
6118,1785044652318,1785044652318,0,0.264,0,40
6119,1785044652443,1785044652443,0,0.247,0,40
6120,1785044652443,1785044652443,0,0.232,0,40
6121,1785044652443,1785044652443,0,0.217,0,40
6122,1785044652444,1785044652443,1,0.266,0,40
6123,1785044652444,1785044652443,1,0.250,0,40
6124,1785044652444,1785044652444,0,0.296,0,40
6125,1785044652444,1785044652444,0,0.278,0,40
6126,1785044652444,1785044652444,0,0.261,0,40
6127,1785044652444,1785044652444,0,0.244,0,40
6128,1785044652444,1785044652444,0,0.229,0,40
6129,1785044652446,1785044652444,2,0.340,0,40
6130,1785044652446,1785044652446,0,0.443,0,40
6131,1785044652446,1785044652446,0,0.416,0,40
6132,1785044652572,1785044652571,1,0.452,0,40
6133,1785044652572,1785044652571,1,0.424,0,40
6134,1785044652572,1785044652572,0,0.460,0,40
6135,1785044652572,1785044652572,0,0.431,0,40
6136,1785044652572,1785044652572,0,0.404,0,40
6137,1785044652572,1785044652572,0,0.379,0,40
6138,1785044652574,1785044652572,2,0.480,0,40
6139,1785044652574,1785044652574,0,0.575,0,40
6140,1785044652574,1785044652574,0,0.539,0,40
6141,1785044652575,1785044652574,1,0.568,0,40
6142,1785044652575,1785044652575,0,0.595,0,40
6143,1785044652575,1785044652575,0,0.558,0,40
6144,1785044652701,1785044652701,0,0.523,0,40
6145,1785044652702,1785044652701,1,0.553,0,40
6146,1785044652702,1785044652701,1,0.518,0,40
6147,1785044652702,1785044652702,0,0.548,0,40
6148,1785044652702,1785044652702,0,0.514,0,40
6149,1785044652702,1785044652702,0,0.482,0,40
6150,1785044652702,1785044652702,0,0.452,0,40
6151,1785044652703,1785044652702,1,0.486,0,40
6152,1785044652703,1785044652703,0,0.518,0,40
6153,1785044652703,1785044652703,0,0.486,0,40
6154,1785044652703,1785044652703,0,0.456,0,40
6155,1785044652703,1785044652703,0,0.427,0,40
6156,1785044652703,1785044652703,0,0.400,0,40
6157,1785044652703,1785044652703,0,0.375,0,40
6158,1785044652703,1785044652703,0,0.352,0,40
6159,1785044652704,1785044652703,1,0.392,0,40
6160,1785044652828,1785044652828,0,0.430,0,40
6161,1785044652829,1785044652828,1,0.466,0,40
6162,1785044652829,1785044652829,0,0.499,0,40
6163,1785044652829,1785044652829,0,0.468,0,40
6164,1785044652829,1785044652829,0,0.439,0,40
6165,1785044652829,1785044652829,0,0.411,0,40
6166,1785044652829,1785044652829,0,0.386,0,40
6167,1785044652829,1785044652829,0,0.362,0,40
6168,1785044652830,1785044652829,1,0.402,0,40
6169,1785044652830,1785044652830,0,0.439,0,40
6170,1785044652830,1785044652830,0,0.411,0,40
6171,1785044652830,1785044652830,0,0.386,0,40
6172,1785044652957,1785044652956,1,0.424,0,40
6173,1785044652957,1785044652956,1,0.398,0,40
6174,1785044652958,1785044652957,1,0.373,0,40
6175,1785044652958,1785044652957,1,0.349,0,40
6176,1785044652958,1785044652958,0,0.390,0,40
6177,1785044652958,1785044652958,0,0.366,0,40
6178,1785044652959,1785044652958,1,0.405,0,40
6179,1785044652959,1785044652958,1,0.380,0,40
6180,1785044652959,1785044652959,0,0.419,0,40
6181,1785044652960,1785044652959,1,0.455,0,40
6182,1785044652960,1785044652959,1,0.427,0,40
6183,1785044652960,1785044652960,0,0.463,0,40
6184,1785044652961,1785044652960,1,0.496,0,40
6185,1785044653086,1785044653086,0,0.528,0,40
6186,1785044653087,1785044653086,1,0.557,0,40
6187,1785044653087,1785044653087,0,0.585,0,40
6188,1785044653087,1785044653087,0,0.548,0,40
6189,1785044653087,1785044653087,0,0.514,0,40
6190,1785044653087,1785044653087,0,0.482,0,40
6191,1785044653087,1785044653087,0,0.452,0,40
6192,1785044653088,1785044653087,1,0.486,0,40
6193,1785044653088,1785044653088,0,0.518,0,40
6194,1785044653088,1785044653088,0,0.486,0,40
6195,1785044653088,1785044653088,0,0.455,0,40
6196,1785044653088,1785044653088,0,0.427,0,40
6197,1785044653215,1785044653215,0,0.400,0,40
6198,1785044653216,1785044653215,1,0.438,0,40
6199,1785044653216,1785044653216,0,0.473,0,40
6200,1785044653216,1785044653216,0,0.443,0,40
6201,1785044653216,1785044653216,0,0.416,0,40
6202,1785044653217,1785044653216,1,0.452,0,40
6203,1785044653217,1785044653217,0,0.486,0,40
6204,1785044653217,1785044653217,0,0.456,0,40
6205,1785044653219,1785044653218,1,0.490,0,40
6206,1785044653219,1785044653219,0,0.522,0,40
6207,1785044653219,1785044653219,0,0.489,0,40
6208,1785044653219,1785044653219,0,0.459,0,40
6209,1785044653220,1785044653219,1,0.492,0,40
6210,1785044653346,1785044653346,0,0.524,0,40
6211,1785044653346,1785044653346,0,0.491,0,40
6212,1785044653346,1785044653346,0,0.461,0,40
6213,1785044653346,1785044653346,0,0.432,0,40
6214,1785044653346,1785044653346,0,0.405,0,40
6215,1785044653346,1785044653346,0,0.380,0,40
6216,1785044653346,1785044653346,0,0.356,0,40
6217,1785044653348,1785044653346,2,0.459,0,40
6218,1785044653348,1785044653348,0,0.555,0,40
6219,1785044653348,1785044653348,0,0.520,0,40
6220,1785044653348,1785044653348,0,0.488,0,40
6221,1785044653348,1785044653348,0,0.457,0,40
6222,1785044653474,1785044653474,0,0.429,0,40
6223,1785044653475,1785044653474,1,0.464,0,40
6224,1785044653475,1785044653474,1,0.435,0,40
6225,1785044653475,1785044653475,0,0.471,0,40
6226,1785044653475,1785044653475,0,0.441,0,40
6227,1785044653475,1785044653475,0,0.414,0,40
6228,1785044653475,1785044653475,0,0.388,0,40
6229,1785044653475,1785044653475,0,0.364,0,40
6230,1785044653476,1785044653476,0,0.341,0,40
6231,1785044653476,1785044653476,0,0.320,0,40
6232,1785044653476,1785044653476,0,0.300,0,40
6233,1785044653476,1785044653476,0,0.281,0,40
6234,1785044653476,1785044653476,0,0.263,0,40
6235,1785044653602,1785044653601,1,0.309,0,40
6236,1785044653602,1785044653601,1,0.290,0,40
6237,1785044653602,1785044653602,0,0.334,0,40
6238,1785044653602,1785044653602,0,0.313,0,40
6239,1785044653602,1785044653602,0,0.294,0,40
6240,1785044653602,1785044653602,0,0.276,0,40
6241,1785044653602,1785044653602,0,0.258,0,40
6242,1785044653603,1785044653602,1,0.305,0,40
6243,1785044653603,1785044653603,0,0.348,0,40
6244,1785044653603,1785044653603,0,0.326,0,40
6245,1785044653603,1785044653603,0,0.306,0,40
6246,1785044653603,1785044653603,0,0.287,0,40
6247,1785044653728,1785044653728,0,0.269,0,40
6248,1785044653728,1785044653728,0,0.252,0,40
6249,1785044653728,1785044653728,0,0.236,0,40
6250,1785044653728,1785044653728,0,0.222,0,40
6251,1785044653728,1785044653728,0,0.208,0,40
6252,1785044653729,1785044653729,0,0.195,0,40
6253,1785044653730,1785044653729,1,0.245,0,40
6254,1785044653730,1785044653729,1,0.230,0,40
6255,1785044653730,1785044653730,0,0.278,0,40
6256,1785044653730,1785044653730,0,0.261,0,40
6257,1785044653730,1785044653730,0,0.244,0,40
6258,1785044653730,1785044653730,0,0.229,0,40
6259,1785044653730,1785044653730,0,0.215,0,40
6260,1785044653856,1785044653856,0,0.201,0,40
6261,1785044653856,1785044653856,0,0.189,0,40
6262,1785044653857,1785044653856,1,0.239,0,40
6263,1785044653857,1785044653856,1,0.224,0,40
6264,1785044653857,1785044653856,1,0.210,0,40
6265,1785044653857,1785044653857,0,0.260,0,40
6266,1785044653857,1785044653857,0,0.244,0,40
6267,1785044653857,1785044653857,0,0.228,0,40
6268,1785044653857,1785044653857,0,0.214,0,40
6269,1785044653857,1785044653857,0,0.201,0,40
6270,1785044653857,1785044653857,0,0.188,0,40
6271,1785044653858,1785044653857,1,0.239,0,40
6272,1785044653983,1785044653983,0,0.286,0,40
6273,1785044653983,1785044653983,0,0.269,0,40
6274,1785044653983,1785044653983,0,0.252,0,40
6275,1785044653983,1785044653983,0,0.236,0,40
6276,1785044653983,1785044653983,0,0.221,0,40
6277,1785044653983,1785044653983,0,0.207,0,40
6278,1785044653983,1785044653983,0,0.194,0,40
6279,1785044653983,1785044653983,0,0.182,0,40
6280,1785044653983,1785044653983,0,0.171,0,40
6281,1785044653983,1785044653983,0,0.160,0,40
6282,1785044653983,1785044653983,0,0.150,0,40
6283,1785044653983,1785044653983,0,0.141,0,40
6284,1785044653983,1785044653983,0,0.132,0,40
6285,1785044653983,1785044653983,0,0.124,0,40
6286,1785044653983,1785044653983,0,0.116,0,40
6287,1785044653983,1785044653983,0,0.109,0,40
6288,1785044654109,1785044654109,0,0.102,0,40
6289,1785044654109,1785044654109,0,0.096,0,40
6290,1785044654109,1785044654109,0,0.090,0,40
6291,1785044654110,1785044654109,1,0.147,0,40
6292,1785044654110,1785044654110,0,0.200,0,40
6293,1785044654110,1785044654110,0,0.187,0,40
6294,1785044654111,1785044654110,1,0.238,0,40
6295,1785044654111,1785044654111,0,0.286,0,40
6296,1785044654111,1785044654111,0,0.268,0,40
6297,1785044654111,1785044654111,0,0.251,0,40
6298,1785044654112,1785044654112,0,0.235,0,40
6299,1785044654112,1785044654112,0,0.221,0,40
6300,1785044654238,1785044654238,0,0.207,0,40
6301,1785044654239,1785044654238,1,0.257,0,40
6302,1785044654239,1785044654238,1,0.240,0,40
6303,1785044654239,1785044654239,0,0.288,0,40
6304,1785044654239,1785044654239,0,0.270,0,40
6305,1785044654239,1785044654239,0,0.253,0,40
6306,1785044654240,1785044654239,1,0.300,0,40
6307,1785044654240,1785044654240,0,0.344,0,40
6308,1785044654240,1785044654240,0,0.322,0,40
6309,1785044654240,1785044654240,0,0.302,0,40
6310,1785044654240,1785044654240,0,0.283,0,40
6311,1785044654241,1785044654240,1,0.328,0,40
6312,1785044654241,1785044654240,1,0.307,0,40
6313,1785044654366,1785044654366,0,0.351,0,40
6314,1785044654367,1785044654366,1,0.391,0,40
6315,1785044654367,1785044654366,1,0.367,0,40
6316,1785044654367,1785044654367,0,0.406,0,40
6317,1785044654367,1785044654367,0,0.381,0,40
6318,1785044654368,1785044654367,1,0.420,0,40
6319,1785044654368,1785044654368,0,0.456,0,40
6320,1785044654368,1785044654368,0,0.427,0,40
6321,1785044654368,1785044654368,0,0.401,0,40
6322,1785044654368,1785044654368,0,0.376,0,40
6323,1785044654368,1785044654368,0,0.352,0,40
6324,1785044654369,1785044654368,1,0.393,0,40
6325,1785044654496,1785044654496,0,0.431,0,40
6326,1785044654497,1785044654496,1,0.466,0,40
6327,1785044654497,1785044654496,1,0.437,0,40
6328,1785044654497,1785044654496,1,0.410,0,40
6329,1785044654497,1785044654497,0,0.447,0,40
6330,1785044654497,1785044654497,0,0.419,0,40
6331,1785044654497,1785044654497,0,0.393,0,40
6332,1785044654497,1785044654497,0,0.368,0,40
6333,1785044654497,1785044654497,0,0.345,0,40
6334,1785044654497,1785044654497,0,0.323,0,40
6335,1785044654497,1785044654497,0,0.303,0,40
6336,1785044654497,1785044654497,0,0.284,0,40
6337,1785044654497,1785044654497,0,0.267,0,40
6338,1785044654622,1785044654622,0,0.250,0,40
6339,1785044654622,1785044654622,0,0.234,0,40
6340,1785044654622,1785044654622,0,0.220,0,40
6341,1785044654622,1785044654622,0,0.206,0,40
6342,1785044654622,1785044654622,0,0.193,0,40
6343,1785044654622,1785044654622,0,0.181,0,40
6344,1785044654622,1785044654622,0,0.170,0,40
6345,1785044654624,1785044654622,2,0.284,0,40
6346,1785044654624,1785044654624,0,0.391,0,40
6347,1785044654624,1785044654624,0,0.367,0,40
6348,1785044654624,1785044654624,0,0.344,0,40
6349,1785044654624,1785044654624,0,0.322,0,40
6350,1785044654751,1785044654750,1,0.365,0,40
6351,1785044654751,1785044654750,1,0.342,0,40
6352,1785044654751,1785044654751,0,0.383,0,40
6353,1785044654751,1785044654751,0,0.359,0,40
6354,1785044654751,1785044654751,0,0.337,0,40
6355,1785044654752,1785044654751,1,0.378,0,40
6356,1785044654752,1785044654752,0,0.417,0,40
6357,1785044654752,1785044654752,0,0.391,0,40
6358,1785044654753,1785044654752,1,0.429,0,40
6359,1785044654753,1785044654753,0,0.465,0,40
6360,1785044654753,1785044654753,0,0.436,0,40
6361,1785044654753,1785044654753,0,0.408,0,40
6362,1785044654754,1785044654753,1,0.445,0,40
6363,1785044654878,1785044654878,0,0.480,0,40
6364,1785044654878,1785044654878,0,0.450,0,40
6365,1785044654878,1785044654878,0,0.422,0,40
6366,1785044654878,1785044654878,0,0.396,0,40
6367,1785044654878,1785044654878,0,0.371,0,40
6368,1785044654878,1785044654878,0,0.348,0,40
6369,1785044654878,1785044654878,0,0.326,0,40
6370,1785044654878,1785044654878,0,0.306,0,40
6371,1785044654879,1785044654878,1,0.349,0,40
6372,1785044654879,1785044654879,0,0.390,0,40
6373,1785044654879,1785044654879,0,0.365,0,40
6374,1785044654879,1785044654879,0,0.342,0,40
6375,1785044655006,1785044655005,1,0.384,0,40
6376,1785044655006,1785044655006,0,0.422,0,40
6377,1785044655006,1785044655006,0,0.396,0,40
6378,1785044655006,1785044655006,0,0.371,0,40
6379,1785044655006,1785044655006,0,0.348,0,40
6380,1785044655007,1785044655006,1,0.389,0,40
6381,1785044655007,1785044655007,0,0.427,0,40
6382,1785044655008,1785044655008,0,0.400,0,40
6383,1785044655008,1785044655008,0,0.375,0,40
6384,1785044655008,1785044655008,0,0.352,0,40
6385,1785044655009,1785044655008,1,0.392,0,40
6386,1785044655009,1785044655009,0,0.430,0,40
6387,1785044655009,1785044655009,0,0.403,0,40
6388,1785044655135,1785044655134,1,0.441,0,40
6389,1785044655135,1785044655134,1,0.413,0,40
6390,1785044655135,1785044655135,0,0.450,0,40
6391,1785044655135,1785044655135,0,0.422,0,40
6392,1785044655136,1785044655135,1,0.458,0,40
6393,1785044655136,1785044655135,1,0.429,0,40
6394,1785044655136,1785044655136,0,0.465,0,40
6395,1785044655137,1785044655136,1,0.498,0,40
6396,1785044655137,1785044655137,0,0.530,0,40
6397,1785044655137,1785044655137,0,0.497,0,40
6398,1785044655137,1785044655137,0,0.466,0,40
6399,1785044655137,1785044655137,0,0.436,0,40
6400,1785044655265,1785044655262,3,0.597,0,40
6401,1785044655266,1785044655265,1,0.684,0,40
6402,1785044655266,1785044655266,0,0.704,0,40
6403,1785044655266,1785044655266,0,0.660,0,40
6404,1785044655266,1785044655266,0,0.619,0,40
6405,1785044655266,1785044655266,0,0.580,0,40
6406,1785044655266,1785044655266,0,0.544,0,40
6407,1785044655266,1785044655266,0,0.510,0,40
6408,1785044655266,1785044655266,0,0.478,0,40
6409,1785044655266,1785044655266,0,0.448,0,40
6410,1785044655266,1785044655266,0,0.420,0,40
6411,1785044655268,1785044655266,2,0.519,0,40
6412,1785044655268,1785044655266,2,0.486,0,40
6413,1785044655268,1785044655268,0,0.581,0,40
6414,1785044655268,1785044655268,0,0.545,0,40
6415,1785044655268,1785044655268,0,0.511,0,40
6416,1785044655394,1785044655393,1,0.541,0,40
6417,1785044655394,1785044655394,0,0.570,0,40
6418,1785044655394,1785044655394,0,0.534,0,40
6419,1785044655394,1785044655394,0,0.501,0,40
6420,1785044655394,1785044655394,0,0.470,0,40
6421,1785044655396,1785044655394,2,0.565,0,40
6422,1785044655396,1785044655394,2,0.530,0,40
6423,1785044655396,1785044655396,0,0.622,0,40
6424,1785044655396,1785044655396,0,0.583,0,40
6425,1785044655396,1785044655396,0,0.547,0,40
6426,1785044655396,1785044655396,0,0.512,0,40
6427,1785044655397,1785044655396,1,0.543,0,40
6428,1785044655523,1785044655523,0,0.571,0,40
6429,1785044655523,1785044655523,0,0.536,0,40
6430,1785044655523,1785044655523,0,0.502,0,40
6431,1785044655524,1785044655524,0,0.471,0,40
6432,1785044655524,1785044655524,0,0.441,0,40
6433,1785044655524,1785044655524,0,0.414,0,40
6434,1785044655524,1785044655524,0,0.388,0,40
6435,1785044655524,1785044655524,0,0.364,0,40
6436,1785044655524,1785044655524,0,0.341,0,40
6437,1785044655524,1785044655524,0,0.320,0,40
6438,1785044655524,1785044655524,0,0.300,0,40
6439,1785044655526,1785044655524,2,0.406,0,40
6440,1785044655526,1785044655526,0,0.506,0,40
6441,1785044655652,1785044655652,0,0.474,0,40
6442,1785044655653,1785044655653,0,0.444,0,40
6443,1785044655653,1785044655653,0,0.417,0,40
6444,1785044655653,1785044655653,0,0.391,0,40
6445,1785044655653,1785044655653,0,0.366,0,40
6446,1785044655654,1785044655654,0,0.343,0,40
6447,1785044655656,1785044655654,2,0.447,0,40
6448,1785044655656,1785044655656,0,0.544,0,40
6449,1785044655656,1785044655656,0,0.510,0,40
6450,1785044655656,1785044655656,0,0.478,0,40
6451,1785044655656,1785044655656,0,0.448,0,40
6452,1785044655658,1785044655656,2,0.545,0,40
6453,1785044655783,1785044655783,0,0.636,0,40
6454,1785044655784,1785044655783,1,0.659,0,40
6455,1785044655784,1785044655783,1,0.618,0,40
6456,1785044655784,1785044655783,1,0.579,0,40
6457,1785044655784,1785044655784,0,0.605,0,40
6458,1785044655784,1785044655784,0,0.568,0,40
6459,1785044655784,1785044655784,0,0.532,0,40
6460,1785044655784,1785044655784,0,0.499,0,40
6461,1785044655785,1785044655784,1,0.530,0,40
6462,1785044655785,1785044655785,0,0.559,0,40
6463,1785044655785,1785044655785,0,0.525,0,40
6464,1785044655785,1785044655785,0,0.492,0,40
6465,1785044655785,1785044655785,0,0.461,0,40
6466,1785044655911,1785044655911,0,0.432,0,40
6467,1785044655912,1785044655911,1,0.468,0,40
6468,1785044655912,1785044655912,0,0.501,0,40
6469,1785044655912,1785044655912,0,0.470,0,40
6470,1785044655912,1785044655912,0,0.440,0,40
6471,1785044655912,1785044655912,0,0.413,0,40
6472,1785044655912,1785044655912,0,0.387,0,40
6473,1785044655913,1785044655912,1,0.425,0,40
6474,1785044655913,1785044655913,0,0.461,0,40
6475,1785044655913,1785044655913,0,0.432,0,40
6476,1785044655913,1785044655913,0,0.405,0,40
6477,1785044655913,1785044655913,0,0.380,0,40
6478,1785044656039,1785044656039,0,0.356,0,40
6479,1785044656040,1785044656039,1,0.397,0,40
6480,1785044656040,1785044656040,0,0.434,0,40
6481,1785044656040,1785044656040,0,0.407,0,40
6482,1785044656040,1785044656040,0,0.382,0,40
6483,1785044656040,1785044656040,0,0.358,0,40
6484,1785044656041,1785044656040,1,0.398,0,40
6485,1785044656041,1785044656041,0,0.436,0,40
6486,1785044656041,1785044656041,0,0.408,0,40
6487,1785044656041,1785044656041,0,0.383,0,40
6488,1785044656041,1785044656041,0,0.359,0,40
6489,1785044656041,1785044656041,0,0.336,0,40
6490,1785044656041,1785044656041,0,0.315,0,40
6491,1785044656041,1785044656041,0,0.296,0,40
6492,1785044656042,1785044656041,1,0.340,0,40
6493,1785044656042,1785044656041,1,0.318,0,40
6494,1785044656146,1785044656146,0,0.361,0,0
6495,1785044656167,1785044656167,0,0.339,0,40
6496,1785044656167,1785044656167,0,0.317,0,40
6497,1785044656167,1785044656167,0,0.298,0,40
6498,1785044656167,1785044656167,0,0.279,0,40
6499,1785044656168,1785044656167,1,0.324,0,40
6500,1785044656168,1785044656168,0,0.366,0,40
6501,1785044656168,1785044656168,0,0.343,0,40
6502,1785044656169,1785044656168,1,0.384,0,40
6503,1785044656169,1785044656169,0,0.423,0,40
6504,1785044656169,1785044656169,0,0.396,0,40
6505,1785044656169,1785044656169,0,0.372,0,40
6506,1785044656169,1785044656169,0,0.348,0,40
6507,1785044656170,1785044656169,1,0.389,0,40
6508,1785044656296,1785044656296,0,0.427,0,40
6509,1785044656296,1785044656296,0,0.401,0,40
6510,1785044656296,1785044656296,0,0.376,0,40
6511,1785044656296,1785044656296,0,0.352,0,40
6512,1785044656296,1785044656296,0,0.330,0,40
6513,1785044656296,1785044656296,0,0.309,0,40
6514,1785044656297,1785044656296,1,0.353,0,40
6515,1785044656297,1785044656297,0,0.393,0,40
6516,1785044656297,1785044656297,0,0.369,0,40
6517,1785044656297,1785044656297,0,0.345,0,40
6518,1785044656297,1785044656297,0,0.324,0,40
6519,1785044656297,1785044656297,0,0.304,0,40
6520,1785044656423,1785044656423,0,0.285,0,40
6521,1785044656423,1785044656423,0,0.267,0,40
6522,1785044656423,1785044656423,0,0.250,0,40
6523,1785044656423,1785044656423,0,0.235,0,40
6524,1785044656423,1785044656423,0,0.220,0,40
6525,1785044656423,1785044656423,0,0.206,0,40
6526,1785044656423,1785044656423,0,0.193,0,40
6527,1785044656423,1785044656423,0,0.181,0,40
6528,1785044656424,1785044656423,1,0.232,0,40
6529,1785044656424,1785044656423,1,0.218,0,40
6530,1785044656424,1785044656423,1,0.204,0,40
6531,1785044656424,1785044656423,1,0.191,0,40
6532,1785044656424,1785044656423,1,0.180,0,40
6533,1785044656549,1785044656549,0,0.231,0,40
6534,1785044656549,1785044656549,0,0.216,0,40
6535,1785044656549,1785044656549,0,0.203,0,40
6536,1785044656549,1785044656549,0,0.190,0,40
6537,1785044656549,1785044656549,0,0.178,0,40
6538,1785044656549,1785044656549,0,0.167,0,40
6539,1785044656549,1785044656549,0,0.157,0,40
6540,1785044656550,1785044656549,1,0.209,0,40
6541,1785044656550,1785044656550,0,0.259,0,40
6542,1785044656550,1785044656550,0,0.243,0,40
6543,1785044656550,1785044656550,0,0.227,0,40
6544,1785044656550,1785044656550,0,0.213,0,40
6545,1785044656677,1785044656676,1,0.262,0,40
6546,1785044656677,1785044656676,1,0.246,0,40
6547,1785044656677,1785044656677,0,0.293,0,40
6548,1785044656677,1785044656677,0,0.275,0,40
6549,1785044656677,1785044656677,0,0.258,0,40
6550,1785044656678,1785044656678,0,0.242,0,40
6551,1785044656678,1785044656678,0,0.226,0,40
6552,1785044656678,1785044656678,0,0.212,0,40
6553,1785044656678,1785044656678,0,0.199,0,40
6554,1785044656678,1785044656678,0,0.187,0,40
6555,1785044656679,1785044656679,0,0.175,0,40
6556,1785044656679,1785044656679,0,0.164,0,40
6557,1785044656679,1785044656679,0,0.154,0,40
6558,1785044656804,1785044656804,0,0.144,0,40
6559,1785044656804,1785044656804,0,0.135,0,40
6560,1785044656804,1785044656804,0,0.127,0,40
6561,1785044656804,1785044656804,0,0.119,0,40
6562,1785044656804,1785044656804,0,0.111,0,40
6563,1785044656804,1785044656804,0,0.104,0,40
6564,1785044656804,1785044656804,0,0.098,0,40
6565,1785044656804,1785044656804,0,0.092,0,40
6566,1785044656804,1785044656804,0,0.086,0,40
6567,1785044656806,1785044656804,2,0.206,0,40
6568,1785044656806,1785044656804,2,0.193,0,40
6569,1785044656806,1785044656804,2,0.181,0,40
6570,1785044656930,1785044656930,0,0.294,0,40
6571,1785044656930,1785044656930,0,0.276,0,40
6572,1785044656930,1785044656930,0,0.259,0,40
6573,1785044656930,1785044656930,0,0.243,0,40
6574,1785044656930,1785044656930,0,0.227,0,40
6575,1785044656930,1785044656930,0,0.213,0,40
6576,1785044656931,1785044656930,1,0.262,0,40
6577,1785044656931,1785044656931,0,0.309,0,40
6578,1785044656931,1785044656931,0,0.289,0,40
6579,1785044656931,1785044656931,0,0.271,0,40
6580,1785044656931,1785044656931,0,0.254,0,40
6581,1785044656931,1785044656931,0,0.238,0,40
6582,1785044656931,1785044656931,0,0.223,0,40
6583,1785044657058,1785044657058,0,0.209,0,40
6584,1785044657058,1785044657058,0,0.196,0,40
6585,1785044657058,1785044657058,0,0.184,0,40
6586,1785044657058,1785044657058,0,0.173,0,40
6587,1785044657058,1785044657058,0,0.162,0,40
6588,1785044657059,1785044657058,1,0.214,0,40
6589,1785044657059,1785044657058,1,0.201,0,40
6590,1785044657059,1785044657059,0,0.251,0,40
6591,1785044657059,1785044657059,0,0.235,0,40
6592,1785044657060,1785044657060,0,0.220,0,40
6593,1785044657060,1785044657060,0,0.207,0,40
6594,1785044657060,1785044657060,0,0.194,0,40
6595,1785044657186,1785044657186,0,0.182,0,40
6596,1785044657186,1785044657186,0,0.170,0,40
6597,1785044657188,1785044657188,0,0.160,0,40
6598,1785044657188,1785044657188,0,0.150,0,40
6599,1785044657189,1785044657189,0,0.140,0,40
6600,1785044657189,1785044657189,0,0.132,0,40
6601,1785044657190,1785044657189,1,0.186,0,40
6602,1785044657190,1785044657189,1,0.174,0,40
6603,1785044657190,1785044657190,0,0.226,0,40
6604,1785044657190,1785044657190,0,0.212,0,40
6605,1785044657190,1785044657190,0,0.198,0,40
6606,1785044657191,1785044657190,1,0.249,0,40
6607,1785044657191,1785044657191,0,0.296,0,40
6608,1785044657316,1785044657316,0,0.277,0,40
6609,1785044657316,1785044657316,0,0.260,0,40
6610,1785044657316,1785044657316,0,0.243,0,40
6611,1785044657316,1785044657316,0,0.228,0,40
6612,1785044657316,1785044657316,0,0.214,0,40
6613,1785044657316,1785044657316,0,0.201,0,40
6614,1785044657316,1785044657316,0,0.188,0,40
6615,1785044657316,1785044657316,0,0.176,0,40
6616,1785044657316,1785044657316,0,0.165,0,40
6617,1785044657316,1785044657316,0,0.155,0,40
6618,1785044657318,1785044657316,2,0.270,0,40
6619,1785044657318,1785044657318,0,0.378,0,40
6620,1785044657445,1785044657445,0,0.355,0,40
6621,1785044657445,1785044657445,0,0.333,0,40
6622,1785044657445,1785044657445,0,0.312,0,40
6623,1785044657445,1785044657445,0,0.292,0,40
6624,1785044657445,1785044657445,0,0.274,0,40
6625,1785044657446,1785044657445,1,0.319,0,40
6626,1785044657446,1785044657445,1,0.299,0,40
6627,1785044657446,1785044657445,1,0.281,0,40
6628,1785044657446,1785044657445,1,0.263,0,40
6629,1785044657446,1785044657446,0,0.309,0,40
6630,1785044657446,1785044657446,0,0.290,0,40
6631,1785044657446,1785044657446,0,0.272,0,40
6632,1785044657446,1785044657446,0,0.255,0,40
6633,1785044657572,1785044657572,0,0.239,0,40
6634,1785044657572,1785044657572,0,0.224,0,40
6635,1785044657572,1785044657572,0,0.210,0,40
6636,1785044657573,1785044657572,1,0.259,0,40
6637,1785044657573,1785044657573,0,0.306,0,40
6638,1785044657573,1785044657573,0,0.287,0,40
6639,1785044657573,1785044657573,0,0.269,0,40
6640,1785044657573,1785044657573,0,0.252,0,40
6641,1785044657573,1785044657573,0,0.236,0,40
6642,1785044657573,1785044657573,0,0.221,0,40
6643,1785044657575,1785044657575,0,0.207,0,40
6644,1785044657575,1785044657575,0,0.195,0,40
6645,1785044657703,1785044657703,0,0.182,0,40
6646,1785044657703,1785044657703,0,0.171,0,40
6647,1785044657705,1785044657703,2,0.285,0,40
6648,1785044657705,1785044657705,0,0.392,0,40
6649,1785044657705,1785044657705,0,0.368,0,40
6650,1785044657705,1785044657705,0,0.345,0,40
6651,1785044657705,1785044657705,0,0.323,0,40
6652,1785044657705,1785044657705,0,0.303,0,40
6653,1785044657705,1785044657705,0,0.284,0,40
6654,1785044657705,1785044657705,0,0.266,0,40
6655,1785044657706,1785044657705,1,0.312,0,40
6656,1785044657706,1785044657706,0,0.355,0,40
6657,1785044657706,1785044657706,0,0.333,0,40
6658,1785044657706,1785044657706,0,0.312,0,40
6659,1785044657706,1785044657706,0,0.293,0,40
6660,1785044657706,1785044657706,0,0.274,0,40
6661,1785044657833,1785044657832,1,0.320,0,40
6662,1785044657833,1785044657832,1,0.300,0,40
6663,1785044657833,1785044657833,0,0.344,0,40
6664,1785044657833,1785044657833,0,0.322,0,40
6665,1785044657834,1785044657833,1,0.364,0,40
6666,1785044657834,1785044657834,0,0.404,0,40
6667,1785044657834,1785044657834,0,0.379,0,40
6668,1785044657834,1785044657834,0,0.355,0,40
6669,1785044657834,1785044657834,0,0.333,0,40
6670,1785044657834,1785044657834,0,0.312,0,40
6671,1785044657835,1785044657834,1,0.355,0,40
6672,1785044657835,1785044657835,0,0.396,0,40
6673,1785044657961,1785044657961,0,0.371,0,40
6674,1785044657962,1785044657961,1,0.410,0,40
6675,1785044657962,1785044657961,1,0.384,0,40
6676,1785044657962,1785044657962,0,0.423,0,40
6677,1785044657962,1785044657962,0,0.397,0,40
6678,1785044657962,1785044657962,0,0.372,0,40
6679,1785044657962,1785044657962,0,0.349,0,40
6680,1785044657962,1785044657962,0,0.327,0,40
6681,1785044657962,1785044657962,0,0.306,0,40
6682,1785044657962,1785044657962,0,0.287,0,40
6683,1785044657962,1785044657962,0,0.269,0,40
6684,1785044657962,1785044657962,0,0.252,0,40
6685,1785044657962,1785044657962,0,0.237,0,40
6686,1785044658088,1785044658088,0,0.222,0,40
6687,1785044658088,1785044658088,0,0.208,0,40
6688,1785044658089,1785044658088,1,0.257,0,40
6689,1785044658089,1785044658089,0,0.304,0,40
6690,1785044658089,1785044658089,0,0.285,0,40
6691,1785044658089,1785044658089,0,0.267,0,40
6692,1785044658089,1785044658089,0,0.250,0,40
6693,1785044658090,1785044658089,1,0.297,0,40
6694,1785044658090,1785044658090,0,0.341,0,40
6695,1785044658090,1785044658090,0,0.320,0,40
6696,1785044658090,1785044658090,0,0.300,0,40
6697,1785044658091,1785044658090,1,0.344,0,40
6698,1785044658217,1785044658217,0,0.385,0,40
6699,1785044658218,1785044658217,1,0.423,0,40
6700,1785044658218,1785044658217,1,0.397,0,40
6701,1785044658218,1785044658217,1,0.372,0,40
6702,1785044658218,1785044658218,0,0.411,0,40
6703,1785044658218,1785044658218,0,0.385,0,40
6704,1785044658218,1785044658218,0,0.361,0,40
6705,1785044658218,1785044658218,0,0.339,0,40
6706,1785044658218,1785044658218,0,0.318,0,40
6707,1785044658218,1785044658218,0,0.298,0,40
6708,1785044658218,1785044658218,0,0.279,0,40
6709,1785044658218,1785044658218,0,0.262,0,40
6710,1785044658219,1785044658219,0,0.245,0,40
6711,1785044658344,1785044658344,0,0.230,0,40
6712,1785044658344,1785044658344,0,0.216,0,40
6713,1785044658344,1785044658344,0,0.202,0,40
6714,1785044658344,1785044658344,0,0.190,0,40
6715,1785044658346,1785044658344,2,0.303,0,40
6716,1785044658346,1785044658346,0,0.409,0,40
6717,1785044658346,1785044658346,0,0.383,0,40
6718,1785044658346,1785044658346,0,0.359,0,40
6719,1785044658346,1785044658346,0,0.337,0,40
6720,1785044658346,1785044658346,0,0.316,0,40
6721,1785044658346,1785044658346,0,0.296,0,40
6722,1785044658346,1785044658346,0,0.278,0,40
6723,1785044658471,1785044658471,0,0.260,0,40
6724,1785044658471,1785044658471,0,0.244,0,40
6725,1785044658471,1785044658471,0,0.229,0,40
6726,1785044658472,1785044658471,1,0.277,0,40
6727,1785044658472,1785044658471,1,0.260,0,40
6728,1785044658472,1785044658471,1,0.243,0,40
6729,1785044658472,1785044658472,0,0.291,0,40
6730,1785044658472,1785044658472,0,0.272,0,40
6731,1785044658472,1785044658472,0,0.255,0,40
6732,1785044658472,1785044658472,0,0.239,0,40
6733,1785044658472,1785044658472,0,0.225,0,40
6734,1785044658472,1785044658472,0,0.210,0,40
6735,1785044658473,1785044658472,1,0.260,0,40
6736,1785044658598,1785044658598,0,0.306,0,40
6737,1785044658598,1785044658598,0,0.287,0,40
6738,1785044658598,1785044658598,0,0.269,0,40
6739,1785044658600,1785044658598,2,0.377,0,40
6740,1785044658600,1785044658598,2,0.354,0,40
6741,1785044658600,1785044658600,0,0.457,0,40
6742,1785044658600,1785044658600,0,0.428,0,40
6743,1785044658600,1785044658600,0,0.401,0,40
6744,1785044658600,1785044658600,0,0.376,0,40
6745,1785044658600,1785044658600,0,0.353,0,40
6746,1785044658600,1785044658600,0,0.331,0,40
6747,1785044658601,1785044658600,1,0.372,0,40
6748,1785044658726,1785044658726,0,0.412,0,40
6749,1785044658730,1785044658726,4,0.636,0,40
6750,1785044658730,1785044658726,4,0.596,0,40
6751,1785044658730,1785044658726,4,0.559,0,40
6752,1785044658730,1785044658726,4,0.524,0,40
6753,1785044658731,1785044658728,3,0.554,0,40
6754,1785044658731,1785044658728,3,0.519,0,40
6755,1785044658731,1785044658728,3,0.487,0,40
6756,1785044658731,1785044658728,3,0.456,0,40
6757,1785044658731,1785044658728,3,0.428,0,40
6758,1785044658731,1785044658728,3,0.401,0,40
6759,1785044658731,1785044658728,3,0.376,0,40
6760,1785044658731,1785044658729,2,0.415,0,40
6761,1785044658731,1785044658729,2,0.389,0,40
6762,1785044658731,1785044658729,2,0.365,0,40
6763,1785044658731,1785044658729,2,0.342,0,40
6764,1785044658854,1785044658854,0,0.446,0,40
6765,1785044658854,1785044658854,0,0.418,0,40
6766,1785044658854,1785044658854,0,0.392,0,40
6767,1785044658854,1785044658854,0,0.367,0,40
6768,1785044658856,1785044658854,2,0.469,0,40
6769,1785044658856,1785044658854,2,0.440,0,40
6770,1785044658856,1785044658856,0,0.537,0,40
6771,1785044658856,1785044658856,0,0.504,0,40
6772,1785044658856,1785044658856,0,0.472,0,40
6773,1785044658856,1785044658856,0,0.443,0,40
6774,1785044658856,1785044658856,0,0.415,0,40
6775,1785044658856,1785044658856,0,0.389,0,40
6776,1785044658981,1785044658981,0,0.365,0,40
6777,1785044658981,1785044658981,0,0.342,0,40
6778,1785044658981,1785044658981,0,0.321,0,40
6779,1785044658981,1785044658981,0,0.301,0,40
6780,1785044658982,1785044658981,1,0.344,0,40
6781,1785044658982,1785044658981,1,0.323,0,40
6782,1785044658982,1785044658982,0,0.365,0,40
6783,1785044658982,1785044658982,0,0.342,0,40
6784,1785044658982,1785044658982,0,0.321,0,40
6785,1785044658982,1785044658982,0,0.301,0,40
6786,1785044658982,1785044658982,0,0.282,0,40
6787,1785044658982,1785044658982,0,0.264,0,40
6788,1785044658983,1785044658982,1,0.310,0,40
6789,1785044659109,1785044659108,1,0.291,0,40
6790,1785044659109,1785044659109,0,0.335,0,40
6791,1785044659109,1785044659109,0,0.314,0,40
6792,1785044659110,1785044659109,1,0.357,0,40
6793,1785044659110,1785044659110,0,0.397,0,40
6794,1785044659110,1785044659110,0,0.373,0,40
6795,1785044659110,1785044659110,0,0.349,0,40
6796,1785044659110,1785044659110,0,0.327,0,40
6797,1785044659110,1785044659110,0,0.307,0,40
6798,1785044659110,1785044659110,0,0.288,0,40
6799,1785044659110,1785044659110,0,0.270,0,40
6800,1785044659110,1785044659110,0,0.253,0,40
6801,1785044659237,1785044659236,1,0.300,0,40
6802,1785044659237,1785044659236,1,0.281,0,40
6803,1785044659237,1785044659237,0,0.326,0,40
6804,1785044659237,1785044659237,0,0.305,0,40
6805,1785044659238,1785044659237,1,0.349,0,40
6806,1785044659238,1785044659237,1,0.327,0,40
6807,1785044659238,1785044659237,1,0.307,0,40
6808,1785044659238,1785044659238,0,0.350,0,40
6809,1785044659239,1785044659238,1,0.391,0,40
6810,1785044659239,1785044659239,0,0.429,0,40
6811,1785044659239,1785044659239,0,0.402,0,40
6812,1785044659239,1785044659239,0,0.377,0,40
6813,1785044659239,1785044659239,0,0.353,0,40
6814,1785044659364,1785044659364,0,0.331,0,40
6815,1785044659365,1785044659364,1,0.373,0,40
6816,1785044659365,1785044659364,1,0.350,0,40
6817,1785044659365,1785044659365,0,0.390,0,40
6818,1785044659365,1785044659365,0,0.366,0,40
6819,1785044659365,1785044659365,0,0.343,0,40
6820,1785044659366,1785044659365,1,0.384,0,40
6821,1785044659366,1785044659365,1,0.360,0,40
6822,1785044659366,1785044659366,0,0.400,0,40
6823,1785044659366,1785044659366,0,0.375,0,40
6824,1785044659366,1785044659366,0,0.352,0,40
6825,1785044659366,1785044659366,0,0.330,0,40
6826,1785044659492,1785044659492,0,0.309,0,40
6827,1785044659493,1785044659492,1,0.352,0,40
6828,1785044659493,1785044659492,1,0.330,0,40
6829,1785044659493,1785044659493,0,0.372,0,40
6830,1785044659493,1785044659493,0,0.349,0,40
6831,1785044659493,1785044659493,0,0.327,0,40
6832,1785044659493,1785044659493,0,0.307,0,40
6833,1785044659493,1785044659493,0,0.287,0,40
6834,1785044659493,1785044659493,0,0.269,0,40
6835,1785044659493,1785044659493,0,0.253,0,40
6836,1785044659493,1785044659493,0,0.237,0,40
6837,1785044659493,1785044659493,0,0.222,0,40
6838,1785044659493,1785044659493,0,0.208,0,40
6839,1785044659618,1785044659618,0,0.195,0,40
6840,1785044659618,1785044659618,0,0.183,0,40
6841,1785044659618,1785044659618,0,0.172,0,40
6842,1785044659618,1785044659618,0,0.161,0,40
6843,1785044659618,1785044659618,0,0.151,0,40
6844,1785044659619,1785044659619,0,0.141,0,40
6845,1785044659619,1785044659619,0,0.132,0,40
6846,1785044659620,1785044659619,1,0.187,0,40
6847,1785044659620,1785044659620,0,0.238,0,40
6848,1785044659620,1785044659620,0,0.223,0,40
6849,1785044659620,1785044659620,0,0.209,0,40
6850,1785044659620,1785044659620,0,0.196,0,40
6851,1785044659746,1785044659746,0,0.183,0,40
6852,1785044659747,1785044659746,1,0.235,0,40
6853,1785044659747,1785044659746,1,0.220,0,40
6854,1785044659747,1785044659747,0,0.269,0,40
6855,1785044659747,1785044659747,0,0.252,0,40
6856,1785044659747,1785044659747,0,0.236,0,40
6857,1785044659748,1785044659747,1,0.284,0,40
6858,1785044659748,1785044659748,0,0.329,0,40
6859,1785044659748,1785044659748,0,0.308,0,40
6860,1785044659748,1785044659748,0,0.289,0,40
6861,1785044659748,1785044659748,0,0.271,0,40
6862,1785044659748,1785044659748,0,0.254,0,40
6863,1785044659748,1785044659748,0,0.238,0,40
6864,1785044659874,1785044659874,0,0.223,0,40
6865,1785044659874,1785044659874,0,0.209,0,40
6866,1785044659874,1785044659874,0,0.196,0,40
6867,1785044659874,1785044659874,0,0.184,0,40
6868,1785044659874,1785044659874,0,0.172,0,40
6869,1785044659874,1785044659874,0,0.162,0,40
6870,1785044659875,1785044659874,1,0.214,0,40
6871,1785044659875,1785044659874,1,0.201,0,40
6872,1785044659875,1785044659875,0,0.251,0,40
6873,1785044659875,1785044659875,0,0.235,0,40
6874,1785044659875,1785044659875,0,0.220,0,40
6875,1785044659875,1785044659875,0,0.206,0,40
6876,1785044660000,1785044660000,0,0.194,0,40
6877,1785044660000,1785044660000,0,0.181,0,40
6878,1785044660000,1785044660000,0,0.170,0,40
6879,1785044660000,1785044660000,0,0.159,0,40
6880,1785044660000,1785044660000,0,0.150,0,40
6881,1785044660000,1785044660000,0,0.140,0,40
6882,1785044660000,1785044660000,0,0.131,0,40
6883,1785044660000,1785044660000,0,0.123,0,40
6884,1785044660000,1785044660000,0,0.115,0,40
6885,1785044660000,1785044660000,0,0.108,0,40
6886,1785044660000,1785044660000,0,0.102,0,40
6887,1785044660000,1785044660000,0,0.095,0,40
6888,1785044660000,1785044660000,0,0.089,0,40
6889,1785044660126,1785044660126,0,0.084,0,40
6890,1785044660127,1785044660126,1,0.141,0,40
6891,1785044660128,1785044660127,1,0.132,0,40
6892,1785044660128,1785044660127,1,0.124,0,40
6893,1785044660128,1785044660128,0,0.179,0,40
6894,1785044660129,1785044660129,0,0.167,0,40
6895,1785044660129,1785044660129,0,0.157,0,40
6896,1785044660129,1785044660129,0,0.147,0,40
6897,1785044660129,1785044660129,0,0.138,0,40
6898,1785044660130,1785044660129,1,0.192,0,40
6899,1785044660130,1785044660130,0,0.242,0,40
6900,1785044660130,1785044660130,0,0.227,0,40
6901,1785044660257,1785044660256,1,0.276,0,40
6902,1785044660257,1785044660256,1,0.258,0,40
6903,1785044660257,1785044660256,1,0.242,0,40
6904,1785044660257,1785044660257,0,0.290,0,40
6905,1785044660257,1785044660257,0,0.271,0,40
6906,1785044660258,1785044660257,1,0.317,0,40
6907,1785044660258,1785044660258,0,0.360,0,40
6908,1785044660258,1785044660258,0,0.337,0,40
6909,1785044660258,1785044660258,0,0.316,0,40
6910,1785044660259,1785044660258,1,0.359,0,40
6911,1785044660259,1785044660259,0,0.399,0,40
6912,1785044660259,1785044660259,0,0.374,0,40
6913,1785044660259,1785044660259,0,0.351,0,40
6914,1785044660259,1785044660259,0,0.329,0,40
6915,1785044660260,1785044660260,0,0.308,0,40
6916,1785044660260,1785044660260,0,0.289,0,40
6917,1785044660387,1785044660386,1,0.333,0,40
6918,1785044660387,1785044660386,1,0.313,0,40
6919,1785044660387,1785044660386,1,0.293,0,40
6920,1785044660387,1785044660387,0,0.337,0,40
6921,1785044660387,1785044660387,0,0.316,0,40
6922,1785044660387,1785044660387,0,0.296,0,40
6923,1785044660387,1785044660387,0,0.278,0,40
6924,1785044660387,1785044660387,0,0.260,0,40
6925,1785044660388,1785044660387,1,0.307,0,40
6926,1785044660513,1785044660513,0,0.350,0,40
6927,1785044660513,1785044660513,0,0.328,0,40
6928,1785044660513,1785044660513,0,0.308,0,40
6929,1785044660514,1785044660513,1,0.351,0,40
6930,1785044660514,1785044660514,0,0.391,0,40
6931,1785044660514,1785044660514,0,0.367,0,40
6932,1785044660514,1785044660514,0,0.344,0,40
6933,1785044660514,1785044660514,0,0.323,0,40
6934,1785044660514,1785044660514,0,0.302,0,40
6935,1785044660514,1785044660514,0,0.283,0,40
6936,1785044660514,1785044660514,0,0.266,0,40
6937,1785044660514,1785044660514,0,0.249,0,40
6938,1785044660514,1785044660514,0,0.234,0,40
6939,1785044660515,1785044660514,1,0.281,0,40
6940,1785044660515,1785044660515,0,0.326,0,40
6941,1785044660515,1785044660515,0,0.306,0,40
6942,1785044660640,1785044660640,0,0.287,0,40
6943,1785044660640,1785044660640,0,0.269,0,40
6944,1785044660641,1785044660640,1,0.315,0,40
6945,1785044660641,1785044660641,0,0.357,0,40
6946,1785044660641,1785044660641,0,0.335,0,40
6947,1785044660641,1785044660641,0,0.314,0,40
6948,1785044660641,1785044660641,0,0.295,0,40
6949,1785044660641,1785044660641,0,0.276,0,40
6950,1785044660641,1785044660641,0,0.259,0,40
6951,1785044660641,1785044660641,0,0.243,0,40
6952,1785044660641,1785044660641,0,0.228,0,40
6953,1785044660641,1785044660641,0,0.213,0,40
6954,1785044660767,1785044660767,0,0.200,0,40
6955,1785044660767,1785044660767,0,0.187,0,40
6956,1785044660767,1785044660767,0,0.176,0,40
6957,1785044660767,1785044660767,0,0.165,0,40
6958,1785044660767,1785044660767,0,0.154,0,40
6959,1785044660767,1785044660767,0,0.145,0,40
6960,1785044660767,1785044660767,0,0.136,0,40
6961,1785044660767,1785044660767,0,0.127,0,40
6962,1785044660767,1785044660767,0,0.119,0,40
6963,1785044660767,1785044660767,0,0.112,0,40
6964,1785044660768,1785044660767,1,0.167,0,40
6965,1785044660768,1785044660768,0,0.219,0,40
6966,1785044660768,1785044660768,0,0.206,0,40
6967,1785044660893,1785044660893,0,0.193,0,40
6968,1785044660893,1785044660893,0,0.181,0,40
6969,1785044660893,1785044660893,0,0.169,0,40
6970,1785044660893,1785044660893,0,0.159,0,40
6971,1785044660893,1785044660893,0,0.149,0,40
6972,1785044660893,1785044660893,0,0.140,0,40
6973,1785044660893,1785044660893,0,0.131,0,40
6974,1785044660893,1785044660893,0,0.123,0,40
6975,1785044660893,1785044660893,0,0.115,0,40
6976,1785044660893,1785044660893,0,0.108,0,40
6977,1785044660895,1785044660893,2,0.226,0,40
6978,1785044660895,1785044660895,0,0.337,0,40
6979,1785044661021,1785044661020,1,0.378,0,40
6980,1785044661021,1785044661020,1,0.355,0,40
6981,1785044661021,1785044661021,0,0.395,0,40
6982,1785044661021,1785044661021,0,0.370,0,40
6983,1785044661021,1785044661021,0,0.347,0,40
6984,1785044661021,1785044661021,0,0.326,0,40
6985,1785044661021,1785044661021,0,0.305,0,40
6986,1785044661021,1785044661021,0,0.286,0,40
6987,1785044661021,1785044661021,0,0.268,0,40
6988,1785044661021,1785044661021,0,0.251,0,40
6989,1785044661022,1785044661022,0,0.236,0,40
6990,1785044661022,1785044661022,0,0.221,0,40
6991,1785044661022,1785044661022,0,0.207,0,40
6992,1785044661146,1785044661146,0,0.194,0,0
6993,1785044661148,1785044661148,0,0.182,0,40
6994,1785044661148,1785044661148,0,0.171,0,40
6995,1785044661149,1785044661148,1,0.223,0,40
6996,1785044661149,1785044661149,0,0.271,0,40
6997,1785044661149,1785044661149,0,0.254,0,40
6998,1785044661149,1785044661149,0,0.238,0,40
6999,1785044661149,1785044661149,0,0.223,0,40
7000,1785044661149,1785044661149,0,0.209,0,40
7001,1785044661150,1785044661149,1,0.259,0,40
7002,1785044661150,1785044661150,0,0.305,0,40
7003,1785044661150,1785044661150,0,0.286,0,40
7004,1785044661150,1785044661150,0,0.268,0,40
7005,1785044661276,1785044661276,0,0.251,0,40
7006,1785044661276,1785044661276,0,0.236,0,40
7007,1785044661276,1785044661276,0,0.221,0,40
7008,1785044661276,1785044661276,0,0.207,0,40
7009,1785044661277,1785044661277,0,0.194,0,40
7010,1785044661277,1785044661277,0,0.182,0,40
7011,1785044661277,1785044661277,0,0.171,0,40
7012,1785044661278,1785044661278,0,0.160,0,40
7013,1785044661278,1785044661278,0,0.150,0,40
7014,1785044661279,1785044661279,0,0.141,0,40
7015,1785044661279,1785044661279,0,0.132,0,40
7016,1785044661279,1785044661279,0,0.124,0,40
7017,1785044661279,1785044661279,0,0.116,0,40
7018,1785044661404,1785044661404,0,0.109,0,40
7019,1785044661405,1785044661404,1,0.164,0,40
7020,1785044661405,1785044661404,1,0.154,0,40
7021,1785044661405,1785044661404,1,0.144,0,40
7022,1785044661405,1785044661404,1,0.135,0,40
7023,1785044661405,1785044661405,0,0.189,0,40
7024,1785044661405,1785044661405,0,0.178,0,40
7025,1785044661405,1785044661405,0,0.167,0,40
7026,1785044661406,1785044661406,0,0.156,0,40
7027,1785044661406,1785044661406,0,0.146,0,40
7028,1785044661406,1785044661406,0,0.137,0,40
7029,1785044661406,1785044661406,0,0.129,0,40
7030,1785044661532,1785044661532,0,0.121,0,40
7031,1785044661562,1785044661532,30,1.988,0,40
7032,1785044661563,1785044661532,31,1.926,0,40
7033,1785044661563,1785044661533,30,1.868,0,40
7034,1785044661563,1785044661533,30,1.752,0,40
7035,1785044661563,1785044661533,30,1.642,0,40
7036,1785044661563,1785044661533,30,1.540,0,40
7037,1785044661563,1785044661533,30,1.443,0,40
7038,1785044661563,1785044661533,30,1.353,0,40
7039,1785044661563,1785044661534,29,1.331,0,40
7040,1785044661563,1785044661534,29,1.248,0,40
7041,1785044661563,1785044661534,29,1.170,0,40
7042,1785044661563,1785044661534,29,1.097,0,40
7043,1785044661660,1785044661659,1,2.778,0,40
7044,1785044661660,1785044661659,1,2.605,0,40
7045,1785044661660,1785044661660,0,2.504,0,40
7046,1785044661660,1785044661660,0,2.348,0,40
7047,1785044661660,1785044661660,0,2.201,0,40
7048,1785044661661,1785044661660,1,2.126,0,40
7049,1785044661661,1785044661660,1,1.993,0,40
7050,1785044661661,1785044661661,0,1.931,0,40
7051,1785044661661,1785044661661,0,1.810,0,40
7052,1785044661661,1785044661661,0,1.697,0,40
7053,1785044661661,1785044661661,0,1.591,0,40
7054,1785044661661,1785044661661,0,1.492,0,40
7055,1785044661787,1785044661787,0,1.398,0,40
7056,1785044661788,1785044661787,1,1.374,0,40
7057,1785044661788,1785044661788,0,1.350,0,40
7058,1785044661788,1785044661788,0,1.266,0,40
7059,1785044661788,1785044661788,0,1.187,0,40
7060,1785044661788,1785044661788,0,1.113,0,40
7061,1785044661788,1785044661788,0,1.043,0,40
7062,1785044661788,1785044661788,0,0.978,0,40
7063,1785044661788,1785044661788,0,0.917,0,40
7064,1785044661788,1785044661788,0,0.859,0,40
7065,1785044661789,1785044661788,1,0.868,0,40
7066,1785044661789,1785044661789,0,0.876,0,40
7067,1785044661789,1785044661789,0,0.822,0,40
7068,1785044661789,1785044661789,0,0.770,0,40
7069,1785044661789,1785044661789,0,0.722,0,40
7070,1785044661789,1785044661789,0,0.677,0,40
7071,1785044661916,1785044661916,0,0.635,0,40
7072,1785044661916,1785044661916,0,0.595,0,40
7073,1785044661916,1785044661916,0,0.558,0,40
7074,1785044661916,1785044661916,0,0.523,0,40
7075,1785044661916,1785044661916,0,0.490,0,40
7076,1785044661916,1785044661916,0,0.460,0,40
7077,1785044661916,1785044661916,0,0.431,0,40
7078,1785044661917,1785044661916,1,0.466,0,40
7079,1785044661917,1785044661917,0,0.500,0,40
7080,1785044662043,1785044662043,0,0.469,0,40
7081,1785044662043,1785044662043,0,0.439,0,40
7082,1785044662043,1785044662043,0,0.412,0,40
7083,1785044662043,1785044662043,0,0.386,0,40
7084,1785044662043,1785044662043,0,0.362,0,40
7085,1785044662044,1785044662044,0,0.339,0,40
7086,1785044662044,1785044662044,0,0.318,0,40
7087,1785044662044,1785044662044,0,0.298,0,40
7088,1785044662044,1785044662044,0,0.280,0,40
7089,1785044662044,1785044662044,0,0.262,0,40
7090,1785044662044,1785044662044,0,0.246,0,40
7091,1785044662044,1785044662044,0,0.230,0,40
7092,1785044662045,1785044662044,1,0.278,0,40
7093,1785044662045,1785044662044,1,0.261,0,40
7094,1785044662045,1785044662045,0,0.307,0,40
7095,1785044662045,1785044662045,0,0.288,0,40
7096,1785044662171,1785044662171,0,0.270,0,40
7097,1785044662171,1785044662171,0,0.253,0,40
7098,1785044662171,1785044662171,0,0.237,0,40
7099,1785044662171,1785044662171,0,0.223,0,40
7100,1785044662171,1785044662171,0,0.209,0,40
7101,1785044662171,1785044662171,0,0.196,0,40
7102,1785044662171,1785044662171,0,0.183,0,40
7103,1785044662171,1785044662171,0,0.172,0,40
7104,1785044662171,1785044662171,0,0.161,0,40
7105,1785044662171,1785044662171,0,0.151,0,40
7106,1785044662171,1785044662171,0,0.142,0,40
7107,1785044662172,1785044662171,1,0.195,0,40
7108,1785044662172,1785044662171,1,0.183,0,40
7109,1785044662297,1785044662296,1,0.172,0,40
7110,1785044662297,1785044662296,1,0.161,0,40
7111,1785044662297,1785044662297,0,0.213,0,40
7112,1785044662297,1785044662297,0,0.200,0,40
7113,1785044662298,1785044662297,1,0.250,0,40
7114,1785044662298,1785044662298,0,0.297,0,40
7115,1785044662298,1785044662298,0,0.278,0,40
7116,1785044662298,1785044662298,0,0.261,0,40
7117,1785044662299,1785044662298,1,0.307,0,40
7118,1785044662299,1785044662299,0,0.350,0,40
7119,1785044662299,1785044662299,0,0.329,0,40
7120,1785044662300,1785044662300,0,0.308,0,40
7121,1785044662426,1785044662426,0,0.289,0,40
7122,1785044662426,1785044662426,0,0.271,0,40
7123,1785044662426,1785044662426,0,0.254,0,40
7124,1785044662426,1785044662426,0,0.238,0,40
7125,1785044662426,1785044662426,0,0.223,0,40
7126,1785044662426,1785044662426,0,0.209,0,40
7127,1785044662426,1785044662426,0,0.196,0,40
7128,1785044662428,1785044662426,2,0.309,0,40
7129,1785044662428,1785044662428,0,0.414,0,40
7130,1785044662428,1785044662428,0,0.389,0,40
7131,1785044662428,1785044662428,0,0.364,0,40
7132,1785044662428,1785044662428,0,0.342,0,40
7133,1785044662428,1785044662428,0,0.320,0,40
7134,1785044662554,1785044662554,0,0.300,0,40
7135,1785044662554,1785044662554,0,0.281,0,40
7136,1785044662554,1785044662554,0,0.264,0,40
7137,1785044662554,1785044662554,0,0.247,0,40
7138,1785044662555,1785044662555,0,0.232,0,40
7139,1785044662555,1785044662555,0,0.217,0,40
7140,1785044662555,1785044662555,0,0.204,0,40
7141,1785044662555,1785044662555,0,0.191,0,40
7142,1785044662555,1785044662555,0,0.179,0,40
7143,1785044662555,1785044662555,0,0.168,0,40
7144,1785044662556,1785044662556,0,0.157,0,40
7145,1785044662556,1785044662556,0,0.148,0,40
7146,1785044662682,1785044662682,0,0.138,0,40
7147,1785044662682,1785044662682,0,0.130,0,40
7148,1785044662683,1785044662682,1,0.184,0,40
7149,1785044662683,1785044662682,1,0.173,0,40
7150,1785044662683,1785044662683,0,0.224,0,40
7151,1785044662683,1785044662683,0,0.210,0,40
7152,1785044662683,1785044662683,0,0.197,0,40
7153,1785044662683,1785044662683,0,0.185,0,40
7154,1785044662683,1785044662683,0,0.173,0,40
7155,1785044662683,1785044662683,0,0.162,0,40
7156,1785044662683,1785044662683,0,0.152,0,40
7157,1785044662683,1785044662683,0,0.143,0,40
7158,1785044662684,1785044662684,0,0.134,0,40
7159,1785044662808,1785044662808,0,0.125,0,40
7160,1785044662808,1785044662808,0,0.118,0,40
7161,1785044662810,1785044662808,2,0.235,0,40
7162,1785044662814,1785044662810,4,0.346,0,40
7163,1785044662814,1785044662810,4,0.324,0,40
7164,1785044662814,1785044662810,4,0.304,0,40
7165,1785044662814,1785044662810,4,0.285,0,40
7166,1785044662814,1785044662813,1,0.454,0,40
7167,1785044662814,1785044662814,0,0.489,0,40
7168,1785044662814,1785044662814,0,0.458,0,40
7169,1785044662814,1785044662814,0,0.429,0,40
7170,1785044662815,1785044662814,1,0.465,0,40
7171,1785044662940,1785044662940,0,0.498,0,40
7172,1785044662940,1785044662940,0,0.467,0,40
7173,1785044662941,1785044662940,1,0.501,0,40
7174,1785044662941,1785044662940,1,0.469,0,40
7175,1785044662941,1785044662940,1,0.440,0,40
7176,1785044662941,1785044662941,0,0.475,0,40
7177,1785044662941,1785044662941,0,0.445,0,40
7178,1785044662941,1785044662941,0,0.417,0,40
7179,1785044662941,1785044662941,0,0.391,0,40
7180,1785044662941,1785044662941,0,0.367,0,40
7181,1785044662942,1785044662941,1,0.406,0,40
7182,1785044662942,1785044662942,0,0.444,0,40
7183,1785044662942,1785044662942,0,0.416,0,40
7184,1785044663067,1785044663067,0,0.390,0,40
7185,1785044663068,1785044663067,1,0.428,0,40
7186,1785044663068,1785044663068,0,0.464,0,40
7187,1785044663068,1785044663068,0,0.435,0,40
7188,1785044663068,1785044663068,0,0.408,0,40
7189,1785044663068,1785044663068,0,0.382,0,40
7190,1785044663068,1785044663068,0,0.358,0,40
7191,1785044663068,1785044663068,0,0.336,0,40
7192,1785044663068,1785044663068,0,0.315,0,40
7193,1785044663068,1785044663068,0,0.295,0,40
7194,1785044663068,1785044663068,0,0.277,0,40
7195,1785044663068,1785044663068,0,0.259,0,40
7196,1785044663194,1785044663194,0,0.243,0,40
7197,1785044663195,1785044663194,1,0.291,0,40
7198,1785044663195,1785044663195,0,0.335,0,40
7199,1785044663195,1785044663195,0,0.314,0,40
7200,1785044663195,1785044663195,0,0.294,0,40
7201,1785044663195,1785044663195,0,0.276,0,40
7202,1785044663195,1785044663195,0,0.259,0,40
7203,1785044663196,1785044663195,1,0.305,0,40
7204,1785044663196,1785044663196,0,0.348,0,40
7205,1785044663196,1785044663196,0,0.327,0,40
7206,1785044663196,1785044663196,0,0.306,0,40
7207,1785044663196,1785044663196,0,0.287,0,40
7208,1785044663196,1785044663196,0,0.269,0,40
7209,1785044663322,1785044663321,1,0.315,0,40
7210,1785044663322,1785044663321,1,0.295,0,40
7211,1785044663322,1785044663322,0,0.339,0,40
7212,1785044663322,1785044663322,0,0.318,0,40
7213,1785044663322,1785044663322,0,0.298,0,40
7214,1785044663322,1785044663322,0,0.280,0,40
7215,1785044663323,1785044663322,1,0.325,0,40
7216,1785044663323,1785044663323,0,0.367,0,40
7217,1785044663323,1785044663323,0,0.344,0,40
7218,1785044663323,1785044663323,0,0.322,0,40
7219,1785044663323,1785044663323,0,0.302,0,40
7220,1785044663323,1785044663323,0,0.283,0,40
7221,1785044663450,1785044663449,1,0.328,0,40
7222,1785044663450,1785044663449,1,0.308,0,40
7223,1785044663450,1785044663450,0,0.351,0,40
7224,1785044663450,1785044663450,0,0.329,0,40
7225,1785044663450,1785044663450,0,0.308,0,40
7226,1785044663450,1785044663450,0,0.289,0,40
7227,1785044663451,1785044663450,1,0.334,0,40
7228,1785044663451,1785044663451,0,0.375,0,40
7229,1785044663451,1785044663451,0,0.352,0,40
7230,1785044663451,1785044663451,0,0.330,0,40
7231,1785044663451,1785044663451,0,0.309,0,40
7232,1785044663451,1785044663451,0,0.290,0,40
7233,1785044663452,1785044663452,0,0.272,0,40
7234,1785044663452,1785044663452,0,0.255,0,40
7235,1785044663452,1785044663452,0,0.239,0,40
7236,1785044663452,1785044663452,0,0.224,0,40
7237,1785044663577,1785044663577,0,0.210,0,40
7238,1785044663578,1785044663577,1,0.259,0,40
7239,1785044663578,1785044663577,1,0.243,0,40
7240,1785044663578,1785044663577,1,0.228,0,40
7241,1785044663578,1785044663578,0,0.276,0,40
7242,1785044663578,1785044663578,0,0.259,0,40
7243,1785044663578,1785044663578,0,0.243,0,40
7244,1785044663578,1785044663578,0,0.228,0,40
7245,1785044663579,1785044663579,0,0.213,0,40
7246,1785044663581,1785044663581,0,0.200,0,40
7247,1785044663581,1785044663581,0,0.187,0,40
7248,1785044663581,1785044663581,0,0.176,0,40
7249,1785044663710,1785044663710,0,0.165,0,40
7250,1785044663710,1785044663710,0,0.154,0,40
7251,1785044663711,1785044663711,0,0.145,0,40
7252,1785044663711,1785044663711,0,0.136,0,40
7253,1785044663711,1785044663711,0,0.127,0,40
7254,1785044663711,1785044663711,0,0.119,0,40
7255,1785044663711,1785044663711,0,0.112,0,40
7256,1785044663711,1785044663711,0,0.105,0,40
7257,1785044663711,1785044663711,0,0.098,0,40
7258,1785044663711,1785044663711,0,0.092,0,40
7259,1785044663712,1785044663711,1,0.149,0,40
7260,1785044663712,1785044663712,0,0.202,0,40
7261,1785044663712,1785044663712,0,0.189,0,40
7262,1785044663838,1785044663838,0,0.178,0,40
7263,1785044663838,1785044663838,0,0.167,0,40
7264,1785044663838,1785044663838,0,0.156,0,40
7265,1785044663839,1785044663839,0,0.146,0,40
7266,1785044663840,1785044663839,1,0.200,0,40
7267,1785044663840,1785044663840,0,0.250,0,40
7268,1785044663840,1785044663840,0,0.234,0,40
7269,1785044663840,1785044663840,0,0.219,0,40
7270,1785044663842,1785044663842,0,0.206,0,40
7271,1785044663842,1785044663842,0,0.193,0,40
7272,1785044663842,1785044663842,0,0.181,0,40
7273,1785044663842,1785044663842,0,0.170,0,40
7274,1785044663967,1785044663967,0,0.159,0,40
7275,1785044663967,1785044663967,0,0.149,0,40
7276,1785044663968,1785044663967,1,0.202,0,40
7277,1785044663968,1785044663967,1,0.190,0,40
7278,1785044663968,1785044663968,0,0.240,0,40
7279,1785044663968,1785044663968,0,0.225,0,40
7280,1785044663968,1785044663968,0,0.211,0,40
7281,1785044663968,1785044663968,0,0.198,0,40
7282,1785044663968,1785044663968,0,0.186,0,40
7283,1785044663969,1785044663968,1,0.236,0,40
7284,1785044663969,1785044663969,0,0.284,0,40
7285,1785044663969,1785044663969,0,0.266,0,40
7286,1785044663969,1785044663969,0,0.250,0,40
7287,1785044664094,1785044664094,0,0.234,0,40
7288,1785044664094,1785044664094,0,0.220,0,40
7289,1785044664096,1785044664094,2,0.331,0,40
7290,1785044664096,1785044664096,0,0.435,0,40
7291,1785044664097,1785044664097,0,0.408,0,40
7292,1785044664097,1785044664097,0,0.382,0,40
7293,1785044664097,1785044664097,0,0.359,0,40
7294,1785044664098,1785044664097,1,0.399,0,40
7295,1785044664098,1785044664098,0,0.436,0,40
7296,1785044664098,1785044664098,0,0.409,0,40
7297,1785044664098,1785044664098,0,0.383,0,40
7298,1785044664099,1785044664098,1,0.422,0,40
7299,1785044664224,1785044664224,0,0.458,0,40
7300,1785044664224,1785044664224,0,0.429,0,40
7301,1785044664224,1785044664224,0,0.403,0,40
7302,1785044664226,1785044664224,2,0.502,0,40
7303,1785044664226,1785044664226,0,0.596,0,40
7304,1785044664226,1785044664226,0,0.559,0,40
7305,1785044664226,1785044664226,0,0.524,0,40
7306,1785044664226,1785044664226,0,0.491,0,40
7307,1785044664227,1785044664226,1,0.523,0,40
7308,1785044664227,1785044664226,1,0.490,0,40
7309,1785044664227,1785044664227,0,0.522,0,40
7310,1785044664227,1785044664227,0,0.489,0,40
7311,1785044664227,1785044664227,0,0.459,0,40
7312,1785044664353,1785044664352,1,0.493,0,40
7313,1785044664353,1785044664352,1,0.462,0,40
7314,1785044664353,1785044664353,0,0.496,0,40
7315,1785044664353,1785044664353,0,0.465,0,40
7316,1785044664354,1785044664353,1,0.498,0,40
7317,1785044664354,1785044664353,1,0.467,0,40
7318,1785044664354,1785044664354,0,0.500,0,40
7319,1785044664354,1785044664354,0,0.469,0,40
7320,1785044664354,1785044664354,0,0.440,0,40
7321,1785044664355,1785044664354,1,0.475,0,40
7322,1785044664355,1785044664355,0,0.508,0,40
7323,1785044664355,1785044664355,0,0.476,0,40
7324,1785044664482,1785044664482,0,0.446,0,40
7325,1785044664483,1785044664482,1,0.481,0,40
7326,1785044664483,1785044664483,0,0.513,0,40
7327,1785044664483,1785044664483,0,0.481,0,40
7328,1785044664484,1785044664483,1,0.513,0,40
7329,1785044664484,1785044664483,1,0.481,0,40
7330,1785044664484,1785044664484,0,0.514,0,40
7331,1785044664484,1785044664484,0,0.482,0,40
7332,1785044664484,1785044664484,0,0.452,0,40
7333,1785044664485,1785044664485,0,0.423,0,40
7334,1785044664485,1785044664485,0,0.397,0,40
7335,1785044664485,1785044664485,0,0.372,0,40
7336,1785044664486,1785044664486,0,0.349,0,40
7337,1785044664486,1785044664486,0,0.327,0,40
7338,1785044664486,1785044664486,0,0.307,0,40
7339,1785044664486,1785044664486,0,0.287,0,40
7340,1785044664612,1785044664612,0,0.269,0,40
7341,1785044664613,1785044664612,1,0.315,0,40
7342,1785044664613,1785044664612,1,0.295,0,40
7343,1785044664613,1785044664612,1,0.277,0,40
7344,1785044664613,1785044664613,0,0.322,0,40
7345,1785044664613,1785044664613,0,0.302,0,40
7346,1785044664613,1785044664613,0,0.283,0,40
7347,1785044664613,1785044664613,0,0.265,0,40
7348,1785044664613,1785044664613,0,0.249,0,40
7349,1785044664614,1785044664613,1,0.296,0,40
7350,1785044664614,1785044664614,0,0.340,0,40
7351,1785044664614,1785044664614,0,0.319,0,40
7352,1785044664741,1785044664741,0,0.299,0,40
7353,1785044664741,1785044664741,0,0.280,0,40
7354,1785044664741,1785044664741,0,0.263,0,40
7355,1785044664741,1785044664741,0,0.246,0,40
7356,1785044664741,1785044664741,0,0.231,0,40
7357,1785044664741,1785044664741,0,0.216,0,40
7358,1785044664742,1785044664741,1,0.265,0,40
7359,1785044664742,1785044664741,1,0.249,0,40
7360,1785044664742,1785044664741,1,0.233,0,40
7361,1785044664742,1785044664742,0,0.281,0,40
7362,1785044664742,1785044664742,0,0.264,0,40
7363,1785044664742,1785044664742,0,0.247,0,40
7364,1785044664742,1785044664742,0,0.232,0,40
7365,1785044664867,1785044664867,0,0.217,0,40
7366,1785044664867,1785044664867,0,0.204,0,40
7367,1785044664868,1785044664867,1,0.253,0,40
7368,1785044664868,1785044664867,1,0.238,0,40
7369,1785044664868,1785044664868,0,0.285,0,40
7370,1785044664868,1785044664868,0,0.267,0,40
7371,1785044664868,1785044664868,0,0.251,0,40
7372,1785044664868,1785044664868,0,0.235,0,40
7373,1785044664868,1785044664868,0,0.220,0,40
7374,1785044664868,1785044664868,0,0.207,0,40
7375,1785044664868,1785044664868,0,0.194,0,40
7376,1785044664869,1785044664868,1,0.244,0,40
7377,1785044664995,1785044664995,0,0.291,0,40
7378,1785044664995,1785044664995,0,0.273,0,40
7379,1785044664995,1785044664995,0,0.256,0,40
7380,1785044664995,1785044664995,0,0.240,0,40
7381,1785044664996,1785044664995,1,0.287,0,40
7382,1785044664996,1785044664995,1,0.270,0,40
7383,1785044664996,1785044664996,0,0.315,0,40
7384,1785044664996,1785044664996,0,0.295,0,40
7385,1785044664996,1785044664996,0,0.277,0,40
7386,1785044664996,1785044664996,0,0.260,0,40
7387,1785044664996,1785044664996,0,0.243,0,40
7388,1785044664996,1785044664996,0,0.228,0,40
7389,1785044664996,1785044664996,0,0.214,0,40
7390,1785044665122,1785044665122,0,0.201,0,40
7391,1785044665123,1785044665122,1,0.251,0,40
7392,1785044665123,1785044665123,0,0.297,0,40
7393,1785044665123,1785044665123,0,0.279,0,40
7394,1785044665123,1785044665123,0,0.261,0,40
7395,1785044665123,1785044665123,0,0.245,0,40
7396,1785044665123,1785044665123,0,0.230,0,40
7397,1785044665123,1785044665123,0,0.215,0,40
7398,1785044665123,1785044665123,0,0.202,0,40
7399,1785044665124,1785044665123,1,0.252,0,40
7400,1785044665124,1785044665124,0,0.299,0,40
7401,1785044665124,1785044665124,0,0.280,0,40
7402,1785044665250,1785044665249,1,0.325,0,40
7403,1785044665250,1785044665249,1,0.305,0,40
7404,1785044665250,1785044665250,0,0.348,0,40
7405,1785044665250,1785044665250,0,0.326,0,40
7406,1785044665250,1785044665250,0,0.306,0,40
7407,1785044665250,1785044665250,0,0.287,0,40
7408,1785044665250,1785044665250,0,0.269,0,40
7409,1785044665250,1785044665250,0,0.252,0,40
7410,1785044665250,1785044665250,0,0.236,0,40
7411,1785044665252,1785044665250,2,0.347,0,40
7412,1785044665252,1785044665252,0,0.450,0,40
7413,1785044665252,1785044665252,0,0.422,0,40
7414,1785044665252,1785044665252,0,0.395,0,40
7415,1785044665379,1785044665378,1,0.433,0,40
7416,1785044665379,1785044665378,1,0.406,0,40
7417,1785044665379,1785044665379,0,0.443,0,40
7418,1785044665379,1785044665379,0,0.416,0,40
7419,1785044665379,1785044665379,0,0.390,0,40
7420,1785044665379,1785044665379,0,0.365,0,40
7421,1785044665379,1785044665379,0,0.342,0,40
7422,1785044665379,1785044665379,0,0.321,0,40
7423,1785044665379,1785044665379,0,0.301,0,40
7424,1785044665379,1785044665379,0,0.282,0,40
7425,1785044665379,1785044665379,0,0.264,0,40
7426,1785044665379,1785044665379,0,0.248,0,40
7427,1785044665506,1785044665505,1,0.295,0,40
7428,1785044665507,1785044665506,1,0.277,0,40
7429,1785044665507,1785044665507,0,0.322,0,40
7430,1785044665507,1785044665507,0,0.302,0,40
7431,1785044665507,1785044665507,0,0.283,0,40
7432,1785044665507,1785044665507,0,0.265,0,40
7433,1785044665507,1785044665507,0,0.249,0,40
7434,1785044665508,1785044665507,1,0.296,0,40
7435,1785044665508,1785044665508,0,0.340,0,40
7436,1785044665508,1785044665508,0,0.318,0,40
7437,1785044665508,1785044665508,0,0.298,0,40
7438,1785044665508,1785044665508,0,0.280,0,40
7439,1785044665509,1785044665508,1,0.325,0,40
7440,1785044665635,1785044665635,0,0.367,0,40
7441,1785044665635,1785044665635,0,0.344,0,40
7442,1785044665636,1785044665635,1,0.385,0,40
7443,1785044665636,1785044665636,0,0.423,0,40
7444,1785044665636,1785044665636,0,0.397,0,40
7445,1785044665636,1785044665636,0,0.372,0,40
7446,1785044665637,1785044665636,1,0.411,0,40
7447,1785044665637,1785044665637,0,0.448,0,40
7448,1785044665638,1785044665637,1,0.483,0,40
7449,1785044665638,1785044665638,0,0.515,0,40
7450,1785044665638,1785044665638,0,0.483,0,40
7451,1785044665638,1785044665638,0,0.453,0,40
7452,1785044665765,1785044665764,1,0.487,0,40
7453,1785044665765,1785044665764,1,0.456,0,40
7454,1785044665765,1785044665765,0,0.490,0,40
7455,1785044665765,1785044665765,0,0.460,0,40
7456,1785044665765,1785044665765,0,0.431,0,40
7457,1785044665766,1785044665765,1,0.467,0,40
7458,1785044665766,1785044665765,1,0.437,0,40
7459,1785044665766,1785044665766,0,0.473,0,40
7460,1785044665766,1785044665766,0,0.443,0,40
7461,1785044665766,1785044665766,0,0.415,0,40
7462,1785044665766,1785044665766,0,0.389,0,40
7463,1785044665766,1785044665766,0,0.365,0,40
7464,1785044665766,1785044665766,0,0.342,0,40
7465,1785044665766,1785044665766,0,0.321,0,40
7466,1785044665766,1785044665766,0,0.301,0,40
7467,1785044665766,1785044665766,0,0.282,0,40
7468,1785044665891,1785044665891,0,0.264,0,40
7469,1785044665891,1785044665891,0,0.248,0,40
7470,1785044665892,1785044665891,1,0.295,0,40
7471,1785044665892,1785044665891,1,0.276,0,40
7472,1785044665892,1785044665892,0,0.322,0,40
7473,1785044665892,1785044665892,0,0.302,0,40
7474,1785044665892,1785044665892,0,0.283,0,40
7475,1785044665892,1785044665892,0,0.265,0,40
7476,1785044665892,1785044665892,0,0.248,0,40
7477,1785044665892,1785044665892,0,0.233,0,40
7478,1785044665892,1785044665892,0,0.218,0,40
7479,1785044665892,1785044665892,0,0.205,0,40
7480,1785044666018,1785044666018,0,0.192,0,40
7481,1785044666018,1785044666018,0,0.180,0,40
7482,1785044666019,1785044666018,1,0.231,0,40
7483,1785044666019,1785044666018,1,0.217,0,40
7484,1785044666019,1785044666019,0,0.266,0,40
7485,1785044666019,1785044666019,0,0.249,0,40
7486,1785044666019,1785044666019,0,0.234,0,40
7487,1785044666019,1785044666019,0,0.219,0,40
7488,1785044666019,1785044666019,0,0.205,0,40
7489,1785044666019,1785044666019,0,0.192,0,40
7490,1785044666020,1785044666019,1,0.243,0,40
7491,1785044666020,1785044666019,1,0.228,0,40
7492,1785044666020,1785044666020,0,0.276,0,40
7493,1785044666146,1785044666146,0,0.259,0,40
7494,1785044666146,1785044666146,0,0.243,0,40
7495,1785044666147,1785044666146,1,0.290,0,40
7496,1785044666147,1785044666147,0,0.334,0,40
7497,1785044666147,1785044666147,0,0.313,0,40
7498,1785044666147,1785044666147,0,0.294,0,40
7499,1785044666148,1785044666148,0,0.275,0,40
7500,1785044666148,1785044666148,0,0.258,0,40
7501,1785044666148,1785044666148,0,0.242,0,40
7502,1785044666148,1785044666148,0,0.227,0,40
7503,1785044666148,1785044666148,0,0.213,0,40
7504,1785044666148,1785044666148,0,0.199,0,40
7505,1785044666149,1785044666149,0,0.187,0,0
7506,1785044666274,1785044666274,0,0.175,0,40
7507,1785044666275,1785044666275,0,0.164,0,40
7508,1785044666275,1785044666275,0,0.154,0,40
7509,1785044666275,1785044666275,0,0.144,0,40
7510,1785044666276,1785044666275,1,0.198,0,40
7511,1785044666276,1785044666276,0,0.248,0,40
7512,1785044666276,1785044666276,0,0.233,0,40
7513,1785044666276,1785044666276,0,0.218,0,40
7514,1785044666276,1785044666276,0,0.204,0,40
7515,1785044666276,1785044666276,0,0.192,0,40
7516,1785044666276,1785044666276,0,0.180,0,40
7517,1785044666277,1785044666277,0,0.168,0,40
7518,1785044666277,1785044666277,0,0.158,0,40
7519,1785044666402,1785044666402,0,0.148,0,40
7520,1785044666402,1785044666402,0,0.139,0,40
7521,1785044666402,1785044666402,0,0.130,0,40
7522,1785044666404,1785044666404,0,0.122,0,40
7523,1785044666404,1785044666404,0,0.114,0,40
7524,1785044666404,1785044666404,0,0.107,0,40
7525,1785044666406,1785044666404,2,0.225,0,40
7526,1785044666406,1785044666406,0,0.336,0,40
7527,1785044666406,1785044666406,0,0.315,0,40
7528,1785044666406,1785044666406,0,0.296,0,40
7529,1785044666406,1785044666406,0,0.277,0,40
7530,1785044666406,1785044666406,0,0.260,0,40
7531,1785044666533,1785044666533,0,0.244,0,40
7532,1785044666533,1785044666533,0,0.228,0,40
7533,1785044666534,1785044666533,1,0.277,0,40
7534,1785044666534,1785044666533,1,0.259,0,40
7535,1785044666534,1785044666534,0,0.306,0,40
7536,1785044666534,1785044666534,0,0.287,0,40
7537,1785044666535,1785044666535,0,0.269,0,40
7538,1785044666535,1785044666535,0,0.252,0,40
7539,1785044666535,1785044666535,0,0.236,0,40
7540,1785044666535,1785044666535,0,0.221,0,40
7541,1785044666536,1785044666536,0,0.207,0,40
7542,1785044666536,1785044666536,0,0.195,0,40
7543,1785044666536,1785044666536,0,0.182,0,40
7544,1785044666536,1785044666536,0,0.171,0,40
7545,1785044666537,1785044666537,0,0.160,0,40
7546,1785044666537,1785044666537,0,0.150,0,40
7547,1785044666662,1785044666662,0,0.141,0,40
7548,1785044666662,1785044666662,0,0.132,0,40
7549,1785044666662,1785044666662,0,0.124,0,40
7550,1785044666662,1785044666662,0,0.116,0,40
7551,1785044666662,1785044666662,0,0.109,0,40
7552,1785044666662,1785044666662,0,0.102,0,40
7553,1785044666662,1785044666662,0,0.096,0,40
7554,1785044666663,1785044666662,1,0.152,0,40
7555,1785044666663,1785044666663,0,0.205,0,40
7556,1785044666789,1785044666789,0,0.192,0,40
7557,1785044666789,1785044666789,0,0.180,0,40
7558,1785044666790,1785044666789,1,0.232,0,40
7559,1785044666790,1785044666789,1,0.217,0,40
7560,1785044666790,1785044666790,0,0.266,0,40
7561,1785044666790,1785044666790,0,0.249,0,40
7562,1785044666790,1785044666790,0,0.234,0,40
7563,1785044666790,1785044666790,0,0.219,0,40
7564,1785044666791,1785044666790,1,0.268,0,40
7565,1785044666791,1785044666791,0,0.314,0,40
7566,1785044666791,1785044666791,0,0.294,0,40
7567,1785044666791,1785044666791,0,0.276,0,40
7568,1785044666791,1785044666791,0,0.259,0,40
7569,1785044666791,1785044666791,0,0.242,0,40
7570,1785044666791,1785044666791,0,0.227,0,40
7571,1785044666791,1785044666791,0,0.213,0,40
7572,1785044666918,1785044666917,1,0.262,0,40
7573,1785044666919,1785044666918,1,0.246,0,40
7574,1785044666919,1785044666919,0,0.293,0,40
7575,1785044666919,1785044666919,0,0.275,0,40
7576,1785044666919,1785044666919,0,0.257,0,40
7577,1785044666919,1785044666919,0,0.241,0,40
7578,1785044666919,1785044666919,0,0.226,0,40
7579,1785044666920,1785044666919,1,0.275,0,40
7580,1785044666920,1785044666920,0,0.320,0,40
7581,1785044667045,1785044667045,0,0.300,0,40
7582,1785044667045,1785044667045,0,0.281,0,40
7583,1785044667045,1785044667045,0,0.264,0,40
7584,1785044667046,1785044667045,1,0.310,0,40
7585,1785044667046,1785044667045,1,0.290,0,40
7586,1785044667046,1785044667046,0,0.335,0,40
7587,1785044667046,1785044667046,0,0.314,0,40
7588,1785044667046,1785044667046,0,0.294,0,40
7589,1785044667046,1785044667046,0,0.276,0,40
7590,1785044667046,1785044667046,0,0.259,0,40
7591,1785044667046,1785044667046,0,0.242,0,40
7592,1785044667046,1785044667046,0,0.227,0,40
7593,1785044667046,1785044667046,0,0.213,0,40
7594,1785044667046,1785044667046,0,0.200,0,40
7595,1785044667046,1785044667046,0,0.187,0,40
7596,1785044667046,1785044667046,0,0.176,0,40
7597,1785044667171,1785044667171,0,0.165,0,40
7598,1785044667172,1785044667171,1,0.217,0,40
7599,1785044667172,1785044667171,1,0.203,0,40
7600,1785044667172,1785044667172,0,0.253,0,40
7601,1785044667173,1785044667172,1,0.300,0,40
7602,1785044667173,1785044667173,0,0.343,0,40
7603,1785044667173,1785044667173,0,0.322,0,40
7604,1785044667173,1785044667173,0,0.302,0,40
7605,1785044667173,1785044667173,0,0.283,0,40
7606,1785044667174,1785044667173,1,0.328,0,40
7607,1785044667174,1785044667173,1,0.307,0,40
7608,1785044667174,1785044667173,1,0.288,0,40
7609,1785044667174,1785044667174,0,0.333,0,40
7610,1785044667300,1785044667300,0,0.312,0,40
7611,1785044667300,1785044667300,0,0.292,0,40
7612,1785044667300,1785044667300,0,0.274,0,40
7613,1785044667301,1785044667301,0,0.257,0,40
7614,1785044667301,1785044667301,0,0.241,0,40
7615,1785044667301,1785044667301,0,0.226,0,40
7616,1785044667301,1785044667301,0,0.212,0,40
7617,1785044667301,1785044667301,0,0.198,0,40
7618,1785044667302,1785044667301,1,0.249,0,40
7619,1785044667302,1785044667302,0,0.296,0,40
7620,1785044667302,1785044667302,0,0.277,0,40
7621,1785044667302,1785044667302,0,0.260,0,40
7622,1785044667428,1785044667427,1,0.306,0,40
7623,1785044667428,1785044667427,1,0.287,0,40
7624,1785044667428,1785044667428,0,0.331,0,40
7625,1785044667428,1785044667428,0,0.311,0,40
7626,1785044667428,1785044667428,0,0.291,0,40
7627,1785044667428,1785044667428,0,0.273,0,40
7628,1785044667428,1785044667428,0,0.256,0,40
7629,1785044667428,1785044667428,0,0.240,0,40
7630,1785044667428,1785044667428,0,0.225,0,40
7631,1785044667429,1785044667428,1,0.273,0,40
7632,1785044667429,1785044667429,0,0.319,0,40
7633,1785044667429,1785044667429,0,0.299,0,40
7634,1785044667430,1785044667429,1,0.343,0,40
7635,1785044667556,1785044667555,1,0.321,0,40
7636,1785044667556,1785044667556,0,0.364,0,40
7637,1785044667556,1785044667556,0,0.341,0,40
7638,1785044667557,1785044667556,1,0.382,0,40
7639,1785044667557,1785044667557,0,0.421,0,40
7640,1785044667557,1785044667557,0,0.395,0,40
7641,1785044667557,1785044667557,0,0.370,0,40
7642,1785044667558,1785044667557,1,0.409,0,40
7643,1785044667558,1785044667558,0,0.446,0,40
7644,1785044667559,1785044667558,1,0.481,0,40
7645,1785044667559,1785044667559,0,0.513,0,40
7646,1785044667559,1785044667559,0,0.481,0,40
7647,1785044667685,1785044667684,1,0.514,0,40
7648,1785044667685,1785044667684,1,0.481,0,40
7649,1785044667685,1785044667684,1,0.451,0,40
7650,1785044667685,1785044667685,0,0.486,0,40
7651,1785044667685,1785044667685,0,0.455,0,40
7652,1785044667685,1785044667685,0,0.427,0,40
7653,1785044667685,1785044667685,0,0.400,0,40
7654,1785044667686,1785044667685,1,0.438,0,40
7655,1785044667686,1785044667685,1,0.410,0,40
7656,1785044667686,1785044667686,0,0.447,0,40
7657,1785044667686,1785044667686,0,0.419,0,40
7658,1785044667686,1785044667686,0,0.393,0,40
7659,1785044667686,1785044667686,0,0.368,0,40
7660,1785044667812,1785044667812,0,0.345,0,40
7661,1785044667812,1785044667812,0,0.324,0,40
7662,1785044667812,1785044667812,0,0.304,0,40
7663,1785044667812,1785044667812,0,0.285,0,40
7664,1785044667813,1785044667812,1,0.329,0,40
7665,1785044667813,1785044667813,0,0.371,0,40
7666,1785044667813,1785044667813,0,0.348,0,40
7667,1785044667813,1785044667813,0,0.326,0,40
7668,1785044667813,1785044667813,0,0.306,0,40
7669,1785044667813,1785044667813,0,0.287,0,40
7670,1785044667813,1785044667813,0,0.269,0,40
7671,1785044667813,1785044667813,0,0.252,0,40
7672,1785044667938,1785044667938,0,0.236,0,40
7673,1785044667938,1785044667938,0,0.222,0,40
7674,1785044667939,1785044667938,1,0.270,0,40
7675,1785044667940,1785044667939,1,0.253,0,40
7676,1785044667940,1785044667940,0,0.300,0,40
7677,1785044667940,1785044667940,0,0.281,0,40
7678,1785044667940,1785044667940,0,0.264,0,40
7679,1785044667941,1785044667940,1,0.310,0,40
7680,1785044667941,1785044667940,1,0.290,0,40
7681,1785044667941,1785044667941,0,0.335,0,40
7682,1785044667941,1785044667941,0,0.314,0,40
7683,1785044667941,1785044667941,0,0.294,0,40
7684,1785044667941,1785044667941,0,0.276,0,40
7685,1785044668066,1785044668066,0,0.259,0,40
7686,1785044668067,1785044668066,1,0.305,0,40
7687,1785044668067,1785044668066,1,0.286,0,40
7688,1785044668067,1785044668066,1,0.268,0,40
7689,1785044668067,1785044668066,1,0.251,0,40
7690,1785044668067,1785044668067,0,0.298,0,40
7691,1785044668067,1785044668067,0,0.279,0,40
7692,1785044668067,1785044668067,0,0.262,0,40
7693,1785044668067,1785044668067,0,0.246,0,40
7694,1785044668067,1785044668067,0,0.230,0,40
7695,1785044668067,1785044668067,0,0.216,0,40
7696,1785044668068,1785044668068,0,0.202,0,40
7697,1785044668194,1785044668193,1,0.252,0,40
7698,1785044668194,1785044668194,0,0.299,0,40
7699,1785044668194,1785044668194,0,0.280,0,40
7700,1785044668194,1785044668194,0,0.263,0,40
7701,1785044668194,1785044668194,0,0.246,0,40
7702,1785044668194,1785044668194,0,0.231,0,40
7703,1785044668196,1785044668196,0,0.216,0,40
7704,1785044668196,1785044668196,0,0.203,0,40
7705,1785044668196,1785044668196,0,0.190,0,40
7706,1785044668196,1785044668196,0,0.178,0,40
7707,1785044668197,1785044668196,1,0.230,0,40
7708,1785044668197,1785044668197,0,0.278,0,40
7709,1785044668197,1785044668197,0,0.260,0,40
7710,1785044668323,1785044668323,0,0.244,0,40
7711,1785044668324,1785044668323,1,0.291,0,40
7712,1785044668324,1785044668323,1,0.273,0,40
7713,1785044668324,1785044668324,0,0.319,0,40
7714,1785044668324,1785044668324,0,0.299,0,40
7715,1785044668324,1785044668324,0,0.280,0,40
7716,1785044668324,1785044668324,0,0.263,0,40
7717,1785044668325,1785044668325,0,0.246,0,40
7718,1785044668325,1785044668325,0,0.231,0,40
7719,1785044668325,1785044668325,0,0.216,0,40
7720,1785044668325,1785044668325,0,0.203,0,40
7721,1785044668325,1785044668325,0,0.190,0,40
7722,1785044668325,1785044668325,0,0.178,0,40
7723,1785044668325,1785044668325,0,0.167,0,40
7724,1785044668325,1785044668325,0,0.157,0,40
7725,1785044668451,1785044668451,0,0.147,0,40
7726,1785044668451,1785044668451,0,0.138,0,40
7727,1785044668452,1785044668451,1,0.192,0,40
7728,1785044668452,1785044668451,1,0.180,0,40
7729,1785044668452,1785044668452,0,0.231,0,40
7730,1785044668452,1785044668452,0,0.216,0,40
7731,1785044668452,1785044668452,0,0.203,0,40
7732,1785044668452,1785044668452,0,0.190,0,40
7733,1785044668452,1785044668452,0,0.178,0,40
7734,1785044668452,1785044668452,0,0.167,0,40
7735,1785044668452,1785044668452,0,0.157,0,40
7736,1785044668452,1785044668452,0,0.147,0,40
7737,1785044668452,1785044668452,0,0.138,0,40
7738,1785044668577,1785044668577,0,0.129,0,40
7739,1785044668577,1785044668577,0,0.121,0,40
7740,1785044668578,1785044668577,1,0.176,0,40
7741,1785044668578,1785044668577,1,0.165,0,40
7742,1785044668578,1785044668578,0,0.217,0,40
7743,1785044668578,1785044668578,0,0.204,0,40
7744,1785044668578,1785044668578,0,0.191,0,40
7745,1785044668578,1785044668578,0,0.179,0,40
7746,1785044668578,1785044668578,0,0.168,0,40
7747,1785044668704,1785044668704,0,0.157,0,40
7748,1785044668704,1785044668704,0,0.147,0,40
7749,1785044668704,1785044668704,0,0.138,0,40
7750,1785044668704,1785044668704,0,0.130,0,40
7751,1785044668704,1785044668704,0,0.122,0,40
7752,1785044668706,1785044668704,2,0.239,0,40
7753,1785044668706,1785044668704,2,0.224,0,40
7754,1785044668706,1785044668706,0,0.335,0,40
7755,1785044668706,1785044668706,0,0.314,0,40
7756,1785044668706,1785044668706,0,0.294,0,40
7757,1785044668707,1785044668707,0,0.276,0,40
7758,1785044668707,1785044668707,0,0.259,0,40
7759,1785044668707,1785044668707,0,0.243,0,40
7760,1785044668707,1785044668707,0,0.227,0,40
7761,1785044668707,1785044668707,0,0.213,0,40
7762,1785044668707,1785044668707,0,0.200,0,40
7763,1785044668832,1785044668832,0,0.187,0,40
7764,1785044668833,1785044668832,1,0.238,0,40
7765,1785044668833,1785044668833,0,0.286,0,40
7766,1785044668833,1785044668833,0,0.268,0,40
7767,1785044668833,1785044668833,0,0.251,0,40
7768,1785044668833,1785044668833,0,0.235,0,40
7769,1785044668834,1785044668833,1,0.283,0,40
7770,1785044668834,1785044668834,0,0.328,0,40
7771,1785044668834,1785044668834,0,0.308,0,40
7772,1785044668834,1785044668834,0,0.288,0,40
7773,1785044668834,1785044668834,0,0.270,0,40
7774,1785044668834,1785044668834,0,0.253,0,40
7775,1785044668960,1785044668960,0,0.238,0,40
7776,1785044668960,1785044668960,0,0.223,0,40
7777,1785044668960,1785044668960,0,0.209,0,40
7778,1785044668960,1785044668960,0,0.196,0,40
7779,1785044668960,1785044668960,0,0.184,0,40
7780,1785044668961,1785044668961,0,0.172,0,40
7781,1785044668961,1785044668961,0,0.161,0,40
7782,1785044668961,1785044668961,0,0.151,0,40
7783,1785044668961,1785044668961,0,0.142,0,40
7784,1785044668961,1785044668961,0,0.133,0,40
7785,1785044668961,1785044668961,0,0.125,0,40
7786,1785044668961,1785044668961,0,0.117,0,40
7787,1785044668962,1785044668961,1,0.172,0,40
7788,1785044669088,1785044669088,0,0.224,0,40
7789,1785044669088,1785044669088,0,0.210,0,40
7790,1785044669089,1785044669088,1,0.259,0,40
7791,1785044669089,1785044669089,0,0.305,0,40
7792,1785044669089,1785044669089,0,0.286,0,40
7793,1785044669089,1785044669089,0,0.268,0,40
7794,1785044669089,1785044669089,0,0.252,0,40
7795,1785044669089,1785044669089,0,0.236,0,40
7796,1785044669090,1785044669089,1,0.284,0,40
7797,1785044669090,1785044669090,0,0.328,0,40
7798,1785044669090,1785044669090,0,0.308,0,40
7799,1785044669090,1785044669090,0,0.289,0,40
7800,1785044669216,1785044669216,0,0.271,0,40
7801,1785044669217,1785044669216,1,0.316,0,40
7802,1785044669217,1785044669217,0,0.359,0,40
7803,1785044669217,1785044669217,0,0.337,0,40
7804,1785044669217,1785044669217,0,0.316,0,40
7805,1785044669218,1785044669217,1,0.358,0,40
7806,1785044669218,1785044669218,0,0.398,0,40
7807,1785044669218,1785044669218,0,0.374,0,40
7808,1785044669218,1785044669218,0,0.350,0,40
7809,1785044669218,1785044669218,0,0.328,0,40
7810,1785044669219,1785044669218,1,0.370,0,40
7811,1785044669219,1785044669219,0,0.410,0,40
7812,1785044669219,1785044669219,0,0.384,0,40
7813,1785044669346,1785044669345,1,0.423,0,40
7814,1785044669346,1785044669345,1,0.396,0,40
7815,1785044669346,1785044669346,0,0.434,0,40
7816,1785044669347,1785044669346,1,0.469,0,40
7817,1785044669347,1785044669347,0,0.502,0,40
7818,1785044669347,1785044669347,0,0.471,0,40
7819,1785044669347,1785044669347,0,0.442,0,40
7820,1785044669347,1785044669347,0,0.414,0,40
7821,1785044669347,1785044669347,0,0.388,0,40
7822,1785044669347,1785044669347,0,0.364,0,40
7823,1785044669350,1785044669350,0,0.341,0,40
7824,1785044669350,1785044669350,0,0.320,0,40
7825,1785044669477,1785044669476,1,0.362,0,40
7826,1785044669477,1785044669477,0,0.402,0,40
7827,1785044669477,1785044669477,0,0.377,0,40
7828,1785044669477,1785044669477,0,0.353,0,40
7829,1785044669477,1785044669477,0,0.331,0,40
7830,1785044669477,1785044669477,0,0.311,0,40
7831,1785044669478,1785044669478,0,0.291,0,40
7832,1785044669478,1785044669478,0,0.273,0,40
7833,1785044669478,1785044669478,0,0.256,0,40
7834,1785044669478,1785044669478,0,0.240,0,40
7835,1785044669478,1785044669478,0,0.225,0,40
7836,1785044669478,1785044669478,0,0.211,0,40
7837,1785044669478,1785044669478,0,0.198,0,40
7838,1785044669604,1785044669604,0,0.185,0,40
7839,1785044669622,1785044669604,18,1.299,0,40
7840,1785044669622,1785044669604,18,1.218,0,40
7841,1785044669623,1785044669604,19,1.204,0,40
7842,1785044669623,1785044669604,19,1.129,0,40
7843,1785044669623,1785044669604,19,1.058,0,40
7844,1785044669623,1785044669604,19,0.992,0,40
7845,1785044669623,1785044669604,19,0.930,0,40
7846,1785044669623,1785044669606,17,0.997,0,40
7847,1785044669623,1785044669606,17,0.935,0,40
7848,1785044669623,1785044669606,17,0.876,0,40
7849,1785044669623,1785044669606,17,0.821,0,40
7850,1785044669623,1785044669606,17,0.770,0,40
7851,1785044669623,1785044669606,17,0.722,0,40
7852,1785044669623,1785044669606,17,0.677,0,40
7853,1785044669732,1785044669732,0,1.697,0,40
7854,1785044669732,1785044669732,0,1.591,0,40
7855,1785044669732,1785044669732,0,1.492,0,40
7856,1785044669732,1785044669732,0,1.398,0,40
7857,1785044669732,1785044669732,0,1.311,0,40
7858,1785044669732,1785044669732,0,1.229,0,40
7859,1785044669732,1785044669732,0,1.152,0,40
7860,1785044669733,1785044669732,1,1.143,0,40
7861,1785044669733,1785044669733,0,1.134,0,40
7862,1785044669733,1785044669733,0,1.063,0,40
7863,1785044669733,1785044669733,0,0.996,0,40
7864,1785044669733,1785044669733,0,0.934,0,40
7865,1785044669733,1785044669733,0,0.876,0,40
7866,1785044669858,1785044669858,0,0.821,0,40
7867,1785044669858,1785044669858,0,0.770,0,40
7868,1785044669859,1785044669859,0,0.722,0,40
7869,1785044669859,1785044669859,0,0.677,0,40
7870,1785044669859,1785044669859,0,0.634,0,40
7871,1785044669859,1785044669859,0,0.595,0,40
7872,1785044669859,1785044669859,0,0.557,0,40
7873,1785044669860,1785044669859,1,0.585,0,40
7874,1785044669860,1785044669859,1,0.549,0,40
7875,1785044669986,1785044669986,0,0.577,0,40
7876,1785044669986,1785044669986,0,0.541,0,40
7877,1785044669986,1785044669986,0,0.507,0,40
7878,1785044669986,1785044669986,0,0.475,0,40
7879,1785044669986,1785044669986,0,0.446,0,40
7880,1785044669986,1785044669986,0,0.418,0,40
7881,1785044669986,1785044669986,0,0.392,0,40
7882,1785044669986,1785044669986,0,0.367,0,40
7883,1785044669987,1785044669986,1,0.407,0,40
7884,1785044669987,1785044669987,0,0.444,0,40
7885,1785044669987,1785044669987,0,0.416,0,40
7886,1785044669987,1785044669987,0,0.390,0,40
7887,1785044669987,1785044669987,0,0.366,0,40
7888,1785044669988,1785044669987,1,0.405,0,40
7889,1785044669988,1785044669988,0,0.442,0,40
7890,1785044669988,1785044669988,0,0.415,0,40
7891,1785044670114,1785044670113,1,0.451,0,40
7892,1785044670114,1785044670114,0,0.486,0,40
7893,1785044670114,1785044670114,0,0.455,0,40
7894,1785044670115,1785044670114,1,0.489,0,40
7895,1785044670115,1785044670115,0,0.521,0,40
7896,1785044670115,1785044670115,0,0.489,0,40
7897,1785044670115,1785044670115,0,0.458,0,40
7898,1785044670115,1785044670115,0,0.430,0,40
7899,1785044670116,1785044670115,1,0.465,0,40
7900,1785044670116,1785044670116,0,0.499,0,40
7901,1785044670116,1785044670116,0,0.467,0,40
7902,1785044670116,1785044670116,0,0.438,0,40
