seq,receive_time_ms,send_timestamp_ms,delay_ms,jitter_ms,cumulative_loss,payload_bytes
2386,1785284644149,1785284644149,0,0.000,0,40
2387,1785284644153,1785284644149,4,0.250,0,40
2388,1785284644154,1785284644149,5,0.297,0,40
2389,1785284644154,1785284644149,5,0.278,0,40
2390,1785284644155,1785284644149,6,0.323,0,40
2391,1785284644155,1785284644149,6,0.303,0,40
2392,1785284644155,1785284644149,6,0.284,0,40
2393,1785284644155,1785284644149,6,0.266,0,40
2394,1785284644155,1785284644149,6,0.250,0,40
2395,1785284644155,1785284644150,5,0.297,0,40
2396,1785284644155,1785284644150,5,0.278,0,40
2397,1785284644155,1785284644150,5,0.261,0,40
2398,1785284644155,1785284644151,4,0.307,0,40
2399,1785284644156,1785284644151,5,0.350,0,40
2400,1785284644156,1785284644151,5,0.328,0,40
2401,1785284644157,1785284644151,6,0.370,0,40
2402,1785284644277,1785284644277,0,0.722,0,40
2403,1785284644278,1785284644277,1,0.740,0,40
2404,1785284644278,1785284644277,1,0.693,0,40
2405,1785284644278,1785284644277,1,0.650,0,40
2406,1785284644278,1785284644278,0,0.672,0,40
2407,1785284644281,1785284644278,3,0.817,0,40
2408,1785284644282,1785284644278,4,0.829,0,40
2409,1785284644282,1785284644278,4,0.777,0,40
2410,1785284644286,1785284644279,7,0.916,0,40
2411,1785284644286,1785284644279,7,0.859,0,40
2412,1785284644287,1785284644279,8,0.868,0,40
2413,1785284644287,1785284644279,8,0.813,0,40
2414,1785284644406,1785284644406,0,1.262,0,40
2415,1785284644408,1785284644407,1,1.246,0,40
2416,1785284644408,1785284644408,0,1.231,0,40
2417,1785284644409,1785284644409,0,1.154,0,40
2418,1785284644410,1785284644409,1,1.144,0,40
2419,1785284644414,1785284644414,0,1.135,0,40
2420,1785284644415,1785284644414,1,1.127,0,40
2421,1785284644415,1785284644414,1,1.056,0,40
2422,1785284644415,1785284644414,1,0.990,0,40
2423,1785284644415,1785284644414,1,0.928,0,40
2424,1785284644415,1785284644415,0,0.933,0,40
2425,1785284644415,1785284644415,0,0.875,0,40
2426,1785284644415,1785284644415,0,0.820,0,40
2427,1785284644540,1785284644540,0,0.769,0,40
2428,1785284644541,1785284644540,1,0.783,0,40
2429,1785284644541,1785284644540,1,0.734,0,40
2430,1785284644541,1785284644541,0,0.751,0,40
2431,1785284644541,1785284644541,0,0.704,0,40
2432,1785284644542,1785284644541,1,0.722,0,40
2433,1785284644542,1785284644541,1,0.677,0,40
2434,1785284644543,1785284644541,2,0.697,0,40
2435,1785284644543,1785284644542,1,0.716,0,40
2436,1785284644543,1785284644542,1,0.672,0,40
2437,1785284644543,1785284644542,1,0.630,0,40
2438,1785284644544,1785284644542,2,0.653,0,40
2439,1785284644668,1785284644668,0,0.737,0,40
2440,1785284644668,1785284644668,0,0.691,0,40
2441,1785284644669,1785284644668,1,0.710,0,40
2442,1785284644669,1785284644668,1,0.666,0,40
2443,1785284644669,1785284644668,1,0.624,0,40
2444,1785284644669,1785284644668,1,0.585,0,40
2445,1785284644669,1785284644668,1,0.549,0,40
2446,1785284644669,1785284644668,1,0.514,0,40
2447,1785284644669,1785284644668,1,0.482,0,40
2448,1785284644669,1785284644668,1,0.452,0,40
2449,1785284644670,1785284644668,2,0.486,0,40
2450,1785284644670,1785284644669,1,0.518,0,40
2451,1785284644670,1785284644669,1,0.486,0,40
2452,1785284644796,1785284644795,1,0.456,0,40
2453,1785284644796,1785284644795,1,0.427,0,40
2454,1785284644797,1785284644796,1,0.400,0,40
2455,1785284644797,1785284644796,1,0.375,0,40
2456,1785284644797,1785284644796,1,0.352,0,40
2457,1785284644797,1785284644796,1,0.330,0,40
2458,1785284644797,1785284644797,0,0.372,0,40
2459,1785284644798,1785284644797,1,0.411,0,40
2460,1785284644798,1785284644797,1,0.385,0,40
2461,1785284644798,1785284644797,1,0.361,0,40
2462,1785284644798,1785284644797,1,0.339,0,40
2463,1785284644798,1785284644797,1,0.318,0,40
2464,1785284644923,1785284644923,0,0.360,0,40
2465,1785284644924,1785284644923,1,0.400,0,40
2466,1785284644924,1785284644923,1,0.375,0,40
2467,1785284644924,1785284644923,1,0.352,0,40
2468,1785284644924,1785284644923,1,0.330,0,40
2469,1785284644924,1785284644923,1,0.309,0,40
2470,1785284644926,1785284644923,3,0.415,0,40
2471,1785284644926,1785284644924,2,0.451,0,40
2472,1785284644927,1785284644924,3,0.486,0,40
2473,1785284644927,1785284644924,3,0.455,0,40
2474,1785284644927,1785284644924,3,0.427,0,40
2475,1785284644927,1785284644924,3,0.400,0,40
2476,1785284644927,1785284644924,3,0.375,0,40
2477,1785284645052,1785284645052,0,0.539,0,40
2478,1785284645053,1785284645052,1,0.568,0,40
2479,1785284645053,1785284645052,1,0.533,0,40
2480,1785284645053,1785284645052,1,0.499,0,40
2481,1785284645053,1785284645052,1,0.468,0,40
2482,1785284645053,1785284645052,1,0.439,0,40
2483,1785284645054,1785284645052,2,0.474,0,40
2484,1785284645054,1785284645053,1,0.507,0,40
2485,1785284645054,1785284645053,1,0.475,0,40
2486,1785284645060,1785284645053,7,0.820,0,40
2487,1785284645060,1785284645053,7,0.769,0,40
2488,1785284645060,1785284645053,7,0.721,0,40
2489,1785284645106,1785284645106,0,1.113,0,0
2490,1785284645179,1785284645178,1,1.106,0,40
2491,1785284645179,1785284645178,1,1.037,0,40
2492,1785284645179,1785284645179,0,1.035,0,40
2493,1785284645180,1785284645179,1,1.033,0,40
2494,1785284645181,1785284645180,1,0.968,0,40
2495,1785284645181,1785284645181,0,0.970,0,40
2496,1785284645182,1785284645181,1,0.972,0,40
2497,1785284645183,1785284645182,1,0.911,0,40
2498,1785284645183,1785284645183,0,0.917,0,40
2499,1785284645183,1785284645183,0,0.860,0,40
2500,1785284645184,1785284645183,1,0.868,0,40
2501,1785284645184,1785284645183,1,0.814,0,40
2502,1785284645184,1785284645184,0,0.826,0,40
2503,1785284645184,1785284645184,0,0.774,0,40
2504,1785284645184,1785284645184,0,0.726,0,40
2505,1785284645184,1785284645184,0,0.680,0,40
2506,1785284645309,1785284645309,0,0.638,0,40
2507,1785284645311,1785284645309,2,0.723,0,40
2508,1785284645311,1785284645309,2,0.678,0,40
2509,1785284645311,1785284645309,2,0.635,0,40
2510,1785284645311,1785284645309,2,0.596,0,40
2511,1785284645312,1785284645311,1,0.621,0,40
2512,1785284645312,1785284645311,1,0.582,0,40
2513,1785284645312,1785284645311,1,0.546,0,40
2514,1785284645312,1785284645311,1,0.512,0,40
2515,1785284645312,1785284645311,1,0.480,0,40
2516,1785284645312,1785284645311,1,0.450,0,40
2517,1785284645313,1785284645312,1,0.422,0,40
2518,1785284645437,1785284645437,0,0.458,0,40
2519,1785284645438,1785284645437,1,0.492,0,40
2520,1785284645438,1785284645437,1,0.461,0,40
2521,1785284645438,1785284645438,0,0.495,0,40
2522,1785284645438,1785284645438,0,0.464,0,40
2523,1785284645439,1785284645438,1,0.497,0,40
2524,1785284645439,1785284645438,1,0.466,0,40
2525,1785284645439,1785284645438,1,0.437,0,40
2526,1785284645439,1785284645438,1,0.410,0,40
2527,1785284645439,1785284645438,1,0.384,0,40
2528,1785284645440,1785284645438,2,0.423,0,40
2529,1785284645440,1785284645438,2,0.396,0,40
2530,1785284645440,1785284645438,2,0.371,0,40
2531,1785284645564,1785284645563,1,0.411,0,40
2532,1785284645564,1785284645563,1,0.385,0,40
2533,1785284645564,1785284645563,1,0.361,0,40
2534,1785284645564,1785284645563,1,0.338,0,40
2535,1785284645566,1785284645564,2,0.380,0,40
2536,1785284645566,1785284645564,2,0.356,0,40
2537,1785284645566,1785284645564,2,0.334,0,40
2538,1785284645566,1785284645564,2,0.313,0,40
2539,1785284645567,1785284645564,3,0.356,0,40
2540,1785284645567,1785284645566,1,0.459,0,40
2541,1785284645567,1785284645566,1,0.430,0,40
2542,1785284645567,1785284645566,1,0.403,0,40
2543,1785284645692,1785284645691,1,0.378,0,40
2544,1785284645693,1785284645691,2,0.417,0,40
2545,1785284645693,1785284645692,1,0.453,0,40
2546,1785284645693,1785284645692,1,0.425,0,40
2547,1785284645693,1785284645692,1,0.398,0,40
2548,1785284645693,1785284645692,1,0.373,0,40
2549,1785284645694,1785284645692,2,0.413,0,40
2550,1785284645694,1785284645692,2,0.387,0,40
2551,1785284645694,1785284645692,2,0.363,0,40
2552,1785284645694,1785284645693,1,0.402,0,40
2553,1785284645695,1785284645693,2,0.440,0,40
2554,1785284645695,1785284645693,2,0.412,0,40
2555,1785284645695,1785284645693,2,0.387,0,40
2556,1785284645819,1785284645818,1,0.425,0,40
2557,1785284645819,1785284645818,1,0.398,0,40
2558,1785284645819,1785284645819,0,0.436,0,40
2559,1785284645820,1785284645819,1,0.471,0,40
2560,1785284645821,1785284645819,2,0.504,0,40
2561,1785284645821,1785284645819,2,0.473,0,40
2562,1785284645821,1785284645820,1,0.506,0,40
2563,1785284645821,1785284645820,1,0.474,0,40
2564,1785284645821,1785284645820,1,0.444,0,40
2565,1785284645822,1785284645820,2,0.479,0,40
2566,1785284645822,1785284645820,2,0.449,0,40
2567,1785284645822,1785284645820,2,0.421,0,40
2568,1785284645946,1785284645946,0,0.520,0,40
2569,1785284645947,1785284645946,1,0.550,0,40
2570,1785284645948,1785284645947,1,0.515,0,40
2571,1785284645948,1785284645947,1,0.483,0,40
2572,1785284645949,1785284645948,1,0.453,0,40
2573,1785284645949,1785284645948,1,0.425,0,40
2574,1785284645949,1785284645948,1,0.398,0,40
2575,1785284645950,1785284645948,2,0.436,0,40
2576,1785284645950,1785284645948,2,0.409,0,40
2577,1785284645950,1785284645949,1,0.446,0,40
2578,1785284645951,1785284645949,2,0.480,0,40
2579,1785284645951,1785284645949,2,0.450,0,40
2580,1785284645951,1785284645950,1,0.485,0,40
2581,1785284646076,1785284646076,0,0.517,0,40
2582,1785284646077,1785284646076,1,0.547,0,40
2583,1785284646077,1785284646076,1,0.513,0,40
2584,1785284646077,1785284646076,1,0.481,0,40
2585,1785284646077,1785284646076,1,0.451,0,40
2586,1785284646077,1785284646077,0,0.485,0,40
2587,1785284646078,1785284646077,1,0.517,0,40
2588,1785284646078,1785284646077,1,0.485,0,40
2589,1785284646078,1785284646077,1,0.455,0,40
2590,1785284646078,1785284646077,1,0.426,0,40
2591,1785284646078,1785284646077,1,0.400,0,40
2592,1785284646078,1785284646077,1,0.375,0,40
2593,1785284646202,1785284646202,0,0.414,0,40
2594,1785284646203,1785284646202,1,0.450,0,40
2595,1785284646203,1785284646202,1,0.422,0,40
2596,1785284646203,1785284646203,0,0.458,0,40
2597,1785284646203,1785284646203,0,0.430,0,40
2598,1785284646203,1785284646203,0,0.403,0,40
2599,1785284646204,1785284646204,0,0.378,0,40
2600,1785284646204,1785284646204,0,0.354,0,40
2601,1785284646204,1785284646204,0,0.332,0,40
2602,1785284646204,1785284646204,0,0.311,0,40
2603,1785284646204,1785284646204,0,0.292,0,40
2604,1785284646204,1785284646204,0,0.273,0,40
2605,1785284646206,1785284646204,2,0.381,0,40
2606,1785284646206,1785284646206,0,0.483,0,40
2607,1785284646206,1785284646206,0,0.452,0,40
2608,1785284646207,1785284646206,1,0.487,0,40
2609,1785284646332,1785284646332,0,0.519,0,40
2610,1785284646334,1785284646332,2,0.611,0,40
2611,1785284646335,1785284646332,3,0.636,0,40
2612,1785284646335,1785284646332,3,0.596,0,40
2613,1785284646335,1785284646332,3,0.559,0,40
2614,1785284646335,1785284646334,1,0.649,0,40
2615,1785284646336,1785284646334,2,0.671,0,40
2616,1785284646336,1785284646334,2,0.629,0,40
2617,1785284646337,1785284646334,3,0.652,0,40
2618,1785284646459,1785284646459,0,0.799,0,40
2619,1785284646460,1785284646459,1,0.811,0,40
2620,1785284646460,1785284646459,1,0.761,0,40
2621,1785284646460,1785284646459,1,0.713,0,40
2622,1785284646464,1785284646459,5,0.918,0,40
2623,1785284646466,1785284646459,7,0.986,0,40
2624,1785284646466,1785284646460,6,0.987,0,40
2625,1785284646466,1785284646460,6,0.925,0,40
2626,1785284646466,1785284646460,6,0.867,0,40
2627,1785284646466,1785284646460,6,0.813,0,40
2628,1785284646466,1785284646461,5,0.825,0,40
2629,1785284646466,1785284646461,5,0.773,0,40
2630,1785284646466,1785284646461,5,0.725,0,40
2631,1785284646466,1785284646461,5,0.680,0,40
2632,1785284646466,1785284646461,5,0.637,0,40
2633,1785284646466,1785284646462,4,0.660,0,40
2634,1785284646588,1785284646588,0,0.869,0,40
2635,1785284646589,1785284646588,1,0.877,0,40
2636,1785284646589,1785284646589,0,0.885,0,40
2637,1785284646590,1785284646590,0,0.829,0,40
2638,1785284646591,1785284646590,1,0.840,0,40
2639,1785284646591,1785284646591,0,0.850,0,40
2640,1785284646591,1785284646591,0,0.797,0,40
2641,1785284646592,1785284646591,1,0.810,0,40
2642,1785284646592,1785284646591,1,0.759,0,40
2643,1785284646592,1785284646592,0,0.774,0,40
2644,1785284646592,1785284646592,0,0.726,0,40
2645,1785284646592,1785284646592,0,0.680,0,40
2646,1785284646718,1785284646718,0,0.638,0,40
2647,1785284646718,1785284646718,0,0.598,0,40
2648,1785284646718,1785284646718,0,0.561,0,40
2649,1785284646718,1785284646718,0,0.525,0,40
2650,1785284646719,1785284646718,1,0.555,0,40
2651,1785284646719,1785284646719,0,0.583,0,40
2652,1785284646719,1785284646719,0,0.547,0,40
2653,1785284646719,1785284646719,0,0.512,0,40
2654,1785284646719,1785284646719,0,0.480,0,40
2655,1785284646719,1785284646719,0,0.450,0,40
2656,1785284646720,1785284646719,1,0.485,0,40
2657,1785284646720,1785284646719,1,0.454,0,40
2658,1785284646720,1785284646720,0,0.488,0,40
2659,1785284646847,1785284646846,1,0.520,0,40
2660,1785284646847,1785284646846,1,0.488,0,40
2661,1785284646847,1785284646846,1,0.457,0,40
2662,1785284646847,1785284646846,1,0.429,0,40
2663,1785284646847,1785284646846,1,0.402,0,40
2664,1785284646847,1785284646846,1,0.377,0,40
2665,1785284646847,1785284646847,0,0.416,0,40
2666,1785284646847,1785284646847,0,0.390,0,40
2667,1785284646847,1785284646847,0,0.365,0,40
2668,1785284646847,1785284646847,0,0.343,0,40
2669,1785284646847,1785284646847,0,0.321,0,40
2670,1785284646847,1785284646847,0,0.301,0,40
2671,1785284646972,1785284646972,0,0.282,0,40
2672,1785284646973,1785284646972,1,0.327,0,40
2673,1785284646973,1785284646973,0,0.369,0,40
2674,1785284646974,1785284646973,1,0.409,0,40
2675,1785284646974,1785284646973,1,0.383,0,40
2676,1785284646974,1785284646973,1,0.359,0,40
2677,1785284646974,1785284646973,1,0.337,0,40
2678,1785284646974,1785284646974,0,0.378,0,40
2679,1785284646974,1785284646974,0,0.355,0,40
2680,1785284646974,1785284646974,0,0.332,0,40
2681,1785284646974,1785284646974,0,0.312,0,40
2682,1785284646974,1785284646974,0,0.292,0,40
2683,1785284646974,1785284646974,0,0.274,0,40
2684,1785284647100,1785284647099,1,0.319,0,40
2685,1785284647100,1785284647099,1,0.299,0,40
2686,1785284647100,1785284647100,0,0.343,0,40
2687,1785284647100,1785284647100,0,0.322,0,40
2688,1785284647101,1785284647100,1,0.364,0,40
2689,1785284647101,1785284647100,1,0.341,0,40
2690,1785284647101,1785284647101,0,0.382,0,40
2691,1785284647101,1785284647101,0,0.359,0,40
2692,1785284647102,1785284647101,1,0.399,0,40
2693,1785284647102,1785284647102,0,0.436,0,40
2694,1785284647102,1785284647102,0,0.409,0,40
2695,1785284647102,1785284647102,0,0.383,0,40
2696,1785284647228,1785284647228,0,0.359,0,40
2697,1785284647228,1785284647228,0,0.337,0,40
2698,1785284647228,1785284647228,0,0.316,0,40
2699,1785284647228,1785284647228,0,0.296,0,40
2700,1785284647228,1785284647228,0,0.278,0,40
2701,1785284647228,1785284647228,0,0.260,0,40
2702,1785284647228,1785284647228,0,0.244,0,40
2703,1785284647228,1785284647228,0,0.229,0,40
2704,1785284647228,1785284647228,0,0.214,0,40
2705,1785284647228,1785284647228,0,0.201,0,40
2706,1785284647229,1785284647229,0,0.189,0,40
2707,1785284647229,1785284647229,0,0.177,0,40
2708,1785284647229,1785284647229,0,0.166,0,40
2709,1785284647355,1785284647355,0,0.155,0,40
2710,1785284647355,1785284647355,0,0.146,0,40
2711,1785284647355,1785284647355,0,0.137,0,40
2712,1785284647355,1785284647355,0,0.128,0,40
2713,1785284647355,1785284647355,0,0.120,0,40
2714,1785284647355,1785284647355,0,0.112,0,40
2715,1785284647356,1785284647355,1,0.168,0,40
2716,1785284647356,1785284647355,1,0.157,0,40
2717,1785284647356,1785284647355,1,0.148,0,40
2718,1785284647356,1785284647355,1,0.138,0,40
2719,1785284647356,1785284647355,1,0.130,0,40
2720,1785284647356,1785284647355,1,0.122,0,40
2721,1785284647483,1785284647482,1,0.114,0,40
2722,1785284647483,1785284647482,1,0.107,0,40
2723,1785284647483,1785284647482,1,0.100,0,40
2724,1785284647483,1785284647483,0,0.156,0,40
2725,1785284647483,1785284647483,0,0.147,0,40
2726,1785284647483,1785284647483,0,0.138,0,40
2727,1785284647484,1785284647483,1,0.191,0,40
2728,1785284647484,1785284647483,1,0.179,0,40
2729,1785284647484,1785284647483,1,0.168,0,40
2730,1785284647484,1785284647483,1,0.158,0,40
2731,1785284647484,1785284647483,1,0.148,0,40
2732,1785284647484,1785284647484,0,0.201,0,40
2733,1785284647484,1785284647484,0,0.189,0,40
2734,1785284647610,1785284647609,1,0.239,0,40
2735,1785284647610,1785284647609,1,0.224,0,40
2736,1785284647610,1785284647610,0,0.273,0,40
2737,1785284647610,1785284647610,0,0.256,0,40
2738,1785284647610,1785284647610,0,0.240,0,40
2739,1785284647611,1785284647611,0,0.225,0,40
2740,1785284647611,1785284647611,0,0.211,0,40
2741,1785284647611,1785284647611,0,0.198,0,40
2742,1785284647611,1785284647611,0,0.185,0,40
2743,1785284647611,1785284647611,0,0.174,0,40
2744,1785284647612,1785284647611,1,0.225,0,40
2745,1785284647612,1785284647612,0,0.274,0,40
2746,1785284647738,1785284647738,0,0.257,0,40
2747,1785284647738,1785284647738,0,0.241,0,40
2748,1785284647738,1785284647738,0,0.226,0,40
2749,1785284647738,1785284647738,0,0.211,0,40
2750,1785284647738,1785284647738,0,0.198,0,40
2751,1785284647738,1785284647738,0,0.186,0,40
2752,1785284647739,1785284647738,1,0.237,0,40
2753,1785284647739,1785284647739,0,0.284,0,40
2754,1785284647739,1785284647739,0,0.267,0,40
2755,1785284647739,1785284647739,0,0.250,0,40
2756,1785284647739,1785284647739,0,0.234,0,40
2757,1785284647739,1785284647739,0,0.220,0,40
2758,1785284647739,1785284647739,0,0.206,0,40
2759,1785284647740,1785284647739,1,0.256,0,40
2760,1785284647740,1785284647739,1,0.240,0,40
2761,1785284647740,1785284647740,0,0.287,0,40
2762,1785284647867,1785284647867,0,0.269,0,40
2763,1785284647867,1785284647867,0,0.252,0,40
2764,1785284647868,1785284647867,1,0.299,0,40
2765,1785284647868,1785284647867,1,0.280,0,40
2766,1785284647868,1785284647868,0,0.325,0,40
2767,1785284647868,1785284647868,0,0.305,0,40
2768,1785284647868,1785284647868,0,0.286,0,40
2769,1785284647868,1785284647868,0,0.268,0,40
2770,1785284647869,1785284647868,1,0.314,0,40
2771,1785284647994,1785284647994,0,0.357,0,40
2772,1785284647996,1785284647994,2,0.459,0,40
2773,1785284647996,1785284647996,0,0.556,0,40
2774,1785284647996,1785284647996,0,0.521,0,40
2775,1785284647996,1785284647996,0,0.488,0,40
2776,1785284647996,1785284647996,0,0.458,0,40
2777,1785284647996,1785284647996,0,0.429,0,40
2778,1785284647997,1785284647996,1,0.465,0,40
2779,1785284647997,1785284647997,0,0.498,0,40
2780,1785284647997,1785284647997,0,0.467,0,40
2781,1785284647998,1785284647997,1,0.501,0,40
2782,1785284647998,1785284647998,0,0.532,0,40
2783,1785284647998,1785284647998,0,0.499,0,40
2784,1785284647998,1785284647998,0,0.467,0,40
2785,1785284647998,1785284647998,0,0.438,0,40
2786,1785284648000,1785284647998,2,0.536,0,40
2787,1785284648124,1785284648124,0,0.627,0,40
2788,1785284648124,1785284648124,0,0.588,0,40
2789,1785284648125,1785284648124,1,0.614,0,40
2790,1785284648125,1785284648125,0,0.638,0,40
2791,1785284648125,1785284648125,0,0.598,0,40
2792,1785284648125,1785284648125,0,0.561,0,40
2793,1785284648125,1785284648125,0,0.526,0,40
2794,1785284648125,1785284648125,0,0.493,0,40
2795,1785284648125,1785284648125,0,0.462,0,40
2796,1785284648125,1785284648125,0,0.433,0,40
2797,1785284648125,1785284648125,0,0.406,0,40
2798,1785284648127,1785284648127,0,0.381,0,40
2799,1785284648127,1785284648127,0,0.357,0,40
2800,1785284648254,1785284648253,1,0.397,0,40
2801,1785284648254,1785284648253,1,0.372,0,40
2802,1785284648254,1785284648253,1,0.349,0,40
2803,1785284648254,1785284648254,0,0.390,0,40
2804,1785284648255,1785284648254,1,0.428,0,40
2805,1785284648255,1785284648254,1,0.401,0,40
2806,1785284648255,1785284648254,1,0.376,0,40
2807,1785284648255,1785284648255,0,0.415,0,40
2808,1785284648256,1785284648255,1,0.452,0,40
2809,1785284648256,1785284648256,0,0.486,0,40
2810,1785284648256,1785284648256,0,0.455,0,40
2811,1785284648256,1785284648256,0,0.427,0,40
2812,1785284648381,1785284648381,0,0.400,0,40
2813,1785284648381,1785284648381,0,0.375,0,40
2814,1785284648381,1785284648381,0,0.352,0,40
2815,1785284648382,1785284648381,1,0.392,0,40
2816,1785284648382,1785284648382,0,0.430,0,40
2817,1785284648382,1785284648382,0,0.403,0,40
2818,1785284648382,1785284648382,0,0.378,0,40
2819,1785284648382,1785284648382,0,0.355,0,40
2820,1785284648382,1785284648382,0,0.332,0,40
2821,1785284648382,1785284648382,0,0.312,0,40
2822,1785284648382,1785284648382,0,0.292,0,40
2823,1785284648382,1785284648382,0,0.274,0,40
2824,1785284648382,1785284648382,0,0.257,0,40
2825,1785284648509,1785284648508,1,0.303,0,40
2826,1785284648509,1785284648508,1,0.284,0,40
2827,1785284648509,1785284648509,0,0.329,0,40
2828,1785284648509,1785284648509,0,0.308,0,40
2829,1785284648509,1785284648509,0,0.289,0,40
2830,1785284648509,1785284648509,0,0.271,0,40
2831,1785284648510,1785284648510,0,0.254,0,40
2832,1785284648510,1785284648510,0,0.238,0,40
2833,1785284648510,1785284648510,0,0.223,0,40
2834,1785284648510,1785284648510,0,0.209,0,40
2835,1785284648510,1785284648510,0,0.196,0,40
2836,1785284648510,1785284648510,0,0.184,0,40
2837,1785284648636,1785284648636,0,0.173,0,40
2838,1785284648636,1785284648636,0,0.162,0,40
2839,1785284648636,1785284648636,0,0.152,0,40
2840,1785284648636,1785284648636,0,0.142,0,40
2841,1785284648636,1785284648636,0,0.133,0,40
2842,1785284648637,1785284648636,1,0.187,0,40
2843,1785284648637,1785284648637,0,0.238,0,40
2844,1785284648637,1785284648637,0,0.223,0,40
2845,1785284648637,1785284648637,0,0.209,0,40
2846,1785284648637,1785284648637,0,0.196,0,40
2847,1785284648637,1785284648637,0,0.184,0,40
2848,1785284648637,1785284648637,0,0.173,0,40
2849,1785284648637,1785284648637,0,0.162,0,40
2850,1785284648763,1785284648763,0,0.152,0,40
2851,1785284648763,1785284648763,0,0.142,0,40
2852,1785284648763,1785284648763,0,0.133,0,40
2853,1785284648763,1785284648763,0,0.125,0,40
2854,1785284648763,1785284648763,0,0.117,0,40
2855,1785284648763,1785284648763,0,0.110,0,40
2856,1785284648763,1785284648763,0,0.103,0,40
2857,1785284648763,1785284648763,0,0.097,0,40
2858,1785284648763,1785284648763,0,0.090,0,40
2859,1785284648763,1785284648763,0,0.085,0,40
2860,1785284648763,1785284648763,0,0.080,0,40
2861,1785284648763,1785284648763,0,0.075,0,40
2862,1785284648888,1785284648888,0,0.070,0,40
2863,1785284648889,1785284648888,1,0.128,0,40
2864,1785284648889,1785284648888,1,0.120,0,40
2865,1785284648889,1785284648889,0,0.175,0,40
2866,1785284648889,1785284648889,0,0.164,0,40
2867,1785284648889,1785284648889,0,0.154,0,40
2868,1785284648889,1785284648889,0,0.144,0,40
2869,1785284648889,1785284648889,0,0.135,0,40
2870,1785284648889,1785284648889,0,0.127,0,40
2871,1785284648889,1785284648889,0,0.119,0,40
2872,1785284648889,1785284648889,0,0.111,0,40
2873,1785284648890,1785284648890,0,0.104,0,40
2874,1785284648890,1785284648890,0,0.098,0,40
2875,1785284649016,1785284649016,0,0.092,0,40
2876,1785284649016,1785284649016,0,0.086,0,40
2877,1785284649017,1785284649016,1,0.143,0,40
2878,1785284649017,1785284649016,1,0.134,0,40
2879,1785284649017,1785284649016,1,0.126,0,40
2880,1785284649017,1785284649017,0,0.180,0,40
2881,1785284649017,1785284649017,0,0.169,0,40
2882,1785284649017,1785284649017,0,0.159,0,40
2883,1785284649017,1785284649017,0,0.149,0,40
2884,1785284649018,1785284649017,1,0.202,0,40
2885,1785284649018,1785284649018,0,0.252,0,40
2886,1785284649018,1785284649018,0,0.236,0,40
2887,1785284649143,1785284649143,0,0.221,0,40
2888,1785284649144,1785284649143,1,0.270,0,40
2889,1785284649144,1785284649143,1,0.253,0,40
2890,1785284649144,1785284649143,1,0.237,0,40
2891,1785284649144,1785284649143,1,0.222,0,40
2892,1785284649144,1785284649144,0,0.271,0,40
2893,1785284649144,1785284649144,0,0.254,0,40
2894,1785284649144,1785284649144,0,0.238,0,40
2895,1785284649144,1785284649144,0,0.223,0,40
2896,1785284649144,1785284649144,0,0.209,0,40
2897,1785284649145,1785284649144,1,0.259,0,40
2898,1785284649146,1785284649145,1,0.243,0,40
2899,1785284649146,1785284649145,1,0.227,0,40
2900,1785284649270,1785284649270,0,0.276,0,40
2901,1785284649270,1785284649270,0,0.259,0,40
2902,1785284649270,1785284649270,0,0.242,0,40
2903,1785284649270,1785284649270,0,0.227,0,40
2904,1785284649270,1785284649270,0,0.213,0,40
2905,1785284649270,1785284649270,0,0.200,0,40
2906,1785284649270,1785284649270,0,0.187,0,40
2907,1785284649270,1785284649270,0,0.176,0,40
2908,1785284649270,1785284649270,0,0.165,0,40
2909,1785284649270,1785284649270,0,0.154,0,40
2910,1785284649270,1785284649270,0,0.145,0,40
2911,1785284649270,1785284649270,0,0.136,0,40
2912,1785284649397,1785284649397,0,0.127,0,40
2913,1785284649398,1785284649397,1,0.182,0,40
2914,1785284649398,1785284649397,1,0.170,0,40
2915,1785284649398,1785284649398,0,0.222,0,40
2916,1785284649398,1785284649398,0,0.208,0,40
2917,1785284649398,1785284649398,0,0.195,0,40
2918,1785284649398,1785284649398,0,0.183,0,40
2919,1785284649398,1785284649398,0,0.172,0,40
2920,1785284649399,1785284649398,1,0.223,0,40
2921,1785284649399,1785284649399,0,0.272,0,40
2922,1785284649399,1785284649399,0,0.255,0,40
2923,1785284649399,1785284649399,0,0.239,0,40
2924,1785284649399,1785284649399,0,0.224,0,40
2925,1785284649526,1785284649525,1,0.273,0,40
2926,1785284649526,1785284649525,1,0.256,0,40
2927,1785284649526,1785284649526,0,0.302,0,40
2928,1785284649526,1785284649526,0,0.283,0,40
2929,1785284649527,1785284649526,1,0.328,0,40
2930,1785284649528,1785284649527,1,0.307,0,40
2931,1785284649528,1785284649528,0,0.351,0,40
2932,1785284649528,1785284649528,0,0.329,0,40
2933,1785284649528,1785284649528,0,0.308,0,40
2934,1785284649529,1785284649528,1,0.352,0,40
2935,1785284649529,1785284649529,0,0.392,0,40
2936,1785284649529,1785284649529,0,0.368,0,40
2937,1785284649655,1785284649655,0,0.345,0,40
2938,1785284649655,1785284649655,0,0.323,0,40
2939,1785284649656,1785284649655,1,0.365,0,40
2940,1785284649656,1785284649655,1,0.343,0,40
2941,1785284649656,1785284649655,1,0.321,0,40
2942,1785284649656,1785284649655,1,0.301,0,40
2943,1785284649656,1785284649656,0,0.345,0,40
2944,1785284649656,1785284649656,0,0.323,0,40
2945,1785284649656,1785284649656,0,0.303,0,40
2946,1785284649657,1785284649656,1,0.347,0,40
2947,1785284649658,1785284649657,1,0.325,0,40
2948,1785284649658,1785284649657,1,0.305,0,40
2949,1785284649658,1785284649658,0,0.348,0,40
2950,1785284649658,1785284649658,0,0.326,0,40
2951,1785284649658,1785284649658,0,0.306,0,40
2952,1785284649658,1785284649658,0,0.287,0,40
2953,1785284649784,1785284649783,1,0.331,0,40
2954,1785284649784,1785284649783,1,0.311,0,40
2955,1785284649784,1785284649783,1,0.291,0,40
2956,1785284649784,1785284649784,0,0.336,0,40
2957,1785284649784,1785284649784,0,0.315,0,40
2958,1785284649784,1785284649784,0,0.295,0,40
2959,1785284649786,1785284649784,2,0.401,0,40
2960,1785284649786,1785284649786,0,0.501,0,40
2961,1785284649786,1785284649786,0,0.470,0,40
2962,1785284649786,1785284649786,0,0.441,0,40
2963,1785284649786,1785284649786,0,0.413,0,40
2964,1785284649786,1785284649786,0,0.387,0,40
2965,1785284649911,1785284649911,0,0.363,0,40
2966,1785284649912,1785284649911,1,0.403,0,40
2967,1785284649912,1785284649911,1,0.378,0,40
2968,1785284649912,1785284649911,1,0.354,0,40
2969,1785284649912,1785284649911,1,0.332,0,40
2970,1785284649912,1785284649912,0,0.374,0,40
2971,1785284649912,1785284649912,0,0.350,0,40
2972,1785284649912,1785284649912,0,0.328,0,40
2973,1785284649913,1785284649912,1,0.370,0,40
2974,1785284649913,1785284649912,1,0.347,0,40
2975,1785284649913,1785284649912,1,0.326,0,40
2976,1785284649913,1785284649912,1,0.305,0,40
2977,1785284649913,1785284649912,1,0.286,0,40
2978,1785284650039,1785284650038,1,0.268,0,40
2979,1785284650040,1785284650038,2,0.314,0,40
2980,1785284650040,1785284650040,0,0.419,0,40
2981,1785284650040,1785284650040,0,0.393,0,40
2982,1785284650040,1785284650040,0,0.369,0,40
2983,1785284650040,1785284650040,0,0.346,0,40
2984,1785284650040,1785284650040,0,0.324,0,40
2985,1785284650040,1785284650040,0,0.304,0,40
2986,1785284650040,1785284650040,0,0.285,0,40
2987,1785284650040,1785284650040,0,0.267,0,40
2988,1785284650041,1785284650040,1,0.313,0,40
2989,1785284650041,1785284650041,0,0.356,0,40
2990,1785284650107,1785284650106,1,0.396,0,0
2991,1785284650167,1785284650167,0,0.434,0,40
2992,1785284650167,1785284650167,0,0.407,0,40
2993,1785284650167,1785284650167,0,0.381,0,40
2994,1785284650167,1785284650167,0,0.357,0,40
2995,1785284650167,1785284650167,0,0.335,0,40
2996,1785284650168,1785284650167,1,0.377,0,40
2997,1785284650168,1785284650168,0,0.416,0,40
2998,1785284650169,1785284650169,0,0.390,0,40
2999,1785284650169,1785284650169,0,0.365,0,40
3000,1785284650169,1785284650169,0,0.342,0,40
3001,1785284650169,1785284650169,0,0.321,0,40
3002,1785284650169,1785284650169,0,0.301,0,40
3003,1785284650169,1785284650169,0,0.282,0,40
3004,1785284650296,1785284650294,2,0.390,0,40
3005,1785284650297,1785284650296,1,0.428,0,40
3006,1785284650297,1785284650296,1,0.401,0,40
3007,1785284650297,1785284650297,0,0.438,0,40
3008,1785284650297,1785284650297,0,0.411,0,40
3009,1785284650298,1785284650297,1,0.448,0,40
3010,1785284650298,1785284650298,0,0.482,0,40
3011,1785284650298,1785284650298,0,0.452,0,40
3012,1785284650298,1785284650298,0,0.424,0,40
3013,1785284650298,1785284650298,0,0.397,0,40
3014,1785284650299,1785284650299,0,0.373,0,40
3015,1785284650299,1785284650299,0,0.349,0,40
3016,1785284650424,1785284650424,0,0.327,0,40
3017,1785284650426,1785284650426,0,0.307,0,40
3018,1785284650427,1785284650426,1,0.350,0,40
3019,1785284650427,1785284650427,0,0.391,0,40
3020,1785284650428,1785284650427,1,0.429,0,40
3021,1785284650428,1785284650428,0,0.465,0,40
3022,1785284650429,1785284650429,0,0.436,0,40
3023,1785284650429,1785284650429,0,0.408,0,40
3024,1785284650430,1785284650429,1,0.445,0,40
3025,1785284650433,1785284650430,3,0.543,0,40
3026,1785284650433,1785284650430,3,0.509,0,40
3027,1785284650433,1785284650430,3,0.477,0,40
3028,1785284650434,1785284650430,4,0.510,0,40
3029,1785284650434,1785284650430,4,0.478,0,40
3030,1785284650434,1785284650431,3,0.510,0,40
3031,1785284650434,1785284650431,3,0.478,0,40
3032,1785284650557,1785284650557,0,0.636,0,40
3033,1785284650557,1785284650557,0,0.596,0,40
3034,1785284650559,1785284650559,0,0.559,0,40
3035,1785284650559,1785284650559,0,0.524,0,40
3036,1785284650559,1785284650559,0,0.491,0,40
3037,1785284650560,1785284650559,1,0.523,0,40
3038,1785284650560,1785284650560,0,0.553,0,40
3039,1785284650560,1785284650560,0,0.518,0,40
3040,1785284650560,1785284650560,0,0.486,0,40
3041,1785284650560,1785284650560,0,0.456,0,40
3042,1785284650560,1785284650560,0,0.427,0,40
3043,1785284650560,1785284650560,0,0.400,0,40
3044,1785284650686,1785284650686,0,0.375,0,40
3045,1785284650686,1785284650686,0,0.352,0,40
3046,1785284650687,1785284650686,1,0.392,0,40
3047,1785284650687,1785284650686,1,0.368,0,40
3048,1785284650687,1785284650686,1,0.345,0,40
3049,1785284650687,1785284650687,0,0.386,0,40
3050,1785284650687,1785284650687,0,0.362,0,40
3051,1785284650687,1785284650687,0,0.339,0,40
3052,1785284650687,1785284650687,0,0.318,0,40
3053,1785284650687,1785284650687,0,0.298,0,40
3054,1785284650687,1785284650687,0,0.279,0,40
3055,1785284650687,1785284650687,0,0.262,0,40
3056,1785284650687,1785284650687,0,0.246,0,40
3057,1785284650812,1785284650812,0,0.230,0,40
3058,1785284650813,1785284650812,1,0.278,0,40
3059,1785284650813,1785284650812,1,0.261,0,40
3060,1785284650813,1785284650812,1,0.245,0,40
3061,1785284650813,1785284650813,0,0.292,0,40
3062,1785284650813,1785284650813,0,0.274,0,40
3063,1785284650813,1785284650813,0,0.257,0,40
3064,1785284650813,1785284650813,0,0.240,0,40
3065,1785284650813,1785284650813,0,0.225,0,40
3066,1785284650813,1785284650813,0,0.211,0,40
3067,1785284650813,1785284650813,0,0.198,0,40
3068,1785284650813,1785284650813,0,0.186,0,40
3069,1785284650938,1785284650938,0,0.174,0,40
3070,1785284650938,1785284650938,0,0.163,0,40
3071,1785284650938,1785284650938,0,0.153,0,40
3072,1785284650938,1785284650938,0,0.144,0,40
3073,1785284650938,1785284650938,0,0.135,0,40
3074,1785284650938,1785284650938,0,0.126,0,40
3075,1785284650938,1785284650938,0,0.118,0,40
3076,1785284650938,1785284650938,0,0.111,0,40
3077,1785284650938,1785284650938,0,0.104,0,40
3078,1785284650938,1785284650938,0,0.097,0,40
3079,1785284650938,1785284650938,0,0.091,0,40
3080,1785284650938,1785284650938,0,0.086,0,40
3081,1785284650938,1785284650938,0,0.080,0,40
3082,1785284651064,1785284651064,0,0.075,0,40
3083,1785284651064,1785284651064,0,0.071,0,40
3084,1785284651064,1785284651064,0,0.066,0,40
3085,1785284651065,1785284651064,1,0.125,0,40
3086,1785284651065,1785284651064,1,0.117,0,40
3087,1785284651065,1785284651064,1,0.109,0,40
3088,1785284651065,1785284651064,1,0.103,0,40
3089,1785284651065,1785284651065,0,0.159,0,40
3090,1785284651065,1785284651065,0,0.149,0,40
3091,1785284651065,1785284651065,0,0.139,0,40
3092,1785284651065,1785284651065,0,0.131,0,40
3093,1785284651065,1785284651065,0,0.123,0,40
3094,1785284651190,1785284651190,0,0.115,0,40
3095,1785284651190,1785284651190,0,0.108,0,40
3096,1785284651190,1785284651190,0,0.101,0,40
3097,1785284651190,1785284651190,0,0.095,0,40
3098,1785284651190,1785284651190,0,0.089,0,40
3099,1785284651191,1785284651190,1,0.146,0,40
3100,1785284651191,1785284651190,1,0.137,0,40
3101,1785284651191,1785284651190,1,0.128,0,40
3102,1785284651191,1785284651190,1,0.120,0,40
3103,1785284651191,1785284651190,1,0.113,0,40
3104,1785284651191,1785284651191,0,0.168,0,40
3105,1785284651191,1785284651191,0,0.158,0,40
3106,1785284651191,1785284651191,0,0.148,0,40
3107,1785284651317,1785284651317,0,0.138,0,40
3108,1785284651319,1785284651319,0,0.130,0,40
3109,1785284651319,1785284651319,0,0.122,0,40
3110,1785284651319,1785284651319,0,0.114,0,40
3111,1785284651319,1785284651319,0,0.107,0,40
3112,1785284651319,1785284651319,0,0.100,0,40
3113,1785284651319,1785284651319,0,0.094,0,40
3114,1785284651319,1785284651319,0,0.088,0,40
3115,1785284651319,1785284651319,0,0.083,0,40
3116,1785284651319,1785284651319,0,0.077,0,40
3117,1785284651320,1785284651319,1,0.135,0,40
3118,1785284651320,1785284651320,0,0.189,0,40
3119,1785284651445,1785284651445,0,0.177,0,40
3120,1785284651446,1785284651446,0,0.166,0,40
3121,1785284651446,1785284651446,0,0.156,0,40
3122,1785284651447,1785284651447,0,0.146,0,40
3123,1785284651447,1785284651447,0,0.137,0,40
3124,1785284651447,1785284651447,0,0.128,0,40
3125,1785284651447,1785284651447,0,0.120,0,40
3126,1785284651448,1785284651448,0,0.113,0,40
3127,1785284651448,1785284651448,0,0.106,0,40
3128,1785284651448,1785284651448,0,0.099,0,40
3129,1785284651448,1785284651448,0,0.093,0,40
3130,1785284651448,1785284651448,0,0.087,0,40
3131,1785284651448,1785284651448,0,0.082,0,40
3132,1785284651575,1785284651574,1,0.139,0,40
3133,1785284651575,1785284651575,0,0.193,0,40
3134,1785284651575,1785284651575,0,0.181,0,40
3135,1785284651576,1785284651575,1,0.232,0,40
3136,1785284651576,1785284651576,0,0.280,0,40
3137,1785284651576,1785284651576,0,0.263,0,40
3138,1785284651576,1785284651576,0,0.246,0,40
3139,1785284651576,1785284651576,0,0.231,0,40
3140,1785284651577,1785284651576,1,0.279,0,40
3141,1785284651577,1785284651577,0,0.324,0,40
3142,1785284651577,1785284651577,0,0.304,0,40
3143,1785284651577,1785284651577,0,0.285,0,40
3144,1785284651702,1785284651702,0,0.267,0,40
3145,1785284651702,1785284651702,0,0.250,0,40
3146,1785284651702,1785284651702,0,0.235,0,40
3147,1785284651703,1785284651702,1,0.282,0,40
3148,1785284651703,1785284651703,0,0.327,0,40
3149,1785284651703,1785284651703,0,0.307,0,40
3150,1785284651703,1785284651703,0,0.288,0,40
3151,1785284651703,1785284651703,0,0.270,0,40
3152,1785284651703,1785284651703,0,0.253,0,40
3153,1785284651703,1785284651703,0,0.237,0,40
3154,1785284651705,1785284651703,2,0.347,0,40
3155,1785284651706,1785284651706,0,0.450,0,40
3156,1785284651707,1785284651706,1,0.485,0,40
3157,1785284651833,1785284651832,1,0.455,0,40
3158,1785284651833,1785284651832,1,0.426,0,40
3159,1785284651833,1785284651833,0,0.462,0,40
3160,1785284651833,1785284651833,0,0.433,0,40
3161,1785284651833,1785284651833,0,0.406,0,40
3162,1785284651833,1785284651833,0,0.381,0,40
3163,1785284651833,1785284651833,0,0.357,0,40
3164,1785284651833,1785284651833,0,0.335,0,40
3165,1785284651834,1785284651834,0,0.314,0,40
3166,1785284651834,1785284651834,0,0.294,0,40
3167,1785284651834,1785284651834,0,0.276,0,40
3168,1785284651834,1785284651834,0,0.258,0,40
3169,1785284651959,1785284651959,0,0.242,0,40
3170,1785284651959,1785284651959,0,0.227,0,40
3171,1785284651959,1785284651959,0,0.213,0,40
3172,1785284651959,1785284651959,0,0.200,0,40
3173,1785284651959,1785284651959,0,0.187,0,40
3174,1785284651959,1785284651959,0,0.175,0,40
3175,1785284651959,1785284651959,0,0.165,0,40
3176,1785284651959,1785284651959,0,0.154,0,40
3177,1785284651959,1785284651959,0,0.145,0,40
3178,1785284651959,1785284651959,0,0.136,0,40
3179,1785284651959,1785284651959,0,0.127,0,40
3180,1785284651959,1785284651959,0,0.119,0,40
3181,1785284651959,1785284651959,0,0.112,0,40
3182,1785284651960,1785284651959,1,0.167,0,40
3183,1785284651960,1785284651959,1,0.157,0,40
3184,1785284651960,1785284651960,0,0.209,0,40
3185,1785284652086,1785284652086,0,0.196,0,40
3186,1785284652087,1785284652086,1,0.247,0,40
3187,1785284652087,1785284652086,1,0.231,0,40
3188,1785284652087,1785284652087,0,0.279,0,40
3189,1785284652087,1785284652087,0,0.262,0,40
3190,1785284652087,1785284652087,0,0.245,0,40
3191,1785284652087,1785284652087,0,0.230,0,40
3192,1785284652087,1785284652087,0,0.216,0,40
3193,1785284652087,1785284652087,0,0.202,0,40
3194,1785284652213,1785284652213,0,0.190,0,40
3195,1785284652216,1785284652214,2,0.303,0,40
3196,1785284652216,1785284652214,2,0.284,0,40
3197,1785284652216,1785284652214,2,0.266,0,40
3198,1785284652220,1785284652217,3,0.312,0,40
3199,1785284652221,1785284652220,1,0.417,0,40
3200,1785284652221,1785284652220,1,0.391,0,40
3201,1785284652221,1785284652220,1,0.367,0,40
3202,1785284652221,1785284652220,1,0.344,0,40
3203,1785284652221,1785284652221,0,0.385,0,40
3204,1785284652221,1785284652221,0,0.361,0,40
3205,1785284652221,1785284652221,0,0.338,0,40
3206,1785284652222,1785284652222,0,0.317,0,40
3207,1785284652222,1785284652222,0,0.297,0,40
3208,1785284652222,1785284652222,0,0.279,0,40
3209,1785284652223,1785284652223,0,0.261,0,40
3210,1785284652349,1785284652349,0,0.245,0,40
3211,1785284652349,1785284652349,0,0.230,0,40
3212,1785284652349,1785284652349,0,0.215,0,40
3213,1785284652349,1785284652349,0,0.202,0,40
3214,1785284652349,1785284652349,0,0.189,0,40
3215,1785284652350,1785284652349,1,0.240,0,40
3216,1785284652350,1785284652350,0,0.287,0,40
3217,1785284652350,1785284652350,0,0.269,0,40
3218,1785284652350,1785284652350,0,0.253,0,40
3219,1785284652350,1785284652350,0,0.237,0,40
3220,1785284652350,1785284652350,0,0.222,0,40
3221,1785284652350,1785284652350,0,0.208,0,40
3222,1785284652479,1785284652478,1,0.258,0,40
3223,1785284652479,1785284652478,1,0.242,0,40
3224,1785284652479,1785284652478,1,0.226,0,40
3225,1785284652479,1785284652478,1,0.212,0,40
3226,1785284652479,1785284652478,1,0.199,0,40
3227,1785284652479,1785284652478,1,0.187,0,40
3228,1785284652479,1785284652478,1,0.175,0,40
3229,1785284652479,1785284652479,0,0.227,0,40
3230,1785284652479,1785284652479,0,0.212,0,40
3231,1785284652479,1785284652479,0,0.199,0,40
3232,1785284652479,1785284652479,0,0.187,0,40
3233,1785284652480,1785284652479,1,0.237,0,40
3234,1785284652480,1785284652480,0,0.285,0,40
3235,1785284652607,1785284652606,1,0.330,0,40
3236,1785284652607,1785284652607,0,0.372,0,40
3237,1785284652607,1785284652607,0,0.348,0,40
3238,1785284652607,1785284652607,0,0.327,0,40
3239,1785284652608,1785284652607,1,0.369,0,40
3240,1785284652608,1785284652607,1,0.346,0,40
3241,1785284652608,1785284652608,0,0.387,0,40
3242,1785284652608,1785284652608,0,0.362,0,40
3243,1785284652609,1785284652608,1,0.402,0,40
3244,1785284652609,1785284652609,0,0.440,0,40
3245,1785284652609,1785284652609,0,0.412,0,40
3246,1785284652609,1785284652609,0,0.386,0,40
3247,1785284652735,1785284652735,0,0.362,0,40
3248,1785284652735,1785284652735,0,0.340,0,40
3249,1785284652735,1785284652735,0,0.318,0,40
3250,1785284652735,1785284652735,0,0.298,0,40
3251,1785284652735,1785284652735,0,0.280,0,40
3252,1785284652735,1785284652735,0,0.262,0,40
3253,1785284652735,1785284652735,0,0.246,0,40
3254,1785284652735,1785284652735,0,0.231,0,40
3255,1785284652736,1785284652735,1,0.279,0,40
3256,1785284652736,1785284652735,1,0.261,0,40
3257,1785284652736,1785284652736,0,0.307,0,40
3258,1785284652736,1785284652736,0,0.288,0,40
3259,1785284652736,1785284652736,0,0.270,0,40
3260,1785284652736,1785284652736,0,0.253,0,40
3261,1785284652736,1785284652736,0,0.237,0,40
3262,1785284652736,1785284652736,0,0.223,0,40
3263,1785284652861,1785284652861,0,0.209,0,40
3264,1785284652862,1785284652861,1,0.258,0,40
3265,1785284652862,1785284652861,1,0.242,0,40
3266,1785284652862,1785284652861,1,0.227,0,40
3267,1785284652862,1785284652862,0,0.275,0,40
3268,1785284652862,1785284652862,0,0.258,0,40
3269,1785284652862,1785284652862,0,0.242,0,40
3270,1785284652862,1785284652862,0,0.227,0,40
3271,1785284652862,1785284652862,0,0.213,0,40
3272,1785284652988,1785284652988,0,0.199,0,40
3273,1785284652988,1785284652988,0,0.187,0,40
3274,1785284652988,1785284652988,0,0.175,0,40
3275,1785284652988,1785284652988,0,0.164,0,40
3276,1785284652988,1785284652988,0,0.154,0,40
3277,1785284652988,1785284652988,0,0.144,0,40
3278,1785284652989,1785284652989,0,0.135,0,40
3279,1785284652990,1785284652989,1,0.189,0,40
3280,1785284652990,1785284652990,0,0.240,0,40
3281,1785284652990,1785284652990,0,0.225,0,40
3282,1785284652990,1785284652990,0,0.211,0,40
3283,1785284652990,1785284652990,0,0.198,0,40
3284,1785284652991,1785284652990,1,0.248,0,40
3285,1785284653116,1785284653116,0,0.295,0,40
3286,1785284653116,1785284653116,0,0.276,0,40
3287,1785284653116,1785284653116,0,0.259,0,40
3288,1785284653116,1785284653116,0,0.243,0,40
3289,1785284653116,1785284653116,0,0.228,0,40
3290,1785284653116,1785284653116,0,0.214,0,40
3291,1785284653116,1785284653116,0,0.200,0,40
3292,1785284653116,1785284653116,0,0.188,0,40
3293,1785284653117,1785284653116,1,0.238,0,40
3294,1785284653117,1785284653117,0,0.286,0,40
3295,1785284653117,1785284653117,0,0.268,0,40
3296,1785284653117,1785284653117,0,0.251,0,40
3297,1785284653117,1785284653117,0,0.236,0,40
3298,1785284653117,1785284653117,0,0.221,0,40
3299,1785284653117,1785284653117,0,0.207,0,40
3300,1785284653117,1785284653117,0,0.194,0,40
3301,1785284653243,1785284653243,0,0.182,0,40
3302,1785284653244,1785284653243,1,0.233,0,40
3303,1785284653244,1785284653244,0,0.281,0,40
3304,1785284653244,1785284653244,0,0.264,0,40
3305,1785284653244,1785284653244,0,0.247,0,40
3306,1785284653246,1785284653244,2,0.357,0,40
3307,1785284653246,1785284653244,2,0.334,0,40
3308,1785284653246,1785284653246,0,0.438,0,40
3309,1785284653246,1785284653246,0,0.411,0,40
3310,1785284653246,1785284653246,0,0.385,0,40
3311,1785284653247,1785284653246,1,0.424,0,40
3312,1785284653247,1785284653247,0,0.460,0,40
3313,1785284653372,1785284653372,0,0.431,0,40
3314,1785284653372,1785284653372,0,0.404,0,40
3315,1785284653372,1785284653372,0,0.379,0,40
3316,1785284653372,1785284653372,0,0.355,0,40
3317,1785284653372,1785284653372,0,0.333,0,40
3318,1785284653372,1785284653372,0,0.312,0,40
3319,1785284653372,1785284653372,0,0.293,0,40
3320,1785284653372,1785284653372,0,0.274,0,40
3321,1785284653374,1785284653372,2,0.382,0,40
3322,1785284653374,1785284653374,0,0.483,0,40
3323,1785284653374,1785284653374,0,0.453,0,40
3324,1785284653374,1785284653374,0,0.425,0,40
3325,1785284653374,1785284653374,0,0.398,0,40
3326,1785284653499,1785284653499,0,0.373,0,40
3327,1785284653500,1785284653499,1,0.413,0,40
3328,1785284653500,1785284653499,1,0.387,0,40
3329,1785284653500,1785284653499,1,0.363,0,40
3330,1785284653500,1785284653500,0,0.402,0,40
3331,1785284653500,1785284653500,0,0.377,0,40
3332,1785284653500,1785284653500,0,0.354,0,40
3333,1785284653500,1785284653500,0,0.332,0,40
3334,1785284653500,1785284653500,0,0.311,0,40
3335,1785284653500,1785284653500,0,0.291,0,40
3336,1785284653501,1785284653500,1,0.336,0,40
3337,1785284653501,1785284653500,1,0.315,0,40
3338,1785284653626,1785284653626,0,0.358,0,40
3339,1785284653627,1785284653626,1,0.398,0,40
3340,1785284653627,1785284653626,1,0.373,0,40
3341,1785284653627,1785284653626,1,0.350,0,40
3342,1785284653627,1785284653627,0,0.390,0,40
3343,1785284653627,1785284653627,0,0.366,0,40
3344,1785284653627,1785284653627,0,0.343,0,40
3345,1785284653627,1785284653627,0,0.322,0,40
3346,1785284653628,1785284653627,1,0.364,0,40
3347,1785284653628,1785284653628,0,0.404,0,40
3348,1785284653628,1785284653628,0,0.378,0,40
3349,1785284653628,1785284653628,0,0.355,0,40
3350,1785284653628,1785284653628,0,0.333,0,40
3351,1785284653754,1785284653754,0,0.312,0,40
3352,1785284653755,1785284653754,1,0.355,0,40
3353,1785284653755,1785284653755,0,0.395,0,40
3354,1785284653755,1785284653755,0,0.370,0,40
3355,1785284653755,1785284653755,0,0.347,0,40
3356,1785284653755,1785284653755,0,0.326,0,40
3357,1785284653755,1785284653755,0,0.305,0,40
3358,1785284653755,1785284653755,0,0.286,0,40
3359,1785284653755,1785284653755,0,0.268,0,40
3360,1785284653755,1785284653755,0,0.252,0,40
3361,1785284653755,1785284653755,0,0.236,0,40
3362,1785284653756,1785284653756,0,0.221,0,40
3363,1785284653882,1785284653882,0,0.207,0,40
3364,1785284653882,1785284653882,0,0.194,0,40
3365,1785284653882,1785284653882,0,0.182,0,40
3366,1785284653882,1785284653882,0,0.171,0,40
3367,1785284653882,1785284653882,0,0.160,0,40
3368,1785284653882,1785284653882,0,0.150,0,40
3369,1785284653882,1785284653882,0,0.141,0,40
3370,1785284653882,1785284653882,0,0.132,0,40
3371,1785284653882,1785284653882,0,0.124,0,40
3372,1785284653882,1785284653882,0,0.116,0,40
3373,1785284653882,1785284653882,0,0.109,0,40
3374,1785284653882,1785284653882,0,0.102,0,40
3375,1785284653883,1785284653882,1,0.158,0,40
3376,1785284654009,1785284654009,0,0.211,0,40
3377,1785284654009,1785284654009,0,0.197,0,40
3378,1785284654009,1785284654009,0,0.185,0,40
3379,1785284654009,1785284654009,0,0.174,0,40
3380,1785284654009,1785284654009,0,0.163,0,40
3381,1785284654009,1785284654009,0,0.153,0,40
3382,1785284654010,1785284654009,1,0.206,0,40
3383,1785284654010,1785284654010,0,0.255,0,40
3384,1785284654010,1785284654010,0,0.239,0,40
3385,1785284654010,1785284654010,0,0.224,0,40
3386,1785284654010,1785284654010,0,0.210,0,40
3387,1785284654010,1785284654010,0,0.197,0,40
3388,1785284654136,1785284654136,0,0.185,0,40
3389,1785284654136,1785284654136,0,0.173,0,40
3390,1785284654136,1785284654136,0,0.162,0,40
3391,1785284654136,1785284654136,0,0.152,0,40
3392,1785284654136,1785284654136,0,0.143,0,40
3393,1785284654136,1785284654136,0,0.134,0,40
3394,1785284654136,1785284654136,0,0.125,0,40
3395,1785284654136,1785284654136,0,0.118,0,40
3396,1785284654136,1785284654136,0,0.110,0,40
3397,1785284654136,1785284654136,0,0.103,0,40
3398,1785284654137,1785284654136,1,0.159,0,40
3399,1785284654137,1785284654137,0,0.212,0,40
3400,1785284654137,1785284654137,0,0.199,0,40
3401,1785284654262,1785284654262,0,0.186,0,40
3402,1785284654262,1785284654262,0,0.175,0,40
3403,1785284654262,1785284654262,0,0.164,0,40
3404,1785284654262,1785284654262,0,0.153,0,40
3405,1785284654262,1785284654262,0,0.144,0,40
3406,1785284654262,1785284654262,0,0.135,0,40
3407,1785284654263,1785284654262,1,0.189,0,40
3408,1785284654263,1785284654262,1,0.177,0,40
3409,1785284654263,1785284654263,0,0.229,0,40
3410,1785284654263,1785284654263,0,0.214,0,40
3411,1785284654263,1785284654263,0,0.201,0,40
3412,1785284654263,1785284654263,0,0.188,0,40
3413,1785284654390,1785284654389,1,0.239,0,40
3414,1785284654390,1785284654390,0,0.287,0,40
3415,1785284654390,1785284654390,0,0.269,0,40
3416,1785284654390,1785284654390,0,0.252,0,40
3417,1785284654390,1785284654390,0,0.236,0,40
3418,1785284654390,1785284654390,0,0.221,0,40
3419,1785284654390,1785284654390,0,0.208,0,40
3420,1785284654390,1785284654390,0,0.195,0,40
3421,1785284654390,1785284654390,0,0.182,0,40
3422,1785284654390,1785284654390,0,0.171,0,40
3423,1785284654390,1785284654390,0,0.160,0,40
3424,1785284654390,1785284654390,0,0.150,0,40
3425,1785284654390,1785284654390,0,0.141,0,40
3426,1785284654516,1785284654516,0,0.132,0,40
3427,1785284654517,1785284654516,1,0.186,0,40
3428,1785284654517,1785284654516,1,0.175,0,40
3429,1785284654517,1785284654517,0,0.226,0,40
3430,1785284654517,1785284654517,0,0.212,0,40
3431,1785284654517,1785284654517,0,0.199,0,40
3432,1785284654517,1785284654517,0,0.186,0,40
3433,1785284654517,1785284654517,0,0.175,0,40
3434,1785284654517,1785284654517,0,0.164,0,40
3435,1785284654518,1785284654517,1,0.216,0,40
3436,1785284654518,1785284654518,0,0.265,0,40
3437,1785284654518,1785284654518,0,0.249,0,40
3438,1785284654644,1785284654644,0,0.233,0,40
3439,1785284654644,1785284654644,0,0.218,0,40
3440,1785284654645,1785284654644,1,0.267,0,40
3441,1785284654645,1785284654645,0,0.313,0,40
3442,1785284654645,1785284654645,0,0.294,0,40
3443,1785284654645,1785284654645,0,0.275,0,40
3444,1785284654645,1785284654645,0,0.258,0,40
3445,1785284654645,1785284654645,0,0.242,0,40
3446,1785284654646,1785284654645,1,0.289,0,40
3447,1785284654646,1785284654646,0,0.334,0,40
3448,1785284654646,1785284654646,0,0.313,0,40
3449,1785284654646,1785284654646,0,0.293,0,40
3450,1785284654646,1785284654646,0,0.275,0,40
3451,1785284654772,1785284654772,0,0.258,0,40
3452,1785284654772,1785284654772,0,0.242,0,40
3453,1785284654772,1785284654772,0,0.227,0,40
3454,1785284654772,1785284654772,0,0.212,0,40
3455,1785284654772,1785284654772,0,0.199,0,40
3456,1785284654772,1785284654772,0,0.187,0,40
3457,1785284654772,1785284654772,0,0.175,0,40
3458,1785284654772,1785284654772,0,0.164,0,40
3459,1785284654772,1785284654772,0,0.154,0,40
3460,1785284654772,1785284654772,0,0.144,0,40
3461,1785284654772,1785284654772,0,0.135,0,40
3462,1785284654772,1785284654772,0,0.127,0,40
3463,1785284654898,1785284654898,0,0.119,0,40
3464,1785284654898,1785284654898,0,0.111,0,40
3465,1785284654898,1785284654898,0,0.104,0,40
3466,1785284654898,1785284654898,0,0.098,0,40
3467,1785284654898,1785284654898,0,0.092,0,40
3468,1785284654898,1785284654898,0,0.086,0,40
3469,1785284654898,1785284654898,0,0.081,0,40
3470,1785284654898,1785284654898,0,0.076,0,40
3471,1785284654898,1785284654898,0,0.071,0,40
3472,1785284654898,1785284654898,0,0.066,0,40
3473,1785284654898,1785284654898,0,0.062,0,40
3474,1785284654898,1785284654898,0,0.058,0,40
3475,1785284654898,1785284654898,0,0.055,0,40
3476,1785284654898,1785284654898,0,0.051,0,40
3477,1785284654898,1785284654898,0,0.048,0,40
3478,1785284654899,1785284654898,1,0.108,0,40
3479,1785284655025,1785284655025,0,0.163,0,40
3480,1785284655025,1785284655025,0,0.153,0,40
3481,1785284655025,1785284655025,0,0.144,0,40
3482,1785284655026,1785284655025,1,0.197,0,40
3483,1785284655026,1785284655025,1,0.185,0,40
3484,1785284655026,1785284655025,1,0.173,0,40
3485,1785284655026,1785284655025,1,0.162,0,40
3486,1785284655026,1785284655026,0,0.215,0,40
3487,1785284655026,1785284655026,0,0.201,0,40
3488,1785284655105,1785284655105,0,0.189,0,0
3489,1785284655153,1785284655152,1,0.239,0,40
3490,1785284655153,1785284655152,1,0.225,0,40
3491,1785284655153,1785284655152,1,0.210,0,40
3492,1785284655153,1785284655153,0,0.260,0,40
3493,1785284655153,1785284655153,0,0.244,0,40
3494,1785284655153,1785284655153,0,0.228,0,40
3495,1785284655153,1785284655153,0,0.214,0,40
3496,1785284655153,1785284655153,0,0.201,0,40
3497,1785284655154,1785284655153,1,0.251,0,40
3498,1785284655154,1785284655154,0,0.297,0,40
3499,1785284655154,1785284655154,0,0.279,0,40
3500,1785284655154,1785284655154,0,0.261,0,40
3501,1785284655155,1785284655154,1,0.308,0,40
3502,1785284655155,1785284655155,0,0.351,0,40
3503,1785284655155,1785284655155,0,0.329,0,40
3504,1785284655155,1785284655155,0,0.308,0,40
3505,1785284655281,1785284655281,0,0.289,0,40
3506,1785284655282,1785284655281,1,0.334,0,40
3507,1785284655282,1785284655282,0,0.375,0,40
3508,1785284655282,1785284655282,0,0.352,0,40
3509,1785284655282,1785284655282,0,0.330,0,40
3510,1785284655282,1785284655282,0,0.309,0,40
3511,1785284655282,1785284655282,0,0.290,0,40
3512,1785284655282,1785284655282,0,0.272,0,40
3513,1785284655283,1785284655282,1,0.317,0,40
3514,1785284655283,1785284655283,0,0.360,0,40
3515,1785284655283,1785284655283,0,0.337,0,40
3516,1785284655283,1785284655283,0,0.316,0,40
3517,1785284655409,1785284655409,0,0.297,0,40
3518,1785284655409,1785284655409,0,0.278,0,40
3519,1785284655409,1785284655409,0,0.261,0,40
3520,1785284655409,1785284655409,0,0.244,0,40
3521,1785284655410,1785284655409,1,0.292,0,40
3522,1785284655410,1785284655410,0,0.336,0,40
3523,1785284655410,1785284655410,0,0.315,0,40
3524,1785284655410,1785284655410,0,0.295,0,40
3525,1785284655410,1785284655410,0,0.277,0,40
3526,1785284655410,1785284655410,0,0.259,0,40
3527,1785284655410,1785284655410,0,0.243,0,40
3528,1785284655410,1785284655410,0,0.228,0,40
3529,1785284655410,1785284655410,0,0.214,0,40
3530,1785284655537,1785284655536,1,0.263,0,40
3531,1785284655537,1785284655536,1,0.246,0,40
3532,1785284655537,1785284655536,1,0.231,0,40
3533,1785284655537,1785284655537,0,0.279,0,40
3534,1785284655537,1785284655537,0,0.262,0,40
3535,1785284655537,1785284655537,0,0.245,0,40
3536,1785284655537,1785284655537,0,0.230,0,40
3537,1785284655537,1785284655537,0,0.216,0,40
3538,1785284655539,1785284655537,2,0.327,0,40
3539,1785284655539,1785284655537,2,0.307,0,40
3540,1785284655539,1785284655539,0,0.413,0,40
3541,1785284655539,1785284655539,0,0.387,0,40
3542,1785284655664,1785284655664,0,0.363,0,40
3543,1785284655664,1785284655664,0,0.340,0,40
3544,1785284655664,1785284655664,0,0.319,0,40
3545,1785284655665,1785284655664,1,0.361,0,40
3546,1785284655665,1785284655665,0,0.401,0,40
3547,1785284655666,1785284655665,1,0.439,0,40
3548,1785284655666,1785284655666,0,0.474,0,40
3549,1785284655666,1785284655666,0,0.444,0,40
3550,1785284655666,1785284655666,0,0.416,0,40
3551,1785284655667,1785284655666,1,0.453,0,40
3552,1785284655667,1785284655667,0,0.487,0,40
3553,1785284655667,1785284655667,0,0.457,0,40
3554,1785284655667,1785284655667,0,0.428,0,40
3555,1785284655793,1785284655793,0,0.401,0,40
3556,1785284655794,1785284655793,1,0.439,0,40
3557,1785284655794,1785284655793,1,0.411,0,40
3558,1785284655794,1785284655794,0,0.448,0,40
3559,1785284655794,1785284655794,0,0.420,0,40
3560,1785284655794,1785284655794,0,0.394,0,40
3561,1785284655794,1785284655794,0,0.369,0,40
3562,1785284655795,1785284655794,1,0.409,0,40
3563,1785284655795,1785284655795,0,0.446,0,40
3564,1785284655795,1785284655795,0,0.418,0,40
3565,1785284655796,1785284655796,0,0.392,0,40
3566,1785284655796,1785284655796,0,0.367,0,40
3567,1785284655922,1785284655922,0,0.344,0,40
3568,1785284655922,1785284655922,0,0.323,0,40
3569,1785284655922,1785284655922,0,0.303,0,40
3570,1785284655922,1785284655922,0,0.284,0,40
3571,1785284655922,1785284655922,0,0.266,0,40
3572,1785284655922,1785284655922,0,0.249,0,40
3573,1785284655922,1785284655922,0,0.234,0,40
3574,1785284655922,1785284655922,0,0.219,0,40
3575,1785284655922,1785284655922,0,0.205,0,40
3576,1785284655922,1785284655922,0,0.193,0,40
3577,1785284655923,1785284655922,1,0.243,0,40
3578,1785284655923,1785284655923,0,0.290,0,40
3579,1785284655923,1785284655923,0,0.272,0,40
3580,1785284656050,1785284656049,1,0.318,0,40
3581,1785284656050,1785284656049,1,0.298,0,40
3582,1785284656050,1785284656049,1,0.279,0,40
3583,1785284656050,1785284656050,0,0.324,0,40
3584,1785284656050,1785284656050,0,0.304,0,40
3585,1785284656050,1785284656050,0,0.285,0,40
3586,1785284656050,1785284656050,0,0.267,0,40
3587,1785284656050,1785284656050,0,0.250,0,40
3588,1785284656051,1785284656050,1,0.297,0,40
3589,1785284656051,1785284656051,0,0.341,0,40
3590,1785284656051,1785284656051,0,0.320,0,40
3591,1785284656051,1785284656051,0,0.300,0,40
3592,1785284656177,1785284656177,0,0.281,0,40
3593,1785284656177,1785284656177,0,0.264,0,40
3594,1785284656178,1785284656177,1,0.310,0,40
3595,1785284656178,1785284656178,0,0.353,0,40
3596,1785284656178,1785284656178,0,0.331,0,40
3597,1785284656178,1785284656178,0,0.310,0,40
3598,1785284656178,1785284656178,0,0.291,0,40
3599,1785284656178,1785284656178,0,0.273,0,40
3600,1785284656178,1785284656178,0,0.255,0,40
3601,1785284656179,1785284656178,1,0.302,0,40
3602,1785284656179,1785284656179,0,0.346,0,40
3603,1785284656179,1785284656179,0,0.324,0,40
3604,1785284656180,1785284656179,1,0.366,0,40
3605,1785284656180,1785284656180,0,0.406,0,40
3606,1785284656180,1785284656180,0,0.381,0,40
3607,1785284656180,1785284656180,0,0.357,0,40
3608,1785284656306,1785284656306,0,0.334,0,40
3609,1785284656308,1785284656307,1,0.376,0,40
3610,1785284656308,1785284656308,0,0.415,0,40
3611,1785284656308,1785284656308,0,0.389,0,40
3612,1785284656308,1785284656308,0,0.365,0,40
3613,1785284656309,1785284656309,0,0.342,0,40
3614,1785284656309,1785284656309,0,0.321,0,40
3615,1785284656309,1785284656309,0,0.301,0,40
3616,1785284656309,1785284656309,0,0.282,0,40
3617,1785284656309,1785284656309,0,0.264,0,40
3618,1785284656309,1785284656309,0,0.248,0,40
3619,1785284656310,1785284656309,1,0.295,0,40
3620,1785284656436,1785284656436,0,0.339,0,40
3621,1785284656436,1785284656436,0,0.318,0,40
3622,1785284656436,1785284656436,0,0.298,0,40
3623,1785284656436,1785284656436,0,0.279,0,40
3624,1785284656436,1785284656436,0,0.262,0,40
3625,1785284656437,1785284656437,0,0.245,0,40
3626,1785284656437,1785284656437,0,0.230,0,40
3627,1785284656437,1785284656437,0,0.216,0,40
3628,1785284656437,1785284656437,0,0.202,0,40
3629,1785284656437,1785284656437,0,0.190,0,40
3630,1785284656437,1785284656437,0,0.178,0,40
3631,1785284656438,1785284656437,1,0.229,0,40
3632,1785284656438,1785284656437,1,0.215,0,40
3633,1785284656563,1785284656563,0,0.264,0,40
3634,1785284656563,1785284656563,0,0.247,0,40
3635,1785284656563,1785284656563,0,0.232,0,40
3636,1785284656564,1785284656563,1,0.280,0,40
3637,1785284656564,1785284656564,0,0.325,0,40
3638,1785284656564,1785284656564,0,0.305,0,40
3639,1785284656564,1785284656564,0,0.286,0,40
3640,1785284656564,1785284656564,0,0.268,0,40
3641,1785284656564,1785284656564,0,0.251,0,40
3642,1785284656565,1785284656564,1,0.298,0,40
3643,1785284656565,1785284656565,0,0.342,0,40
3644,1785284656565,1785284656565,0,0.320,0,40
3645,1785284656692,1785284656691,1,0.363,0,40
3646,1785284656692,1785284656691,1,0.340,0,40
3647,1785284656692,1785284656692,0,0.381,0,40
3648,1785284656692,1785284656692,0,0.358,0,40
3649,1785284656692,1785284656692,0,0.335,0,40
3650,1785284656693,1785284656692,1,0.377,0,40
3651,1785284656693,1785284656693,0,0.416,0,40
3652,1785284656693,1785284656693,0,0.390,0,40
3653,1785284656693,1785284656693,0,0.365,0,40
3654,1785284656693,1785284656693,0,0.343,0,40
3655,1785284656693,1785284656693,0,0.321,0,40
3656,1785284656693,1785284656693,0,0.301,0,40
3657,1785284656693,1785284656693,0,0.282,0,40
3658,1785284656819,1785284656819,0,0.265,0,40
3659,1785284656819,1785284656819,0,0.248,0,40
3660,1785284656819,1785284656819,0,0.233,0,40
3661,1785284656819,1785284656819,0,0.218,0,40
3662,1785284656819,1785284656819,0,0.204,0,40
3663,1785284656820,1785284656819,1,0.254,0,40
3664,1785284656820,1785284656819,1,0.238,0,40
3665,1785284656820,1785284656820,0,0.286,0,40
3666,1785284656820,1785284656820,0,0.268,0,40
3667,1785284656820,1785284656820,0,0.251,0,40
3668,1785284656821,1785284656820,1,0.298,0,40
3669,1785284656821,1785284656821,0,0.342,0,40
3670,1785284656947,1785284656946,1,0.383,0,40
3671,1785284656947,1785284656947,0,0.422,0,40
3672,1785284656947,1785284656947,0,0.395,0,40
3673,1785284656947,1785284656947,0,0.371,0,40
3674,1785284656947,1785284656947,0,0.347,0,40
3675,1785284656947,1785284656947,0,0.326,0,40
3676,1785284656948,1785284656947,1,0.368,0,40
3677,1785284656948,1785284656947,1,0.345,0,40
3678,1785284656948,1785284656948,0,0.386,0,40
3679,1785284656948,1785284656948,0,0.362,0,40
3680,1785284656948,1785284656948,0,0.339,0,40
3681,1785284656948,1785284656948,0,0.318,0,40
3682,1785284656948,1785284656948,0,0.298,0,40
3683,1785284657073,1785284657073,0,0.279,0,40
3684,1785284657073,1785284657073,0,0.262,0,40
3685,1785284657073,1785284657073,0,0.246,0,40
3686,1785284657073,1785284657073,0,0.230,0,40
3687,1785284657073,1785284657073,0,0.216,0,40
3688,1785284657073,1785284657073,0,0.202,0,40
3689,1785284657073,1785284657073,0,0.190,0,40
3690,1785284657073,1785284657073,0,0.178,0,40
3691,1785284657075,1785284657073,2,0.292,0,40
3692,1785284657075,1785284657073,2,0.273,0,40
3693,1785284657075,1785284657075,0,0.381,0,40
3694,1785284657075,1785284657075,0,0.358,0,40
3695,1785284657200,1785284657200,0,0.335,0,40
3696,1785284657200,1785284657200,0,0.314,0,40
3697,1785284657200,1785284657200,0,0.295,0,40
3698,1785284657201,1785284657200,1,0.339,0,40
3699,1785284657201,1785284657200,1,0.318,0,40
3700,1785284657201,1785284657201,0,0.360,0,40
3701,1785284657201,1785284657201,0,0.338,0,40
3702,1785284657201,1785284657201,0,0.317,0,40
3703,1785284657201,1785284657201,0,0.297,0,40
3704,1785284657201,1785284657201,0,0.278,0,40
3705,1785284657201,1785284657201,0,0.261,0,40
3706,1785284657201,1785284657201,0,0.245,0,40
3707,1785284657201,1785284657201,0,0.229,0,40
3708,1785284657327,1785284657327,0,0.215,0,40
3709,1785284657327,1785284657327,0,0.201,0,40
3710,1785284657327,1785284657327,0,0.189,0,40
3711,1785284657327,1785284657327,0,0.177,0,40
3712,1785284657327,1785284657327,0,0.166,0,40
3713,1785284657327,1785284657327,0,0.156,0,40
3714,1785284657327,1785284657327,0,0.146,0,40
3715,1785284657327,1785284657327,0,0.137,0,40
3716,1785284657327,1785284657327,0,0.128,0,40
3717,1785284657327,1785284657327,0,0.120,0,40
3718,1785284657327,1785284657327,0,0.113,0,40
3719,1785284657327,1785284657327,0,0.106,0,40
3720,1785284657453,1785284657452,1,0.162,0,40
3721,1785284657453,1785284657452,1,0.151,0,40
3722,1785284657453,1785284657453,0,0.205,0,40
3723,1785284657453,1785284657453,0,0.192,0,40
3724,1785284657453,1785284657453,0,0.180,0,40
3725,1785284657453,1785284657453,0,0.169,0,40
3726,1785284657454,1785284657453,1,0.220,0,40
3727,1785284657454,1785284657453,1,0.207,0,40
3728,1785284657454,1785284657454,0,0.256,0,40
3729,1785284657454,1785284657454,0,0.240,0,40
3730,1785284657454,1785284657454,0,0.225,0,40
3731,1785284657456,1785284657454,2,0.336,0,40
3732,1785284657456,1785284657454,2,0.315,0,40
3733,1785284657456,1785284657456,0,0.420,0,40
3734,1785284657456,1785284657456,0,0.394,0,40
3735,1785284657456,1785284657456,0,0.370,0,40
3736,1785284657581,1785284657581,0,0.346,0,40
3737,1785284657581,1785284657581,0,0.325,0,40
3738,1785284657581,1785284657581,0,0.304,0,40
3739,1785284657581,1785284657581,0,0.285,0,40
3740,1785284657581,1785284657581,0,0.268,0,40
3741,1785284657581,1785284657581,0,0.251,0,40
3742,1785284657582,1785284657581,1,0.298,0,40
3743,1785284657582,1785284657581,1,0.279,0,40
3744,1785284657582,1785284657582,0,0.324,0,40
3745,1785284657708,1785284657708,0,0.304,0,40
3746,1785284657708,1785284657708,0,0.285,0,40
3747,1785284657708,1785284657708,0,0.267,0,40
3748,1785284657708,1785284657708,0,0.250,0,40
3749,1785284657708,1785284657708,0,0.235,0,40
3750,1785284657708,1785284657708,0,0.220,0,40
3751,1785284657708,1785284657708,0,0.206,0,40
3752,1785284657708,1785284657708,0,0.193,0,40
3753,1785284657708,1785284657708,0,0.181,0,40
3754,1785284657709,1785284657709,0,0.170,0,40
3755,1785284657709,1785284657709,0,0.159,0,40
3756,1785284657709,1785284657709,0,0.149,0,40
3757,1785284657709,1785284657709,0,0.140,0,40
3758,1785284657709,1785284657709,0,0.131,0,40
3759,1785284657710,1785284657709,1,0.186,0,40
3760,1785284657710,1785284657710,0,0.237,0,40
3761,1785284657836,1785284657836,0,0.222,0,40
3762,1785284657837,1785284657836,1,0.270,0,40
3763,1785284657837,1785284657837,0,0.316,0,40
3764,1785284657837,1785284657837,0,0.296,0,40
3765,1785284657838,1785284657837,1,0.340,0,40
3766,1785284657838,1785284657837,1,0.319,0,40
3767,1785284657838,1785284657838,0,0.362,0,40
3768,1785284657838,1785284657838,0,0.339,0,40
3769,1785284657838,1785284657838,0,0.318,0,40
3770,1785284657838,1785284657838,0,0.298,0,40
3771,1785284657838,1785284657838,0,0.279,0,40
3772,1785284657838,1785284657838,0,0.262,0,40
3773,1785284657964,1785284657964,0,0.245,0,40
3774,1785284657965,1785284657964,1,0.293,0,40
3775,1785284657965,1785284657964,1,0.274,0,40
3776,1785284657965,1785284657964,1,0.257,0,40
3777,1785284657965,1785284657964,1,0.241,0,40
3778,1785284657965,1785284657965,0,0.289,0,40
3779,1785284657965,1785284657965,0,0.270,0,40
3780,1785284657965,1785284657965,0,0.254,0,40
3781,1785284657965,1785284657965,0,0.238,0,40
3782,1785284657966,1785284657965,1,0.285,0,40
3783,1785284657966,1785284657966,0,0.330,0,40
3784,1785284657966,1785284657966,0,0.309,0,40
3785,1785284657966,1785284657966,0,0.290,0,40
3786,1785284658093,1785284658092,1,0.334,0,40
3787,1785284658093,1785284658092,1,0.314,0,40
3788,1785284658093,1785284658093,0,0.356,0,40
3789,1785284658093,1785284658093,0,0.334,0,40
3790,1785284658093,1785284658093,0,0.313,0,40
3791,1785284658093,1785284658093,0,0.294,0,40
3792,1785284658093,1785284658093,0,0.275,0,40
3793,1785284658093,1785284658093,0,0.258,0,40
3794,1785284658093,1785284658093,0,0.242,0,40
3795,1785284658094,1785284658093,1,0.289,0,40
3796,1785284658094,1785284658094,0,0.334,0,40
3797,1785284658094,1785284658094,0,0.313,0,40
3798,1785284658219,1785284658219,0,0.293,0,40
3799,1785284658219,1785284658219,0,0.275,0,40
3800,1785284658219,1785284658219,0,0.258,0,40
3801,1785284658219,1785284658219,0,0.242,0,40
3802,1785284658219,1785284658219,0,0.227,0,40
3803,1785284658219,1785284658219,0,0.212,0,40
3804,1785284658219,1785284658219,0,0.199,0,40
3805,1785284658219,1785284658219,0,0.187,0,40
3806,1785284658219,1785284658219,0,0.175,0,40
3807,1785284658219,1785284658219,0,0.164,0,40
3808,1785284658220,1785284658220,0,0.154,0,40
3809,1785284658220,1785284658220,0,0.144,0,40
3810,1785284658220,1785284658220,0,0.135,0,40
3811,1785284658346,1785284658346,0,0.127,0,40
3812,1785284658347,1785284658346,1,0.181,0,40
3813,1785284658347,1785284658346,1,0.170,0,40
3814,1785284658347,1785284658346,1,0.159,0,40
3815,1785284658347,1785284658347,0,0.212,0,40
3816,1785284658347,1785284658347,0,0.199,0,40
3817,1785284658347,1785284658347,0,0.186,0,40
3818,1785284658347,1785284658347,0,0.175,0,40
3819,1785284658347,1785284658347,0,0.164,0,40
3820,1785284658347,1785284658347,0,0.153,0,40
3821,1785284658347,1785284658347,0,0.144,0,40
3822,1785284658347,1785284658347,0,0.135,0,40
3823,1785284658474,1785284658473,1,0.189,0,40
3824,1785284658474,1785284658473,1,0.177,0,40
3825,1785284658474,1785284658473,1,0.166,0,40
3826,1785284658474,1785284658474,0,0.218,0,40
3827,1785284658474,1785284658474,0,0.205,0,40
3828,1785284658474,1785284658474,0,0.192,0,40
3829,1785284658474,1785284658474,0,0.180,0,40
3830,1785284658474,1785284658474,0,0.169,0,40
3831,1785284658474,1785284658474,0,0.158,0,40
3832,1785284658474,1785284658474,0,0.148,0,40
3833,1785284658474,1785284658474,0,0.139,0,40
3834,1785284658475,1785284658474,1,0.193,0,40
3835,1785284658475,1785284658475,0,0.243,0,40
3836,1785284658601,1785284658601,0,0.228,0,40
3837,1785284658601,1785284658601,0,0.214,0,40
3838,1785284658602,1785284658601,1,0.263,0,40
3839,1785284658602,1785284658601,1,0.246,0,40
3840,1785284658602,1785284658601,1,0.231,0,40
3841,1785284658602,1785284658602,0,0.279,0,40
3842,1785284658602,1785284658602,0,0.262,0,40
3843,1785284658602,1785284658602,0,0.245,0,40
3844,1785284658602,1785284658602,0,0.230,0,40
3845,1785284658602,1785284658602,0,0.216,0,40
3846,1785284658602,1785284658602,0,0.202,0,40
3847,1785284658602,1785284658602,0,0.189,0,40
3848,1785284658727,1785284658727,0,0.178,0,40
3849,1785284658727,1785284658727,0,0.167,0,40
3850,1785284658727,1785284658727,0,0.156,0,40
3851,1785284658727,1785284658727,0,0.146,0,40
3852,1785284658727,1785284658727,0,0.137,0,40
3853,1785284658727,1785284658727,0,0.129,0,40
3854,1785284658727,1785284658727,0,0.121,0,40
3855,1785284658727,1785284658727,0,0.113,0,40
3856,1785284658727,1785284658727,0,0.106,0,40
3857,1785284658727,1785284658727,0,0.099,0,40
3858,1785284658727,1785284658727,0,0.093,0,40
3859,1785284658727,1785284658727,0,0.087,0,40
3860,1785284658728,1785284658727,1,0.144,0,40
3861,1785284658853,1785284658853,0,0.198,0,40
3862,1785284658853,1785284658853,0,0.185,0,40
3863,1785284658853,1785284658853,0,0.174,0,40
3864,1785284658853,1785284658853,0,0.163,0,40
3865,1785284658853,1785284658853,0,0.153,0,40
3866,1785284658853,1785284658853,0,0.143,0,40
3867,1785284658853,1785284658853,0,0.134,0,40
3868,1785284658853,1785284658853,0,0.126,0,40
3869,1785284658853,1785284658853,0,0.118,0,40
3870,1785284658853,1785284658853,0,0.111,0,40
3871,1785284658854,1785284658854,0,0.104,0,40
3872,1785284658854,1785284658854,0,0.097,0,40
3873,1785284658980,1785284658980,0,0.091,0,40
3874,1785284658981,1785284658980,1,0.148,0,40
3875,1785284658981,1785284658980,1,0.139,0,40
3876,1785284658981,1785284658980,1,0.130,0,40
3877,1785284658981,1785284658981,0,0.184,0,40
3878,1785284658981,1785284658981,0,0.173,0,40
3879,1785284658981,1785284658981,0,0.162,0,40
3880,1785284658981,1785284658981,0,0.152,0,40
3881,1785284658981,1785284658981,0,0.142,0,40
3882,1785284658981,1785284658981,0,0.134,0,40
3883,1785284658982,1785284658981,1,0.188,0,40
3884,1785284658982,1785284658981,1,0.176,0,40
3885,1785284658982,1785284658981,1,0.165,0,40
3886,1785284659107,1785284659107,0,0.217,0,40
3887,1785284659108,1785284659107,1,0.266,0,40
3888,1785284659108,1785284659107,1,0.249,0,40
3889,1785284659108,1785284659108,0,0.296,0,40
3890,1785284659109,1785284659108,1,0.340,0,40
3891,1785284659109,1785284659109,0,0.382,0,40
3892,1785284659109,1785284659109,0,0.358,0,40
3893,1785284659109,1785284659109,0,0.335,0,40
3894,1785284659109,1785284659109,0,0.314,0,40
3895,1785284659109,1785284659109,0,0.295,0,40
3896,1785284659110,1785284659109,1,0.339,0,40
3897,1785284659110,1785284659110,0,0.380,0,40
3898,1785284659237,1785284659236,1,0.419,0,40
3899,1785284659237,1785284659236,1,0.393,0,40
3900,1785284659237,1785284659236,1,0.368,0,40
3901,1785284659237,1785284659237,0,0.408,0,40
3902,1785284659237,1785284659237,0,0.382,0,40
3903,1785284659238,1785284659237,1,0.421,0,40
3904,1785284659238,1785284659237,1,0.395,0,40
3905,1785284659238,1785284659238,0,0.432,0,40
3906,1785284659238,1785284659238,0,0.405,0,40
3907,1785284659238,1785284659238,0,0.380,0,40
3908,1785284659238,1785284659238,0,0.356,0,40
3909,1785284659238,1785284659238,0,0.334,0,40
3910,1785284659239,1785284659238,1,0.376,0,40
3911,1785284659363,1785284659363,0,0.415,0,40
3912,1785284659363,1785284659363,0,0.389,0,40
3913,1785284659365,1785284659363,2,0.489,0,40
3914,1785284659365,1785284659363,2,0.459,0,40
3915,1785284659365,1785284659363,2,0.430,0,40
3916,1785284659365,1785284659363,2,0.403,0,40
3917,1785284659365,1785284659363,2,0.378,0,40
3918,1785284659365,1785284659365,0,0.479,0,40
3919,1785284659365,1785284659365,0,0.449,0,40
3920,1785284659365,1785284659365,0,0.421,0,40
3921,1785284659366,1785284659365,1,0.458,0,40
3922,1785284659366,1785284659365,1,0.429,0,40
3923,1785284659490,1785284659490,0,0.465,0,40
3924,1785284659491,1785284659490,1,0.498,0,40
3925,1785284659491,1785284659490,1,0.467,0,40
3926,1785284659491,1785284659490,1,0.438,0,40
3927,1785284659491,1785284659490,1,0.410,0,40
3928,1785284659491,1785284659491,0,0.447,0,40
3929,1785284659491,1785284659491,0,0.419,0,40
3930,1785284659491,1785284659491,0,0.393,0,40
3931,1785284659491,1785284659491,0,0.369,0,40
3932,1785284659491,1785284659491,0,0.346,0,40
3933,1785284659492,1785284659491,1,0.386,0,40
3934,1785284659492,1785284659492,0,0.425,0,40
3935,1785284659492,1785284659492,0,0.398,0,40
3936,1785284659492,1785284659492,0,0.373,0,40
3937,1785284659492,1785284659492,0,0.350,0,40
3938,1785284659492,1785284659492,0,0.328,0,40
3939,1785284659617,1785284659617,0,0.308,0,40
3940,1785284659618,1785284659617,1,0.351,0,40
3941,1785284659618,1785284659617,1,0.329,0,40
3942,1785284659618,1785284659618,0,0.371,0,40
3943,1785284659619,1785284659618,1,0.410,0,40
3944,1785284659619,1785284659618,1,0.385,0,40
3945,1785284659619,1785284659619,0,0.423,0,40
3946,1785284659619,1785284659619,0,0.397,0,40
3947,1785284659620,1785284659619,1,0.434,0,40
3948,1785284659620,1785284659619,1,0.407,0,40
3949,1785284659620,1785284659620,0,0.444,0,40
3950,1785284659620,1785284659620,0,0.416,0,40
3951,1785284659621,1785284659620,1,0.453,0,40
3952,1785284659747,1785284659746,1,0.425,0,40
3953,1785284659748,1785284659747,1,0.398,0,40
3954,1785284659748,1785284659748,0,0.436,0,40
3955,1785284659748,1785284659748,0,0.408,0,40
3956,1785284659748,1785284659748,0,0.383,0,40
3957,1785284659748,1785284659748,0,0.359,0,40
3958,1785284659748,1785284659748,0,0.337,0,40
3959,1785284659748,1785284659748,0,0.316,0,40
3960,1785284659748,1785284659748,0,0.296,0,40
3961,1785284659748,1785284659748,0,0.277,0,40
3962,1785284659748,1785284659748,0,0.260,0,40
3963,1785284659748,1785284659748,0,0.244,0,40
3964,1785284659874,1785284659874,0,0.229,0,40
3965,1785284659874,1785284659874,0,0.214,0,40
3966,1785284659875,1785284659875,0,0.201,0,40
3967,1785284659875,1785284659875,0,0.188,0,40
3968,1785284659876,1785284659875,1,0.239,0,40
3969,1785284659876,1785284659876,0,0.287,0,40
3970,1785284659876,1785284659876,0,0.269,0,40
3971,1785284659876,1785284659876,0,0.252,0,40
3972,1785284659876,1785284659876,0,0.236,0,40
3973,1785284659876,1785284659876,0,0.221,0,40
3974,1785284659877,1785284659876,1,0.270,0,40
3975,1785284659877,1785284659876,1,0.253,0,40
3976,1785284659877,1785284659876,1,0.237,0,40
3977,1785284660002,1785284660001,1,0.223,0,40
3978,1785284660002,1785284660001,1,0.209,0,40
3979,1785284660002,1785284660001,1,0.196,0,40
3980,1785284660002,1785284660001,1,0.183,0,40
3981,1785284660002,1785284660002,0,0.234,0,40
3982,1785284660002,1785284660002,0,0.220,0,40
3983,1785284660002,1785284660002,0,0.206,0,40
3984,1785284660002,1785284660002,0,0.193,0,40
3985,1785284660002,1785284660002,0,0.181,0,40
3986,1785284660002,1785284660002,0,0.170,0,40
3987,1785284660002,1785284660002,0,0.159,0,40
3988,1785284660002,1785284660002,0,0.149,0,40
3989,1785284660106,1785284660106,0,0.140,0,0
3990,1785284660128,1785284660127,1,0.194,0,40
3991,1785284660128,1785284660128,0,0.244,0,40
3992,1785284660129,1785284660128,1,0.291,0,40
3993,1785284660129,1785284660129,0,0.336,0,40
3994,1785284660130,1785284660130,0,0.315,0,40
3995,1785284660130,1785284660130,0,0.295,0,40
3996,1785284660131,1785284660130,1,0.339,0,40
3997,1785284660131,1785284660131,0,0.380,0,40
3998,1785284660131,1785284660131,0,0.357,0,40
3999,1785284660131,1785284660131,0,0.334,0,40
4000,1785284660131,1785284660131,0,0.313,0,40
4001,1785284660132,1785284660131,1,0.356,0,40
4002,1785284660132,1785284660132,0,0.397,0,40
4003,1785284660257,1785284660257,0,0.372,0,40
4004,1785284660257,1785284660257,0,0.348,0,40
4005,1785284660257,1785284660257,0,0.327,0,40
4006,1785284660257,1785284660257,0,0.306,0,40
4007,1785284660258,1785284660257,1,0.350,0,40
4008,1785284660258,1785284660257,1,0.328,0,40
4009,1785284660258,1785284660258,0,0.370,0,40
4010,1785284660258,1785284660258,0,0.347,0,40
4011,1785284660258,1785284660258,0,0.325,0,40
4012,1785284660258,1785284660258,0,0.305,0,40
4013,1785284660258,1785284660258,0,0.286,0,40
4014,1785284660258,1785284660258,0,0.268,0,40
4015,1785284660384,1785284660383,1,0.314,0,40
4016,1785284660384,1785284660383,1,0.294,0,40
4017,1785284660384,1785284660383,1,0.276,0,40
4018,1785284660384,1785284660384,0,0.321,0,40
4019,1785284660384,1785284660384,0,0.301,0,40
4020,1785284660384,1785284660384,0,0.282,0,40
4021,1785284660384,1785284660384,0,0.264,0,40
4022,1785284660385,1785284660384,1,0.310,0,40
4023,1785284660386,1785284660385,1,0.291,0,40
4024,1785284660386,1785284660385,1,0.273,0,40
4025,1785284660386,1785284660386,0,0.318,0,40
4026,1785284660386,1785284660386,0,0.298,0,40
4027,1785284660386,1785284660386,0,0.280,0,40
4028,1785284660512,1785284660512,0,0.262,0,40
4029,1785284660512,1785284660512,0,0.246,0,40
4030,1785284660512,1785284660512,0,0.230,0,40
4031,1785284660512,1785284660512,0,0.216,0,40
4032,1785284660513,1785284660512,1,0.265,0,40
4033,1785284660513,1785284660512,1,0.248,0,40
4034,1785284660513,1785284660513,0,0.295,0,40
4035,1785284660513,1785284660513,0,0.277,0,40
4036,1785284660513,1785284660513,0,0.260,0,40
4037,1785284660513,1785284660513,0,0.243,0,40
4038,1785284660513,1785284660513,0,0.228,0,40
4039,1785284660513,1785284660513,0,0.214,0,40
4040,1785284660638,1785284660638,0,0.201,0,40
4041,1785284660638,1785284660638,0,0.188,0,40
4042,1785284660638,1785284660638,0,0.176,0,40
4043,1785284660638,1785284660638,0,0.165,0,40
4044,1785284660638,1785284660638,0,0.155,0,40
4045,1785284660638,1785284660638,0,0.145,0,40
4046,1785284660638,1785284660638,0,0.136,0,40
4047,1785284660638,1785284660638,0,0.128,0,40
4048,1785284660638,1785284660638,0,0.120,0,40
4049,1785284660638,1785284660638,0,0.112,0,40
4050,1785284660638,1785284660638,0,0.105,0,40
4051,1785284660638,1785284660638,0,0.099,0,40
4052,1785284660640,1785284660638,2,0.217,0,40
4053,1785284660764,1785284660764,0,0.329,0,40
4054,1785284660764,1785284660764,0,0.308,0,40
4055,1785284660764,1785284660764,0,0.289,0,40
4056,1785284660764,1785284660764,0,0.271,0,40
4057,1785284660764,1785284660764,0,0.254,0,40
4058,1785284660764,1785284660764,0,0.238,0,40
4059,1785284660764,1785284660764,0,0.223,0,40
4060,1785284660764,1785284660764,0,0.209,0,40
4061,1785284660764,1785284660764,0,0.196,0,40
4062,1785284660764,1785284660764,0,0.184,0,40
4063,1785284660764,1785284660764,0,0.172,0,40
4064,1785284660764,1785284660764,0,0.162,0,40
4065,1785284660890,1785284660889,1,0.214,0,40
4066,1785284660890,1785284660889,1,0.201,0,40
4067,1785284660890,1785284660890,0,0.251,0,40
4068,1785284660890,1785284660890,0,0.235,0,40
4069,1785284660890,1785284660890,0,0.220,0,40
4070,1785284660890,1785284660890,0,0.207,0,40
4071,1785284660890,1785284660890,0,0.194,0,40
4072,1785284660890,1785284660890,0,0.182,0,40
4073,1785284660890,1785284660890,0,0.170,0,40
4074,1785284660891,1785284660890,1,0.222,0,40
4075,1785284660891,1785284660890,1,0.208,0,40
4076,1785284660891,1785284660891,0,0.258,0,40
4077,1785284660891,1785284660891,0,0.242,0,40
4078,1785284661017,1785284661016,1,0.289,0,40
4079,1785284661017,1785284661016,1,0.271,0,40
4080,1785284661018,1785284661018,0,0.316,0,40
4081,1785284661018,1785284661018,0,0.297,0,40
4082,1785284661019,1785284661019,0,0.278,0,40
4083,1785284661019,1785284661019,0,0.261,0,40
4084,1785284661019,1785284661019,0,0.244,0,40
4085,1785284661019,1785284661019,0,0.229,0,40
4086,1785284661019,1785284661019,0,0.215,0,40
4087,1785284661020,1785284661019,1,0.264,0,40
4088,1785284661020,1785284661020,0,0.310,0,40
4089,1785284661020,1785284661020,0,0.291,0,40
4090,1785284661146,1785284661146,0,0.272,0,40
4091,1785284661146,1785284661146,0,0.255,0,40
4092,1785284661146,1785284661146,0,0.239,0,40
4093,1785284661147,1785284661146,1,0.287,0,40
4094,1785284661147,1785284661146,1,0.269,0,40
4095,1785284661147,1785284661147,0,0.315,0,40
4096,1785284661147,1785284661147,0,0.295,0,40
4097,1785284661147,1785284661147,0,0.277,0,40
4098,1785284661147,1785284661147,0,0.259,0,40
4099,1785284661147,1785284661147,0,0.243,0,40
4100,1785284661147,1785284661147,0,0.228,0,40
4101,1785284661147,1785284661147,0,0.214,0,40
4102,1785284661147,1785284661147,0,0.200,0,40
4103,1785284661272,1785284661272,0,0.188,0,40
4104,1785284661272,1785284661272,0,0.176,0,40
4105,1785284661272,1785284661272,0,0.165,0,40
4106,1785284661272,1785284661272,0,0.155,0,40
4107,1785284661273,1785284661272,1,0.208,0,40
4108,1785284661273,1785284661272,1,0.195,0,40
4109,1785284661273,1785284661272,1,0.182,0,40
4110,1785284661273,1785284661273,0,0.234,0,40
4111,1785284661273,1785284661273,0,0.219,0,40
4112,1785284661273,1785284661273,0,0.205,0,40
4113,1785284661273,1785284661273,0,0.192,0,40
4114,1785284661273,1785284661273,0,0.180,0,40
4115,1785284661399,1785284661398,1,0.232,0,40
4116,1785284661399,1785284661398,1,0.217,0,40
4117,1785284661399,1785284661399,0,0.266,0,40
4118,1785284661399,1785284661399,0,0.249,0,40
4119,1785284661399,1785284661399,0,0.234,0,40
4120,1785284661400,1785284661399,1,0.282,0,40
4121,1785284661400,1785284661400,0,0.327,0,40
4122,1785284661400,1785284661400,0,0.306,0,40
4123,1785284661400,1785284661400,0,0.287,0,40
4124,1785284661400,1785284661400,0,0.269,0,40
4125,1785284661400,1785284661400,0,0.252,0,40
4126,1785284661401,1785284661400,1,0.299,0,40
4127,1785284661401,1785284661400,1,0.280,0,40
4128,1785284661526,1785284661526,0,0.325,0,40
4129,1785284661527,1785284661526,1,0.367,0,40
4130,1785284661527,1785284661526,1,0.345,0,40
4131,1785284661527,1785284661527,0,0.385,0,40
4132,1785284661528,1785284661527,1,0.424,0,40
4133,1785284661528,1785284661527,1,0.397,0,40
4134,1785284661528,1785284661528,0,0.435,0,40
4135,1785284661528,1785284661528,0,0.408,0,40
4136,1785284661528,1785284661528,0,0.382,0,40
4137,1785284661529,1785284661528,1,0.421,0,40
4138,1785284661529,1785284661528,1,0.395,0,40
4139,1785284661529,1785284661529,0,0.433,0,40
4140,1785284661654,1785284661654,0,0.405,0,40
4141,1785284661656,1785284661654,2,0.505,0,40
4142,1785284661656,1785284661656,0,0.599,0,40
4143,1785284661657,1785284661656,1,0.624,0,40
4144,1785284661657,1785284661656,1,0.585,0,40
4145,1785284661657,1785284661657,0,0.611,0,40
4146,1785284661657,1785284661657,0,0.572,0,40
4147,1785284661658,1785284661657,1,0.599,0,40
4148,1785284661658,1785284661658,0,0.624,0,40
4149,1785284661658,1785284661658,0,0.585,0,40
4150,1785284661659,1785284661658,1,0.611,0,40
4151,1785284661659,1785284661659,0,0.635,0,40
4152,1785284661659,1785284661659,0,0.596,0,40
4153,1785284661659,1785284661659,0,0.559,0,40
4154,1785284661659,1785284661659,0,0.524,0,40
4155,1785284661660,1785284661659,1,0.553,0,40
4156,1785284661786,1785284661785,1,0.519,0,40
4157,1785284661786,1785284661786,0,0.549,0,40
4158,1785284661786,1785284661786,0,0.515,0,40
4159,1785284661787,1785284661786,1,0.545,0,40
4160,1785284661787,1785284661787,0,0.573,0,40
4161,1785284661788,1785284661788,0,0.538,0,40
4162,1785284661788,1785284661788,0,0.504,0,40
4163,1785284661788,1785284661788,0,0.472,0,40
4164,1785284661789,1785284661788,1,0.505,0,40
4165,1785284661789,1785284661789,0,0.536,0,40
4166,1785284661789,1785284661789,0,0.503,0,40
4167,1785284661789,1785284661789,0,0.471,0,40
4168,1785284661915,1785284661915,0,0.442,0,40
4169,1785284661916,1785284661915,1,0.477,0,40
4170,1785284661916,1785284661916,0,0.509,0,40
4171,1785284661916,1785284661916,0,0.478,0,40
4172,1785284661916,1785284661916,0,0.448,0,40
4173,1785284661916,1785284661916,0,0.420,0,40
4174,1785284661916,1785284661916,0,0.394,0,40
4175,1785284661916,1785284661916,0,0.369,0,40
4176,1785284661916,1785284661916,0,0.346,0,40
4177,1785284661917,1785284661916,1,0.387,0,40
4178,1785284661917,1785284661917,0,0.425,0,40
4179,1785284661917,1785284661917,0,0.399,0,40
4180,1785284661917,1785284661917,0,0.374,0,40
4181,1785284662045,1785284662043,2,0.475,0,40
4182,1785284662045,1785284662043,2,0.446,0,40
4183,1785284662046,1785284662046,0,0.543,0,40
4184,1785284662046,1785284662046,0,0.509,0,40
4185,1785284662046,1785284662046,0,0.477,0,40
4186,1785284662046,1785284662046,0,0.447,0,40
4187,1785284662047,1785284662046,1,0.482,0,40
4188,1785284662047,1785284662047,0,0.514,0,40
4189,1785284662047,1785284662047,0,0.482,0,40
4190,1785284662047,1785284662047,0,0.452,0,40
4191,1785284662047,1785284662047,0,0.424,0,40
4192,1785284662047,1785284662047,0,0.397,0,40
4193,1785284662172,1785284662172,0,0.372,0,40
4194,1785284662172,1785284662172,0,0.349,0,40
4195,1785284662173,1785284662172,1,0.390,0,40
4196,1785284662173,1785284662172,1,0.365,0,40
4197,1785284662173,1785284662173,0,0.405,0,40
4198,1785284662173,1785284662173,0,0.380,0,40
4199,1785284662173,1785284662173,0,0.356,0,40
4200,1785284662173,1785284662173,0,0.334,0,40
4201,1785284662173,1785284662173,0,0.313,0,40
4202,1785284662173,1785284662173,0,0.293,0,40
4203,1785284662173,1785284662173,0,0.275,0,40
4204,1785284662173,1785284662173,0,0.258,0,40
4205,1785284662174,1785284662173,1,0.304,0,40
4206,1785284662299,1785284662299,0,0.348,0,40
4207,1785284662299,1785284662299,0,0.326,0,40
4208,1785284662299,1785284662299,0,0.306,0,40
4209,1785284662299,1785284662299,0,0.286,0,40
4210,1785284662299,1785284662299,0,0.269,0,40
4211,1785284662299,1785284662299,0,0.252,0,40
4212,1785284662300,1785284662299,1,0.299,0,40
4213,1785284662300,1785284662299,1,0.280,0,40
4214,1785284662300,1785284662300,0,0.325,0,40
4215,1785284662300,1785284662300,0,0.305,0,40
4216,1785284662300,1785284662300,0,0.286,0,40
4217,1785284662300,1785284662300,0,0.268,0,40
4218,1785284662426,1785284662426,0,0.251,0,40
4219,1785284662426,1785284662426,0,0.235,0,40
4220,1785284662426,1785284662426,0,0.221,0,40
4221,1785284662427,1785284662426,1,0.269,0,40
4222,1785284662427,1785284662426,1,0.252,0,40
4223,1785284662427,1785284662426,1,0.237,0,40
4224,1785284662427,1785284662426,1,0.222,0,40
4225,1785284662427,1785284662426,1,0.208,0,40
4226,1785284662427,1785284662426,1,0.195,0,40
4227,1785284662427,1785284662427,0,0.245,0,40
4228,1785284662427,1785284662427,0,0.230,0,40
4229,1785284662428,1785284662427,1,0.278,0,40
4230,1785284662428,1785284662427,1,0.261,0,40
4231,1785284662553,1785284662553,0,0.307,0,40
4232,1785284662553,1785284662553,0,0.288,0,40
4233,1785284662553,1785284662553,0,0.270,0,40
4234,1785284662553,1785284662553,0,0.253,0,40
4235,1785284662553,1785284662553,0,0.237,0,40
4236,1785284662554,1785284662553,1,0.285,0,40
4237,1785284662554,1785284662553,1,0.267,0,40
4238,1785284662554,1785284662554,0,0.313,0,40
4239,1785284662554,1785284662554,0,0.293,0,40
4240,1785284662554,1785284662554,0,0.275,0,40
4241,1785284662556,1785284662554,2,0.383,0,40
4242,1785284662556,1785284662554,2,0.359,0,40
4243,1785284662556,1785284662556,0,0.461,0,40
4244,1785284662556,1785284662556,0,0.433,0,40
4245,1785284662558,1785284662556,2,0.531,0,40
4246,1785284662682,1785284662682,0,0.622,0,40
4247,1785284662682,1785284662682,0,0.583,0,40
4248,1785284662682,1785284662682,0,0.547,0,40
4249,1785284662683,1785284662682,1,0.575,0,40
4250,1785284662683,1785284662682,1,0.539,0,40
4251,1785284662683,1785284662683,0,0.568,0,40
4252,1785284662683,1785284662683,0,0.533,0,40
4253,1785284662684,1785284662683,1,0.562,0,40
4254,1785284662684,1785284662684,0,0.589,0,40
4255,1785284662684,1785284662684,0,0.552,0,40
4256,1785284662685,1785284662685,0,0.518,0,40
4257,1785284662685,1785284662685,0,0.486,0,40
4258,1785284662685,1785284662685,0,0.455,0,40
4259,1785284662810,1785284662810,0,0.427,0,40
4260,1785284662810,1785284662810,0,0.400,0,40
4261,1785284662811,1785284662810,1,0.438,0,40
4262,1785284662811,1785284662810,1,0.410,0,40
4263,1785284662811,1785284662810,1,0.385,0,40
4264,1785284662811,1785284662811,0,0.423,0,40
4265,1785284662811,1785284662811,0,0.397,0,40
4266,1785284662812,1785284662812,0,0.372,0,40
4267,1785284662812,1785284662812,0,0.349,0,40
4268,1785284662812,1785284662812,0,0.327,0,40
4269,1785284662812,1785284662812,0,0.306,0,40
4270,1785284662812,1785284662812,0,0.287,0,40
4271,1785284662938,1785284662938,0,0.269,0,40
4272,1785284662938,1785284662938,0,0.252,0,40
4273,1785284662938,1785284662938,0,0.237,0,40
4274,1785284662938,1785284662938,0,0.222,0,40
4275,1785284662938,1785284662938,0,0.208,0,40
4276,1785284662938,1785284662938,0,0.195,0,40
4277,1785284662938,1785284662938,0,0.183,0,40
4278,1785284662938,1785284662938,0,0.171,0,40
4279,1785284662938,1785284662938,0,0.161,0,40
4280,1785284662938,1785284662938,0,0.151,0,40
4281,1785284662938,1785284662938,0,0.141,0,40
4282,1785284662938,1785284662938,0,0.132,0,40
4283,1785284662938,1785284662938,0,0.124,0,40
4284,1785284663063,1785284663063,0,0.116,0,40
4285,1785284663064,1785284663063,1,0.172,0,40
4286,1785284663064,1785284663063,1,0.161,0,40
4287,1785284663066,1785284663064,2,0.213,0,40
4288,1785284663066,1785284663066,0,0.325,0,40
4289,1785284663066,1785284663066,0,0.305,0,40
4290,1785284663067,1785284663067,0,0.286,0,40
4291,1785284663067,1785284663067,0,0.268,0,40
4292,1785284663068,1785284663067,1,0.314,0,40
4293,1785284663068,1785284663068,0,0.356,0,40
4294,1785284663068,1785284663068,0,0.334,0,40
4295,1785284663068,1785284663068,0,0.313,0,40
4296,1785284663193,1785284663193,0,0.294,0,40
4297,1785284663193,1785284663193,0,0.275,0,40
4298,1785284663195,1785284663193,2,0.383,0,40
4299,1785284663195,1785284663193,2,0.359,0,40
4300,1785284663195,1785284663193,2,0.337,0,40
4301,1785284663195,1785284663195,0,0.441,0,40
4302,1785284663195,1785284663195,0,0.413,0,40
4303,1785284663195,1785284663195,0,0.387,0,40
4304,1785284663195,1785284663195,0,0.363,0,40
4305,1785284663195,1785284663195,0,0.340,0,40
4306,1785284663196,1785284663196,0,0.319,0,40
4307,1785284663196,1785284663196,0,0.299,0,40
4308,1785284663196,1785284663196,0,0.281,0,40
4309,1785284663323,1785284663323,0,0.263,0,40
4310,1785284663323,1785284663323,0,0.247,0,40
4311,1785284663323,1785284663323,0,0.231,0,40
4312,1785284663323,1785284663323,0,0.217,0,40
4313,1785284663323,1785284663323,0,0.203,0,40
4314,1785284663323,1785284663323,0,0.190,0,40
4315,1785284663324,1785284663323,1,0.241,0,40
4316,1785284663324,1785284663324,0,0.288,0,40
4317,1785284663324,1785284663324,0,0.270,0,40
4318,1785284663324,1785284663324,0,0.254,0,40
4319,1785284663324,1785284663324,0,0.238,0,40
4320,1785284663324,1785284663324,0,0.223,0,40
4321,1785284663450,1785284663450,0,0.209,0,40
4322,1785284663450,1785284663450,0,0.196,0,40
4323,1785284663450,1785284663450,0,0.184,0,40
4324,1785284663450,1785284663450,0,0.172,0,40
4325,1785284663450,1785284663450,0,0.161,0,40
4326,1785284663451,1785284663450,1,0.214,0,40
4327,1785284663451,1785284663451,0,0.263,0,40
4328,1785284663451,1785284663451,0,0.246,0,40
4329,1785284663451,1785284663451,0,0.231,0,40
4330,1785284663451,1785284663451,0,0.217,0,40
4331,1785284663451,1785284663451,0,0.203,0,40
4332,1785284663451,1785284663451,0,0.190,0,40
4333,1785284663451,1785284663451,0,0.179,0,40
4334,1785284663576,1785284663576,0,0.167,0,40
4335,1785284663576,1785284663576,0,0.157,0,40
4336,1785284663576,1785284663576,0,0.147,0,40
4337,1785284663576,1785284663576,0,0.138,0,40
4338,1785284663577,1785284663576,1,0.192,0,40
4339,1785284663577,1785284663577,0,0.242,0,40
4340,1785284663577,1785284663577,0,0.227,0,40
4341,1785284663577,1785284663577,0,0.213,0,40
4342,1785284663577,1785284663577,0,0.200,0,40
4343,1785284663577,1785284663577,0,0.187,0,40
4344,1785284663577,1785284663577,0,0.175,0,40
4345,1785284663577,1785284663577,0,0.165,0,40
4346,1785284663704,1785284663703,1,0.217,0,40
4347,1785284663704,1785284663703,1,0.203,0,40
4348,1785284663704,1785284663704,0,0.253,0,40
4349,1785284663704,1785284663704,0,0.237,0,40
4350,1785284663705,1785284663704,1,0.285,0,40
4351,1785284663705,1785284663705,0,0.330,0,40
4352,1785284663705,1785284663705,0,0.309,0,40
4353,1785284663705,1785284663705,0,0.290,0,40
4354,1785284663706,1785284663705,1,0.334,0,40
4355,1785284663706,1785284663706,0,0.376,0,40
4356,1785284663706,1785284663706,0,0.352,0,40
4357,1785284663706,1785284663706,0,0.330,0,40
4358,1785284663707,1785284663706,1,0.372,0,40
4359,1785284663832,1785284663832,0,0.411,0,40
4360,1785284663832,1785284663832,0,0.386,0,40
4361,1785284663832,1785284663832,0,0.361,0,40
4362,1785284663832,1785284663832,0,0.339,0,40
4363,1785284663833,1785284663833,0,0.318,0,40
4364,1785284663833,1785284663833,0,0.298,0,40
4365,1785284663833,1785284663833,0,0.279,0,40
4366,1785284663833,1785284663833,0,0.262,0,40
4367,1785284663833,1785284663833,0,0.245,0,40
4368,1785284663833,1785284663833,0,0.230,0,40
4369,1785284663833,1785284663833,0,0.216,0,40
4370,1785284663833,1785284663833,0,0.202,0,40
4371,1785284663959,1785284663959,0,0.190,0,40
4372,1785284663959,1785284663959,0,0.178,0,40
4373,1785284663959,1785284663959,0,0.167,0,40
4374,1785284663959,1785284663959,0,0.156,0,40
4375,1785284663959,1785284663959,0,0.146,0,40
4376,1785284663959,1785284663959,0,0.137,0,40
4377,1785284663959,1785284663959,0,0.129,0,40
4378,1785284663959,1785284663959,0,0.121,0,40
4379,1785284663960,1785284663960,0,0.113,0,40
4380,1785284663960,1785284663960,0,0.106,0,40
4381,1785284663960,1785284663960,0,0.099,0,40
4382,1785284663960,1785284663960,0,0.093,0,40
4383,1785284663960,1785284663960,0,0.087,0,40
4384,1785284663960,1785284663960,0,0.082,0,40
4385,1785284663960,1785284663960,0,0.077,0,40
4386,1785284663960,1785284663960,0,0.072,0,40
4387,1785284664086,1785284664086,0,0.068,0,40
4388,1785284664086,1785284664086,0,0.063,0,40
4389,1785284664086,1785284664086,0,0.059,0,40
4390,1785284664087,1785284664087,0,0.056,0,40
4391,1785284664088,1785284664087,1,0.115,0,40
4392,1785284664088,1785284664088,0,0.170,0,40
4393,1785284664088,1785284664088,0,0.159,0,40
4394,1785284664088,1785284664088,0,0.149,0,40
4395,1785284664088,1785284664088,0,0.140,0,40
4396,1785284664213,1785284664213,0,0.131,0,40
4397,1785284664213,1785284664213,0,0.123,0,40
4398,1785284664213,1785284664213,0,0.115,0,40
4399,1785284664213,1785284664213,0,0.108,0,40
4400,1785284664213,1785284664213,0,0.101,0,40
4401,1785284664213,1785284664213,0,0.095,0,40
4402,1785284664213,1785284664213,0,0.089,0,40
4403,1785284664213,1785284664213,0,0.084,0,40
4404,1785284664213,1785284664213,0,0.078,0,40
4405,1785284664213,1785284664213,0,0.073,0,40
4406,1785284664213,1785284664213,0,0.069,0,40
4407,1785284664214,1785284664214,0,0.065,0,40
4408,1785284664214,1785284664214,0,0.061,0,40
4409,1785284664214,1785284664214,0,0.057,0,40
4410,1785284664214,1785284664214,0,0.053,0,40
4411,1785284664214,1785284664214,0,0.050,0,40
4412,1785284664340,1785284664340,0,0.047,0,40
4413,1785284664340,1785284664340,0,0.044,0,40
4414,1785284664340,1785284664340,0,0.041,0,40
4415,1785284664340,1785284664340,0,0.039,0,40
4416,1785284664340,1785284664340,0,0.036,0,40
4417,1785284664340,1785284664340,0,0.034,0,40
4418,1785284664340,1785284664340,0,0.032,0,40
4419,1785284664340,1785284664340,0,0.030,0,40
4420,1785284664340,1785284664340,0,0.028,0,40
4421,1785284664340,1785284664340,0,0.026,0,40
4422,1785284664340,1785284664340,0,0.025,0,40
4423,1785284664340,1785284664340,0,0.023,0,40
4424,1785284664466,1785284664466,0,0.022,0,40
4425,1785284664467,1785284664466,1,0.083,0,40
4426,1785284664467,1785284664466,1,0.078,0,40
4427,1785284664467,1785284664467,0,0.135,0,40
4428,1785284664467,1785284664467,0,0.127,0,40
4429,1785284664468,1785284664467,1,0.181,0,40
4430,1785284664468,1785284664468,0,0.232,0,40
4431,1785284664468,1785284664468,0,0.218,0,40
4432,1785284664468,1785284664468,0,0.204,0,40
4433,1785284664468,1785284664468,0,0.192,0,40
4434,1785284664469,1785284664468,1,0.242,0,40
4435,1785284664469,1785284664469,0,0.289,0,40
4436,1785284664469,1785284664469,0,0.271,0,40
4437,1785284664594,1785284664594,0,0.254,0,40
4438,1785284664594,1785284664594,0,0.239,0,40
4439,1785284664596,1785284664596,0,0.224,0,40
4440,1785284664596,1785284664596,0,0.210,0,40
4441,1785284664596,1785284664596,0,0.197,0,40
4442,1785284664596,1785284664596,0,0.184,0,40
4443,1785284664596,1785284664596,0,0.173,0,40
4444,1785284664596,1785284664596,0,0.162,0,40
4445,1785284664597,1785284664597,0,0.152,0,40
4446,1785284664597,1785284664597,0,0.142,0,40
4447,1785284664597,1785284664597,0,0.133,0,40
4448,1785284664597,1785284664597,0,0.125,0,40
4449,1785284664724,1785284664723,1,0.180,0,40
4450,1785284664726,1785284664724,2,0.231,0,40
4451,1785284664726,1785284664724,2,0.217,0,40
4452,1785284664726,1785284664726,0,0.328,0,40
4453,1785284664726,1785284664726,0,0.308,0,40
4454,1785284664726,1785284664726,0,0.288,0,40
4455,1785284664727,1785284664726,1,0.333,0,40
4456,1785284664727,1785284664727,0,0.375,0,40
4457,1785284664727,1785284664727,0,0.351,0,40
4458,1785284664727,1785284664727,0,0.329,0,40
4459,1785284664727,1785284664727,0,0.309,0,40
4460,1785284664728,1785284664728,0,0.289,0,40
4461,1785284664728,1785284664728,0,0.271,0,40
4462,1785284664853,1785284664853,0,0.254,0,40
4463,1785284664855,1785284664853,2,0.363,0,40
4464,1785284664855,1785284664853,2,0.341,0,40
4465,1785284664856,1785284664855,1,0.382,0,40
4466,1785284664856,1785284664856,0,0.421,0,40
4467,1785284664856,1785284664856,0,0.394,0,40
4468,1785284664856,1785284664856,0,0.370,0,40
4469,1785284664857,1785284664857,0,0.346,0,40
4470,1785284664857,1785284664857,0,0.325,0,40
4471,1785284664857,1785284664857,0,0.305,0,40
4472,1785284664858,1785284664857,1,0.348,0,40
4473,1785284664858,1785284664858,0,0.389,0,40
4474,1785284664984,1785284664983,1,0.427,0,40
4475,1785284664984,1785284664983,1,0.400,0,40
4476,1785284664984,1785284664983,1,0.375,0,40
4477,1785284664984,1785284664984,0,0.414,0,40
4478,1785284664984,1785284664984,0,0.388,0,40
4479,1785284664986,1785284664986,0,0.364,0,40
4480,1785284664986,1785284664986,0,0.341,0,40
4481,1785284664986,1785284664986,0,0.320,0,40
4482,1785284664986,1785284664986,0,0.300,0,40
4483,1785284664987,1785284664986,1,0.344,0,40
4484,1785284664987,1785284664987,0,0.385,0,40
4485,1785284664987,1785284664987,0,0.361,0,40
4486,1785284664988,1785284664988,0,0.338,0,40
4487,1785284665106,1785284665106,0,0.317,0,0
4488,1785284665113,1785284665113,0,0.297,0,40
4489,1785284665113,1785284665113,0,0.279,0,40
4490,1785284665113,1785284665113,0,0.261,0,40
4491,1785284665114,1785284665113,1,0.307,0,40
4492,1785284665114,1785284665113,1,0.288,0,40
4493,1785284665114,1785284665113,1,0.270,0,40
4494,1785284665114,1785284665113,1,0.253,0,40
4495,1785284665114,1785284665114,0,0.300,0,40
4496,1785284665114,1785284665114,0,0.281,0,40
4497,1785284665114,1785284665114,0,0.264,0,40
4498,1785284665114,1785284665114,0,0.247,0,40
4499,1785284665114,1785284665114,0,0.232,0,40
4500,1785284665240,1785284665240,0,0.217,0,40
4501,1785284665240,1785284665240,0,0.204,0,40
4502,1785284665240,1785284665240,0,0.191,0,40
4503,1785284665240,1785284665240,0,0.179,0,40
4504,1785284665240,1785284665240,0,0.168,0,40
4505,1785284665240,1785284665240,0,0.157,0,40
4506,1785284665240,1785284665240,0,0.147,0,40
4507,1785284665240,1785284665240,0,0.138,0,40
4508,1785284665240,1785284665240,0,0.130,0,40
4509,1785284665240,1785284665240,0,0.122,0,40
4510,1785284665240,1785284665240,0,0.114,0,40
4511,1785284665242,1785284665240,2,0.232,0,40
4512,1785284665242,1785284665242,0,0.342,0,40
4513,1785284665242,1785284665242,0,0.321,0,40
4514,1785284665242,1785284665242,0,0.301,0,40
4515,1785284665242,1785284665242,0,0.282,0,40
4516,1785284665367,1785284665367,0,0.264,0,40
4517,1785284665367,1785284665367,0,0.248,0,40
4518,1785284665367,1785284665367,0,0.232,0,40
4519,1785284665367,1785284665367,0,0.218,0,40
4520,1785284665367,1785284665367,0,0.204,0,40
4521,1785284665367,1785284665367,0,0.192,0,40
4522,1785284665368,1785284665367,1,0.242,0,40
4523,1785284665368,1785284665368,0,0.289,0,40
4524,1785284665368,1785284665368,0,0.271,0,40
4525,1785284665494,1785284665494,0,0.254,0,40
4526,1785284665494,1785284665494,0,0.238,0,40
4527,1785284665495,1785284665494,1,0.286,0,40
4528,1785284665495,1785284665495,0,0.331,0,40
4529,1785284665495,1785284665495,0,0.310,0,40
4530,1785284665495,1785284665495,0,0.291,0,40
4531,1785284665495,1785284665495,0,0.272,0,40
4532,1785284665495,1785284665495,0,0.255,0,40
4533,1785284665496,1785284665495,1,0.302,0,40
4534,1785284665496,1785284665496,0,0.346,0,40
4535,1785284665496,1785284665496,0,0.324,0,40
4536,1785284665496,1785284665496,0,0.304,0,40
4537,1785284665496,1785284665496,0,0.285,0,40
4538,1785284665497,1785284665496,1,0.329,0,40
4539,1785284665497,1785284665496,1,0.309,0,40
4540,1785284665497,1785284665497,0,0.352,0,40
4541,1785284665623,1785284665623,0,0.330,0,40
4542,1785284665623,1785284665623,0,0.309,0,40
4543,1785284665623,1785284665623,0,0.290,0,40
4544,1785284665623,1785284665623,0,0.272,0,40
4545,1785284665623,1785284665623,0,0.255,0,40
4546,1785284665624,1785284665623,1,0.302,0,40
4547,1785284665624,1785284665624,0,0.345,0,40
4548,1785284665624,1785284665624,0,0.324,0,40
4549,1785284665624,1785284665624,0,0.303,0,40
4550,1785284665625,1785284665624,1,0.347,0,40
4551,1785284665626,1785284665625,1,0.325,0,40
4552,1785284665626,1785284665625,1,0.305,0,40
4553,1785284665626,1785284665626,0,0.348,0,40
4554,1785284665752,1785284665752,0,0.327,0,40
4555,1785284665752,1785284665752,0,0.306,0,40
4556,1785284665752,1785284665752,0,0.287,0,40
4557,1785284665752,1785284665752,0,0.269,0,40
4558,1785284665752,1785284665752,0,0.252,0,40
4559,1785284665752,1785284665752,0,0.237,0,40
4560,1785284665752,1785284665752,0,0.222,0,40
4561,1785284665752,1785284665752,0,0.208,0,40
4562,1785284665753,1785284665752,1,0.257,0,40
4563,1785284665753,1785284665752,1,0.241,0,40
4564,1785284665753,1785284665753,0,0.289,0,40
4565,1785284665753,1785284665753,0,0.271,0,40
4566,1785284665880,1785284665879,1,0.316,0,40
4567,1785284665880,1785284665880,0,0.359,0,40
4568,1785284665880,1785284665880,0,0.337,0,40
4569,1785284665880,1785284665880,0,0.316,0,40
4570,1785284665880,1785284665880,0,0.296,0,40
4571,1785284665881,1785284665880,1,0.340,0,40
4572,1785284665881,1785284665881,0,0.381,0,40
4573,1785284665881,1785284665881,0,0.357,0,40
4574,1785284665881,1785284665881,0,0.335,0,40
4575,1785284665881,1785284665881,0,0.314,0,40
4576,1785284665882,1785284665881,1,0.357,0,40
4577,1785284665882,1785284665882,0,0.397,0,40
4578,1785284665882,1785284665882,0,0.372,0,40
4579,1785284666008,1785284666008,0,0.349,0,40
4580,1785284666008,1785284666008,0,0.327,0,40
4581,1785284666008,1785284666008,0,0.307,0,40
4582,1785284666008,1785284666008,0,0.288,0,40
4583,1785284666008,1785284666008,0,0.270,0,40
4584,1785284666009,1785284666009,0,0.253,0,40
4585,1785284666009,1785284666009,0,0.237,0,40
4586,1785284666009,1785284666009,0,0.222,0,40
4587,1785284666010,1785284666009,1,0.271,0,40
4588,1785284666010,1785284666009,1,0.254,0,40
4589,1785284666010,1785284666010,0,0.300,0,40
4590,1785284666010,1785284666010,0,0.282,0,40
4591,1785284666137,1785284666136,1,0.327,0,40
4592,1785284666138,1785284666138,0,0.369,0,40
4593,1785284666138,1785284666138,0,0.346,0,40
4594,1785284666138,1785284666138,0,0.324,0,40
4595,1785284666139,1785284666138,1,0.366,0,40
4596,1785284666139,1785284666139,0,0.406,0,40
4597,1785284666139,1785284666139,0,0.381,0,40
4598,1785284666140,1785284666139,1,0.419,0,40
4599,1785284666140,1785284666140,0,0.456,0,40
4600,1785284666140,1785284666140,0,0.427,0,40
4601,1785284666140,1785284666140,0,0.400,0,40
4602,1785284666140,1785284666140,0,0.375,0,40
4603,1785284666141,1785284666140,1,0.414,0,40
4604,1785284666267,1785284666267,0,0.451,0,40
4605,1785284666268,1785284666267,1,0.485,0,40
4606,1785284666268,1785284666268,0,0.517,0,40
4607,1785284666268,1785284666268,0,0.485,0,40
4608,1785284666268,1785284666268,0,0.455,0,40
4609,1785284666268,1785284666268,0,0.426,0,40
4610,1785284666268,1785284666268,0,0.400,0,40
4611,1785284666269,1785284666268,1,0.437,0,40
4612,1785284666269,1785284666269,0,0.472,0,40
4613,1785284666269,1785284666269,0,0.443,0,40
4614,1785284666269,1785284666269,0,0.415,0,40
4615,1785284666269,1785284666269,0,0.389,0,40
4616,1785284666394,1785284666394,0,0.365,0,40
4617,1785284666396,1785284666394,2,0.467,0,40
4618,1785284666396,1785284666394,2,0.438,0,40
4619,1785284666396,1785284666394,2,0.411,0,40
4620,1785284666396,1785284666394,2,0.385,0,40
4621,1785284666396,1785284666396,0,0.486,0,40
4622,1785284666396,1785284666396,0,0.455,0,40
4623,1785284666396,1785284666396,0,0.427,0,40
4624,1785284666396,1785284666396,0,0.400,0,40
4625,1785284666397,1785284666396,1,0.438,0,40
4626,1785284666397,1785284666397,0,0.473,0,40
4627,1785284666397,1785284666397,0,0.443,0,40
4628,1785284666397,1785284666397,0,0.416,0,40
4629,1785284666523,1785284666522,1,0.452,0,40
4630,1785284666523,1785284666522,1,0.424,0,40
4631,1785284666523,1785284666523,0,0.460,0,40
4632,1785284666523,1785284666523,0,0.431,0,40
4633,1785284666523,1785284666523,0,0.404,0,40
4634,1785284666524,1785284666524,0,0.379,0,40
4635,1785284666524,1785284666524,0,0.355,0,40
4636,1785284666524,1785284666524,0,0.333,0,40
4637,1785284666525,1785284666525,0,0.312,0,40
4638,1785284666526,1785284666525,1,0.355,0,40
4639,1785284666526,1785284666526,0,0.396,0,40
4640,1785284666526,1785284666526,0,0.371,0,40
4641,1785284666526,1785284666526,0,0.348,0,40
4642,1785284666527,1785284666526,1,0.388,0,40
4643,1785284666527,1785284666527,0,0.427,0,40
4644,1785284666652,1785284666652,0,0.400,0,40
4645,1785284666652,1785284666652,0,0.375,0,40
4646,1785284666652,1785284666652,0,0.352,0,40
4647,1785284666652,1785284666652,0,0.330,0,40
4648,1785284666652,1785284666652,0,0.309,0,40
4649,1785284666653,1785284666652,1,0.352,0,40
4650,1785284666653,1785284666652,1,0.330,0,40
4651,1785284666653,1785284666653,0,0.372,0,40
4652,1785284666653,1785284666653,0,0.349,0,40
4653,1785284666653,1785284666653,0,0.327,0,40
4654,1785284666653,1785284666653,0,0.307,0,40
4655,1785284666653,1785284666653,0,0.287,0,40
4656,1785284666653,1785284666653,0,0.269,0,40
4657,1785284666778,1785284666778,0,0.253,0,40
4658,1785284666779,1785284666778,1,0.299,0,40
4659,1785284666780,1785284666779,1,0.281,0,40
4660,1785284666780,1785284666780,0,0.326,0,40
4661,1785284666780,1785284666780,0,0.305,0,40
4662,1785284666780,1785284666780,0,0.286,0,40
4663,1785284666780,1785284666780,0,0.268,0,40
4664,1785284666781,1785284666780,1,0.314,0,40
4665,1785284666781,1785284666781,0,0.357,0,40
4666,1785284666781,1785284666781,0,0.335,0,40
4667,1785284666781,1785284666781,0,0.314,0,40
4668,1785284666781,1785284666781,0,0.294,0,40
4669,1785284666906,1785284666906,0,0.276,0,40
4670,1785284666906,1785284666906,0,0.258,0,40
4671,1785284666906,1785284666906,0,0.242,0,40
4672,1785284666906,1785284666906,0,0.227,0,40
4673,1785284666906,1785284666906,0,0.213,0,40
4674,1785284666906,1785284666906,0,0.200,0,40
4675,1785284666906,1785284666906,0,0.187,0,40
4676,1785284666906,1785284666906,0,0.175,0,40
4677,1785284666906,1785284666906,0,0.164,0,40
4678,1785284666906,1785284666906,0,0.154,0,40
4679,1785284666906,1785284666906,0,0.145,0,40
4680,1785284666906,1785284666906,0,0.136,0,40
4681,1785284666907,1785284666906,1,0.190,0,40
4682,1785284667032,1785284667032,0,0.240,0,40
4683,1785284667033,1785284667032,1,0.288,0,40
4684,1785284667033,1785284667032,1,0.270,0,40
4685,1785284667033,1785284667032,1,0.253,0,40
4686,1785284667033,1785284667033,0,0.300,0,40
4687,1785284667033,1785284667033,0,0.281,0,40
4688,1785284667033,1785284667033,0,0.263,0,40
4689,1785284667033,1785284667033,0,0.247,0,40
4690,1785284667033,1785284667033,0,0.231,0,40
4691,1785284667033,1785284667033,0,0.217,0,40
4692,1785284667033,1785284667033,0,0.203,0,40
4693,1785284667034,1785284667033,1,0.253,0,40
4694,1785284667158,1785284667158,0,0.300,0,40
4695,1785284667158,1785284667158,0,0.281,0,40
4696,1785284667159,1785284667158,1,0.326,0,40
4697,1785284667159,1785284667159,0,0.368,0,40
4698,1785284667159,1785284667159,0,0.345,0,40
4699,1785284667159,1785284667159,0,0.324,0,40
4700,1785284667159,1785284667159,0,0.303,0,40
4701,1785284667159,1785284667159,0,0.284,0,40
4702,1785284667160,1785284667159,1,0.329,0,40
4703,1785284667160,1785284667160,0,0.371,0,40
4704,1785284667160,1785284667160,0,0.348,0,40
4705,1785284667160,1785284667160,0,0.326,0,40
4706,1785284667160,1785284667160,0,0.306,0,40
4707,1785284667286,1785284667286,0,0.287,0,40
4708,1785284667286,1785284667286,0,0.269,0,40
4709,1785284667287,1785284667286,1,0.314,0,40
4710,1785284667287,1785284667287,0,0.357,0,40
4711,1785284667287,1785284667287,0,0.335,0,40
4712,1785284667287,1785284667287,0,0.314,0,40
4713,1785284667287,1785284667287,0,0.294,0,40
4714,1785284667287,1785284667287,0,0.276,0,40
4715,1785284667287,1785284667287,0,0.259,0,40
4716,1785284667288,1785284667287,1,0.305,0,40
4717,1785284667288,1785284667287,1,0.286,0,40
4718,1785284667288,1785284667288,0,0.331,0,40
4719,1785284667414,1785284667414,0,0.310,0,40
4720,1785284667414,1785284667414,0,0.291,0,40
4721,1785284667414,1785284667414,0,0.272,0,40
4722,1785284667414,1785284667414,0,0.255,0,40
4723,1785284667415,1785284667414,1,0.302,0,40
4724,1785284667415,1785284667414,1,0.283,0,40
4725,1785284667415,1785284667414,1,0.265,0,40
4726,1785284667415,1785284667414,1,0.249,0,40
4727,1785284667415,1785284667415,0,0.296,0,40
4728,1785284667415,1785284667415,0,0.277,0,40
4729,1785284667415,1785284667415,0,0.260,0,40
4730,1785284667415,1785284667415,0,0.244,0,40
4731,1785284667415,1785284667415,0,0.228,0,40
4732,1785284667541,1785284667540,1,0.277,0,40
4733,1785284667541,1785284667540,1,0.259,0,40
4734,1785284667541,1785284667541,0,0.306,0,40
4735,1785284667541,1785284667541,0,0.287,0,40
4736,1785284667541,1785284667541,0,0.269,0,40
4737,1785284667541,1785284667541,0,0.252,0,40
4738,1785284667541,1785284667541,0,0.236,0,40
4739,1785284667542,1785284667541,1,0.284,0,40
4740,1785284667542,1785284667542,0,0.329,0,40
4741,1785284667542,1785284667542,0,0.308,0,40
4742,1785284667542,1785284667542,0,0.289,0,40
4743,1785284667542,1785284667542,0,0.271,0,40
4744,1785284667669,1785284667669,0,0.254,0,40
4745,1785284667670,1785284667669,1,0.300,0,40
4746,1785284667670,1785284667669,1,0.282,0,40
4747,1785284667670,1785284667669,1,0.264,0,40
4748,1785284667670,1785284667669,1,0.248,0,40
4749,1785284667670,1785284667670,0,0.295,0,40
4750,1785284667670,1785284667670,0,0.276,0,40
4751,1785284667670,1785284667670,0,0.259,0,40
4752,1785284667670,1785284667670,0,0.243,0,40
4753,1785284667670,1785284667670,0,0.228,0,40
4754,1785284667670,1785284667670,0,0.213,0,40
4755,1785284667670,1785284667670,0,0.200,0,40
4756,1785284667670,1785284667670,0,0.188,0,40
4757,1785284667797,1785284667796,1,0.238,0,40
4758,1785284667797,1785284667797,0,0.286,0,40
4759,1785284667797,1785284667797,0,0.268,0,40
4760,1785284667798,1785284667797,1,0.314,0,40
4761,1785284667798,1785284667797,1,0.294,0,40
4762,1785284667798,1785284667798,0,0.338,0,40
4763,1785284667798,1785284667798,0,0.317,0,40
4764,1785284667798,1785284667798,0,0.297,0,40
4765,1785284667798,1785284667798,0,0.279,0,40
4766,1785284667798,1785284667798,0,0.261,0,40
4767,1785284667798,1785284667798,0,0.245,0,40
4768,1785284667798,1785284667798,0,0.230,0,40
4769,1785284667924,1785284667923,1,0.278,0,40
4770,1785284667924,1785284667923,1,0.260,0,40
4771,1785284667924,1785284667923,1,0.244,0,40
4772,1785284667924,1785284667923,1,0.229,0,40
4773,1785284667924,1785284667923,1,0.215,0,40
4774,1785284667924,1785284667924,0,0.264,0,40
4775,1785284667924,1785284667924,0,0.247,0,40
4776,1785284667925,1785284667924,1,0.294,0,40
4777,1785284667925,1785284667925,0,0.338,0,40
4778,1785284667925,1785284667925,0,0.317,0,40
4779,1785284667926,1785284667925,1,0.360,0,40
4780,1785284667926,1785284667926,0,0.400,0,40
4781,1785284667926,1785284667926,0,0.375,0,40
4782,1785284668052,1785284668052,0,0.351,0,40
4783,1785284668052,1785284668052,0,0.330,0,40
4784,1785284668053,1785284668052,1,0.371,0,40
4785,1785284668053,1785284668053,0,0.411,0,40
4786,1785284668053,1785284668053,0,0.385,0,40
4787,1785284668053,1785284668053,0,0.361,0,40
4788,1785284668053,1785284668053,0,0.338,0,40
4789,1785284668053,1785284668053,0,0.317,0,40
4790,1785284668054,1785284668053,1,0.360,0,40
4791,1785284668054,1785284668054,0,0.400,0,40
4792,1785284668054,1785284668054,0,0.375,0,40
4793,1785284668054,1785284668054,0,0.352,0,40
4794,1785284668182,1785284668181,1,0.392,0,40
4795,1785284668182,1785284668181,1,0.368,0,40
4796,1785284668182,1785284668181,1,0.345,0,40
4797,1785284668182,1785284668182,0,0.386,0,40
4798,1785284668182,1785284668182,0,0.361,0,40
4799,1785284668182,1785284668182,0,0.339,0,40
4800,1785284668183,1785284668182,1,0.380,0,40
4801,1785284668183,1785284668183,0,0.419,0,40
4802,1785284668183,1785284668183,0,0.393,0,40
4803,1785284668184,1785284668183,1,0.431,0,40
4804,1785284668184,1785284668183,1,0.404,0,40
4805,1785284668184,1785284668184,0,0.441,0,40
4806,1785284668184,1785284668184,0,0.413,0,40
4807,1785284668184,1785284668184,0,0.388,0,40
4808,1785284668184,1785284668184,0,0.363,0,40
4809,1785284668184,1785284668184,0,0.341,0,40
4810,1785284668310,1785284668310,0,0.319,0,40
4811,1785284668310,1785284668310,0,0.299,0,40
4812,1785284668310,1785284668310,0,0.281,0,40
4813,1785284668310,1785284668310,0,0.263,0,40
4814,1785284668310,1785284668310,0,0.247,0,40
4815,1785284668310,1785284668310,0,0.231,0,40
4816,1785284668310,1785284668310,0,0.217,0,40
4817,1785284668310,1785284668310,0,0.203,0,40
4818,1785284668310,1785284668310,0,0.191,0,40
4819,1785284668310,1785284668310,0,0.179,0,40
4820,1785284668312,1785284668310,2,0.293,0,40
4821,1785284668312,1785284668312,0,0.399,0,40
4822,1785284668438,1785284668438,0,0.374,0,40
4823,1785284668439,1785284668438,1,0.413,0,40
4824,1785284668439,1785284668439,0,0.450,0,40
4825,1785284668440,1785284668440,0,0.422,0,40
4826,1785284668440,1785284668440,0,0.396,0,40
4827,1785284668440,1785284668440,0,0.371,0,40
4828,1785284668440,1785284668440,0,0.348,0,40
4829,1785284668440,1785284668440,0,0.326,0,40
4830,1785284668440,1785284668440,0,0.306,0,40
4831,1785284668441,1785284668440,1,0.349,0,40
4832,1785284668441,1785284668441,0,0.390,0,40
4833,1785284668441,1785284668441,0,0.365,0,40
4834,1785284668441,1785284668441,0,0.342,0,40
4835,1785284668567,1785284668566,1,0.384,0,40
4836,1785284668567,1785284668566,1,0.360,0,40
4837,1785284668567,1785284668566,1,0.337,0,40
4838,1785284668567,1785284668567,0,0.379,0,40
4839,1785284668568,1785284668567,1,0.417,0,40
4840,1785284668568,1785284668568,0,0.454,0,40
4841,1785284668568,1785284668568,0,0.425,0,40
4842,1785284668568,1785284668568,0,0.399,0,40
4843,1785284668568,1785284668568,0,0.374,0,40
4844,1785284668569,1785284668568,1,0.413,0,40
4845,1785284668569,1785284668569,0,0.450,0,40
4846,1785284668569,1785284668569,0,0.422,0,40
4847,1785284668696,1785284668695,1,0.458,0,40
4848,1785284668696,1785284668695,1,0.429,0,40
4849,1785284668697,1785284668695,2,0.465,0,40
4850,1785284668697,1785284668696,1,0.498,0,40
4851,1785284668697,1785284668697,0,0.530,0,40
4852,1785284668697,1785284668697,0,0.497,0,40
4853,1785284668698,1785284668697,1,0.528,0,40
4854,1785284668698,1785284668698,0,0.558,0,40
4855,1785284668698,1785284668698,0,0.523,0,40
4856,1785284668698,1785284668698,0,0.490,0,40
4857,1785284668698,1785284668698,0,0.459,0,40
4858,1785284668699,1785284668699,0,0.431,0,40
4859,1785284668699,1785284668699,0,0.404,0,40
4860,1785284668826,1785284668824,2,0.504,0,40
4861,1785284668826,1785284668826,0,0.597,0,40
4862,1785284668826,1785284668826,0,0.560,0,40
4863,1785284668827,1785284668826,1,0.587,0,40
4864,1785284668827,1785284668827,0,0.613,0,40
4865,1785284668827,1785284668827,0,0.575,0,40
4866,1785284668827,1785284668827,0,0.539,0,40
4867,1785284668832,1785284668827,5,0.818,0,40
4868,1785284668832,1785284668830,2,0.954,0,40
4869,1785284668832,1785284668830,2,0.894,0,40
4870,1785284668832,1785284668830,2,0.839,0,40
4871,1785284668832,1785284668831,1,0.849,0,40
4872,1785284668956,1785284668956,0,0.858,0,40
4873,1785284668957,1785284668956,1,0.867,0,40
4874,1785284668957,1785284668956,1,0.813,0,40
4875,1785284668957,1785284668956,1,0.762,0,40
4876,1785284668957,1785284668957,0,0.777,0,40
4877,1785284668957,1785284668957,0,0.728,0,40
4878,1785284668958,1785284668957,1,0.745,0,40
4879,1785284668958,1785284668958,0,0.761,0,40
4880,1785284668958,1785284668958,0,0.714,0,40
4881,1785284668958,1785284668958,0,0.669,0,40
4882,1785284668958,1785284668958,0,0.627,0,40
4883,1785284668958,1785284668958,0,0.588,0,40
4884,1785284668958,1785284668958,0,0.551,0,40
4885,1785284668958,1785284668958,0,0.517,0,40
4886,1785284668959,1785284668958,1,0.547,0,40
4887,1785284668959,1785284668959,0,0.575,0,40
4888,1785284669085,1785284669085,0,0.539,0,40
4889,1785284669085,1785284669085,0,0.506,0,40
4890,1785284669086,1785284669086,0,0.474,0,40
4891,1785284669086,1785284669086,0,0.444,0,40
4892,1785284669087,1785284669086,1,0.479,0,40
4893,1785284669087,1785284669087,0,0.512,0,40
4894,1785284669087,1785284669087,0,0.480,0,40
4895,1785284669087,1785284669087,0,0.450,0,40
4896,1785284669087,1785284669087,0,0.422,0,40
4897,1785284669087,1785284669087,0,0.395,0,40
4898,1785284669087,1785284669087,0,0.371,0,40
4899,1785284669087,1785284669087,0,0.347,0,40
4900,1785284669212,1785284669212,0,0.326,0,40
4901,1785284669212,1785284669212,0,0.305,0,40
4902,1785284669212,1785284669212,0,0.286,0,40
4903,1785284669212,1785284669212,0,0.268,0,40
4904,1785284669212,1785284669212,0,0.252,0,40
4905,1785284669212,1785284669212,0,0.236,0,40
4906,1785284669212,1785284669212,0,0.221,0,40
4907,1785284669212,1785284669212,0,0.207,0,40
4908,1785284669212,1785284669212,0,0.194,0,40
4909,1785284669213,1785284669212,1,0.245,0,40
4910,1785284669213,1785284669212,1,0.229,0,40
4911,1785284669213,1785284669213,0,0.278,0,40
4912,1785284669213,1785284669213,0,0.260,0,40
4913,1785284669339,1785284669339,0,0.244,0,40
4914,1785284669339,1785284669339,0,0.229,0,40
4915,1785284669339,1785284669339,0,0.214,0,40
4916,1785284669339,1785284669339,0,0.201,0,40
4917,1785284669339,1785284669339,0,0.188,0,40
4918,1785284669339,1785284669339,0,0.177,0,40
4919,1785284669339,1785284669339,0,0.166,0,40
4920,1785284669339,1785284669339,0,0.155,0,40
4921,1785284669339,1785284669339,0,0.146,0,40
4922,1785284669339,1785284669339,0,0.136,0,40
4923,1785284669339,1785284669339,0,0.128,0,40
4924,1785284669339,1785284669339,0,0.120,0,40
4925,1785284669464,1785284669464,0,0.112,0,40
4926,1785284669466,1785284669464,2,0.230,0,40
4927,1785284669466,1785284669466,0,0.341,0,40
4928,1785284669466,1785284669466,0,0.320,0,40
4929,1785284669467,1785284669466,1,0.362,0,40
4930,1785284669467,1785284669467,0,0.402,0,40
4931,1785284669467,1785284669467,0,0.377,0,40
4932,1785284669467,1785284669467,0,0.353,0,40
4933,1785284669467,1785284669467,0,0.331,0,40
4934,1785284669468,1785284669467,1,0.373,0,40
4935,1785284669468,1785284669468,0,0.412,0,40
4936,1785284669468,1785284669468,0,0.387,0,40
4937,1785284669468,1785284669468,0,0.362,0,40
4938,1785284669595,1785284669595,0,0.340,0,40
4939,1785284669596,1785284669596,0,0.318,0,40
4940,1785284669596,1785284669596,0,0.299,0,40
4941,1785284669596,1785284669596,0,0.280,0,40
4942,1785284669596,1785284669596,0,0.262,0,40
4943,1785284669596,1785284669596,0,0.246,0,40
4944,1785284669597,1785284669596,1,0.293,0,40
4945,1785284669597,1785284669597,0,0.337,0,40
4946,1785284669597,1785284669597,0,0.316,0,40
4947,1785284669597,1785284669597,0,0.296,0,40
4948,1785284669597,1785284669597,0,0.278,0,40
4949,1785284669597,1785284669597,0,0.261,0,40
4950,1785284669723,1785284669723,0,0.244,0,40
4951,1785284669723,1785284669723,0,0.229,0,40
4952,1785284669723,1785284669723,0,0.215,0,40
4953,1785284669723,1785284669723,0,0.201,0,40
4954,1785284669723,1785284669723,0,0.189,0,40
4955,1785284669723,1785284669723,0,0.177,0,40
4956,1785284669723,1785284669723,0,0.166,0,40
4957,1785284669723,1785284669723,0,0.155,0,40
4958,1785284669723,1785284669723,0,0.146,0,40
4959,1785284669724,1785284669723,1,0.199,0,40
4960,1785284669724,1785284669723,1,0.187,0,40
4961,1785284669724,1785284669724,0,0.238,0,40
4962,1785284669724,1785284669724,0,0.223,0,40
4963,1785284669851,1785284669851,0,0.209,0,40
4964,1785284669852,1785284669851,1,0.258,0,40
4965,1785284669852,1785284669852,0,0.305,0,40
4966,1785284669852,1785284669852,0,0.286,0,40
4967,1785284669852,1785284669852,0,0.268,0,40
4968,1785284669852,1785284669852,0,0.251,0,40
4969,1785284669852,1785284669852,0,0.235,0,40
4970,1785284669852,1785284669852,0,0.221,0,40
4971,1785284669852,1785284669852,0,0.207,0,40
4972,1785284669853,1785284669852,1,0.256,0,40
4973,1785284669853,1785284669852,1,0.240,0,40
4974,1785284669853,1785284669853,0,0.288,0,40
4975,1785284669978,1785284669978,0,0.270,0,40
4976,1785284669978,1785284669978,0,0.253,0,40
4977,1785284669978,1785284669978,0,0.237,0,40
4978,1785284669979,1785284669978,1,0.285,0,40
4979,1785284669979,1785284669979,0,0.330,0,40
4980,1785284669979,1785284669979,0,0.309,0,40
4981,1785284669979,1785284669979,0,0.290,0,40
4982,1785284669980,1785284669979,1,0.334,0,40
4983,1785284669980,1785284669979,1,0.313,0,40
4984,1785284669980,1785284669980,0,0.356,0,40
4985,1785284669980,1785284669980,0,0.334,0,40
4986,1785284669980,1785284669980,0,0.313,0,40
4987,1785284669980,1785284669980,0,0.293,0,40
4988,1785284670106,1785284670106,0,0.275,0,0
4989,1785284670107,1785284670106,1,0.320,0,40
4990,1785284670107,1785284670107,0,0.363,0,40
4991,1785284670108,1785284670107,1,0.403,0,40
4992,1785284670108,1785284670108,0,0.440,0,40
4993,1785284670109,1785284670108,1,0.475,0,40
4994,1785284670109,1785284670109,0,0.508,0,40
4995,1785284670109,1785284670109,0,0.476,0,40
4996,1785284670109,1785284670109,0,0.446,0,40
4997,1785284670109,1785284670109,0,0.418,0,40
4998,1785284670110,1785284670110,0,0.392,0,40
4999,1785284670110,1785284670110,0,0.368,0,40
5000,1785284670110,1785284670110,0,0.345,0,40
5001,1785284670236,1785284670236,0,0.323,0,40
5002,1785284670236,1785284670236,0,0.303,0,40
5003,1785284670236,1785284670236,0,0.284,0,40
5004,1785284670236,1785284670236,0,0.266,0,40
5005,1785284670236,1785284670236,0,0.250,0,40
5006,1785284670236,1785284670236,0,0.234,0,40
5007,1785284670236,1785284670236,0,0.219,0,40
5008,1785284670236,1785284670236,0,0.206,0,40
5009,1785284670236,1785284670236,0,0.193,0,40
5010,1785284670236,1785284670236,0,0.181,0,40
5011,1785284670236,1785284670236,0,0.170,0,40
5012,1785284670236,1785284670236,0,0.159,0,40
5013,1785284670236,1785284670236,0,0.149,0,40
5014,1785284670236,1785284670236,0,0.140,0,40
5015,1785284670236,1785284670236,0,0.131,0,40
5016,1785284670236,1785284670236,0,0.123,0,40
5017,1785284670363,1785284670362,1,0.178,0,40
5018,1785284670363,1785284670362,1,0.166,0,40
5019,1785284670363,1785284670362,1,0.156,0,40
5020,1785284670363,1785284670363,0,0.209,0,40
5021,1785284670363,1785284670363,0,0.196,0,40
5022,1785284670363,1785284670363,0,0.184,0,40
5023,1785284670363,1785284670363,0,0.172,0,40
5024,1785284670363,1785284670363,0,0.161,0,40
5025,1785284670363,1785284670363,0,0.151,0,40
5026,1785284670488,1785284670488,0,0.142,0,40
5027,1785284670489,1785284670488,1,0.195,0,40
5028,1785284670489,1785284670488,1,0.183,0,40
5029,1785284670489,1785284670489,0,0.234,0,40
5030,1785284670489,1785284670489,0,0.220,0,40
5031,1785284670489,1785284670489,0,0.206,0,40
5032,1785284670489,1785284670489,0,0.193,0,40
5033,1785284670489,1785284670489,0,0.181,0,40
5034,1785284670489,1785284670489,0,0.170,0,40
5035,1785284670489,1785284670489,0,0.159,0,40
5036,1785284670489,1785284670489,0,0.149,0,40
5037,1785284670489,1785284670489,0,0.140,0,40
5038,1785284670489,1785284670489,0,0.131,0,40
5039,1785284670489,1785284670489,0,0.123,0,40
5040,1785284670489,1785284670489,0,0.115,0,40
5041,1785284670490,1785284670489,1,0.170,0,40
5042,1785284670616,1785284670615,1,0.160,0,40
5043,1785284670616,1785284670616,0,0.212,0,40
5044,1785284670616,1785284670616,0,0.199,0,40
5045,1785284670617,1785284670616,1,0.249,0,40
5046,1785284670617,1785284670617,0,0.296,0,40
5047,1785284670617,1785284670617,0,0.278,0,40
5048,1785284670617,1785284670617,0,0.260,0,40
5049,1785284670618,1785284670617,1,0.306,0,40
5050,1785284670618,1785284670618,0,0.350,0,40
5051,1785284670743,1785284670743,0,0.328,0,40
5052,1785284670743,1785284670743,0,0.307,0,40
5053,1785284670743,1785284670743,0,0.288,0,40
5054,1785284670743,1785284670743,0,0.270,0,40
5055,1785284670743,1785284670743,0,0.253,0,40
5056,1785284670743,1785284670743,0,0.237,0,40
5057,1785284670743,1785284670743,0,0.223,0,40
5058,1785284670743,1785284670743,0,0.209,0,40
5059,1785284670743,1785284670743,0,0.196,0,40
5060,1785284670743,1785284670743,0,0.183,0,40
5061,1785284670743,1785284670743,0,0.172,0,40
5062,1785284670743,1785284670743,0,0.161,0,40
5063,1785284670743,1785284670743,0,0.151,0,40
5064,1785284670743,1785284670743,0,0.142,0,40
5065,1785284670744,1785284670743,1,0.195,0,40
5066,1785284670744,1785284670744,0,0.246,0,40
5067,1785284670869,1785284670869,0,0.230,0,40
5068,1785284670869,1785284670869,0,0.216,0,40
5069,1785284670870,1785284670870,0,0.202,0,40
5070,1785284670870,1785284670870,0,0.190,0,40
5071,1785284670870,1785284670870,0,0.178,0,40
5072,1785284670870,1785284670870,0,0.167,0,40
5073,1785284670870,1785284670870,0,0.156,0,40
5074,1785284670870,1785284670870,0,0.147,0,40
5075,1785284670870,1785284670870,0,0.137,0,40
5076,1785284670870,1785284670870,0,0.129,0,40
5077,1785284670870,1785284670870,0,0.121,0,40
5078,1785284670870,1785284670870,0,0.113,0,40
5079,1785284670870,1785284670870,0,0.106,0,40
5080,1785284670997,1785284670997,0,0.100,0,40
5081,1785284670997,1785284670997,0,0.093,0,40
5082,1785284670998,1785284670997,1,0.150,0,40
5083,1785284670998,1785284670997,1,0.141,0,40
5084,1785284670998,1785284670998,0,0.194,0,40
5085,1785284670998,1785284670998,0,0.182,0,40
5086,1785284670998,1785284670998,0,0.171,0,40
5087,1785284670998,1785284670998,0,0.160,0,40
5088,1785284670999,1785284670998,1,0.213,0,40
5089,1785284670999,1785284670998,1,0.199,0,40
5090,1785284670999,1785284670999,0,0.249,0,40
5091,1785284670999,1785284670999,0,0.234,0,40
5092,1785284671124,1785284671124,0,0.219,0,40
5093,1785284671124,1785284671124,0,0.205,0,40
5094,1785284671124,1785284671124,0,0.193,0,40
5095,1785284671126,1785284671124,2,0.306,0,40
5096,1785284671126,1785284671124,2,0.286,0,40
5097,1785284671126,1785284671126,0,0.394,0,40
5098,1785284671126,1785284671126,0,0.369,0,40
5099,1785284671127,1785284671126,1,0.408,0,40
5100,1785284671127,1785284671126,1,0.383,0,40
5101,1785284671127,1785284671126,1,0.359,0,40
5102,1785284671128,1785284671127,1,0.337,0,40
5103,1785284671128,1785284671127,1,0.315,0,40
5104,1785284671128,1785284671128,0,0.358,0,40
5105,1785284671253,1785284671253,0,0.336,0,40
5106,1785284671253,1785284671253,0,0.315,0,40
5107,1785284671253,1785284671253,0,0.295,0,40
5108,1785284671254,1785284671253,1,0.339,0,40
5109,1785284671254,1785284671254,0,0.381,0,40
5110,1785284671254,1785284671254,0,0.357,0,40
5111,1785284671254,1785284671254,0,0.334,0,40
5112,1785284671254,1785284671254,0,0.314,0,40
5113,1785284671254,1785284671254,0,0.294,0,40
5114,1785284671254,1785284671254,0,0.276,0,40
5115,1785284671256,1785284671256,0,0.258,0,40
5116,1785284671256,1785284671256,0,0.242,0,40
5117,1785284671381,1785284671381,0,0.227,0,40
5118,1785284671382,1785284671381,1,0.275,0,40
5119,1785284671382,1785284671381,1,0.258,0,40
5120,1785284671382,1785284671381,1,0.242,0,40
5121,1785284671382,1785284671382,0,0.289,0,40
5122,1785284671382,1785284671382,0,0.271,0,40
5123,1785284671382,1785284671382,0,0.254,0,40
5124,1785284671382,1785284671382,0,0.238,0,40
5125,1785284671382,1785284671382,0,0.224,0,40
5126,1785284671383,1785284671382,1,0.272,0,40
5127,1785284671383,1785284671383,0,0.318,0,40
5128,1785284671383,1785284671383,0,0.298,0,40
5129,1785284671384,1785284671383,1,0.342,0,40
5130,1785284671509,1785284671509,0,0.383,0,40
5131,1785284671509,1785284671509,0,0.359,0,40
5132,1785284671509,1785284671509,0,0.336,0,40
5133,1785284671509,1785284671509,0,0.315,0,40
5134,1785284671509,1785284671509,0,0.296,0,40
5135,1785284671510,1785284671509,1,0.340,0,40
5136,1785284671510,1785284671509,1,0.318,0,40
5137,1785284671510,1785284671510,0,0.361,0,40
5138,1785284671510,1785284671510,0,0.339,0,40
5139,1785284671510,1785284671510,0,0.317,0,40
5140,1785284671510,1785284671510,0,0.298,0,40
5141,1785284671510,1785284671510,0,0.279,0,40
5142,1785284671636,1785284671636,0,0.261,0,40
5143,1785284671637,1785284671636,1,0.308,0,40
5144,1785284671637,1785284671636,1,0.288,0,40
5145,1785284671637,1785284671636,1,0.270,0,40
5146,1785284671637,1785284671637,0,0.316,0,40
5147,1785284671637,1785284671637,0,0.296,0,40
5148,1785284671638,1785284671637,1,0.340,0,40
5149,1785284671638,1785284671638,0,0.381,0,40
5150,1785284671638,1785284671638,0,0.358,0,40
5151,1785284671638,1785284671638,0,0.335,0,40
5152,1785284671638,1785284671638,0,0.314,0,40
5153,1785284671638,1785284671638,0,0.295,0,40
5154,1785284671638,1785284671638,0,0.276,0,40
5155,1785284671764,1785284671764,0,0.259,0,40
5156,1785284671764,1785284671764,0,0.243,0,40
5157,1785284671764,1785284671764,0,0.228,0,40
5158,1785284671764,1785284671764,0,0.213,0,40
5159,1785284671765,1785284671764,1,0.263,0,40
5160,1785284671765,1785284671765,0,0.309,0,40
5161,1785284671765,1785284671765,0,0.289,0,40
5162,1785284671766,1785284671765,1,0.334,0,40
5163,1785284671766,1785284671766,0,0.375,0,40
5164,1785284671766,1785284671766,0,0.352,0,40
5165,1785284671766,1785284671766,0,0.330,0,40
5166,1785284671766,1785284671766,0,0.309,0,40
5167,1785284671892,1785284671892,0,0.290,0,40
5168,1785284671893,1785284671892,1,0.334,0,40
5169,1785284671893,1785284671892,1,0.313,0,40
5170,1785284671893,1785284671893,0,0.356,0,40
5171,1785284671893,1785284671893,0,0.334,0,40
5172,1785284671893,1785284671893,0,0.313,0,40
5173,1785284671893,1785284671893,0,0.294,0,40
5174,1785284671893,1785284671893,0,0.275,0,40
5175,1785284671894,1785284671893,1,0.321,0,40
5176,1785284671894,1785284671894,0,0.363,0,40
5177,1785284671894,1785284671894,0,0.340,0,40
5178,1785284671894,1785284671894,0,0.319,0,40
5179,1785284671894,1785284671894,0,0.299,0,40
5180,1785284672020,1785284672020,0,0.280,0,40
5181,1785284672020,1785284672020,0,0.263,0,40
5182,1785284672021,1785284672021,0,0.246,0,40
5183,1785284672021,1785284672021,0,0.231,0,40
5184,1785284672021,1785284672021,0,0.217,0,40
5185,1785284672021,1785284672021,0,0.203,0,40
5186,1785284672021,1785284672021,0,0.190,0,40
5187,1785284672021,1785284672021,0,0.179,0,40
5188,1785284672022,1785284672021,1,0.230,0,40
5189,1785284672022,1785284672022,0,0.278,0,40
5190,1785284672022,1785284672022,0,0.261,0,40
5191,1785284672022,1785284672022,0,0.244,0,40
5192,1785284672148,1785284672148,0,0.229,0,40
5193,1785284672148,1785284672148,0,0.215,0,40
5194,1785284672148,1785284672148,0,0.201,0,40
5195,1785284672148,1785284672148,0,0.189,0,40
5196,1785284672149,1785284672148,1,0.239,0,40
5197,1785284672149,1785284672149,0,0.287,0,40
5198,1785284672149,1785284672149,0,0.269,0,40
5199,1785284672150,1785284672149,1,0.315,0,40
5200,1785284672150,1785284672150,0,0.358,0,40
5201,1785284672150,1785284672150,0,0.335,0,40
5202,1785284672150,1785284672150,0,0.314,0,40
5203,1785284672150,1785284672150,0,0.295,0,40
5204,1785284672150,1785284672150,0,0.276,0,40
5205,1785284672150,1785284672150,0,0.259,0,40
5206,1785284672150,1785284672150,0,0.243,0,40
5207,1785284672151,1785284672150,1,0.290,0,40
5208,1785284672277,1785284672277,0,0.334,0,40
5209,1785284672277,1785284672277,0,0.314,0,40
5210,1785284672277,1785284672277,0,0.294,0,40
5211,1785284672278,1785284672277,1,0.338,0,40
5212,1785284672278,1785284672278,0,0.379,0,40
5213,1785284672278,1785284672278,0,0.356,0,40
5214,1785284672278,1785284672278,0,0.334,0,40
5215,1785284672278,1785284672278,0,0.313,0,40
5216,1785284672278,1785284672278,0,0.293,0,40
5217,1785284672279,1785284672279,0,0.275,0,40
5218,1785284672280,1785284672279,1,0.320,0,40
5219,1785284672280,1785284672279,1,0.300,0,40
5220,1785284672404,1785284672404,0,0.344,0,40
5221,1785284672404,1785284672404,0,0.322,0,40
5222,1785284672404,1785284672404,0,0.302,0,40
5223,1785284672404,1785284672404,0,0.283,0,40
5224,1785284672404,1785284672404,0,0.266,0,40
5225,1785284672404,1785284672404,0,0.249,0,40
5226,1785284672404,1785284672404,0,0.233,0,40
5227,1785284672404,1785284672404,0,0.219,0,40
5228,1785284672404,1785284672404,0,0.205,0,40
5229,1785284672404,1785284672404,0,0.192,0,40
5230,1785284672404,1785284672404,0,0.180,0,40
5231,1785284672404,1785284672404,0,0.169,0,40
5232,1785284672406,1785284672404,2,0.284,0,40
5233,1785284672532,1785284672532,0,0.391,0,40
5234,1785284672532,1785284672532,0,0.366,0,40
5235,1785284672532,1785284672532,0,0.343,0,40
5236,1785284672532,1785284672532,0,0.322,0,40
5237,1785284672532,1785284672532,0,0.302,0,40
5238,1785284672532,1785284672532,0,0.283,0,40
5239,1785284672532,1785284672532,0,0.265,0,40
5240,1785284672532,1785284672532,0,0.249,0,40
5241,1785284672533,1785284672532,1,0.296,0,40
5242,1785284672533,1785284672532,1,0.277,0,40
5243,1785284672533,1785284672533,0,0.322,0,40
5244,1785284672533,1785284672533,0,0.302,0,40
5245,1785284672658,1785284672658,0,0.283,0,40
5246,1785284672659,1785284672658,1,0.328,0,40
5247,1785284672659,1785284672659,0,0.370,0,40
5248,1785284672659,1785284672659,0,0.347,0,40
5249,1785284672659,1785284672659,0,0.325,0,40
5250,1785284672659,1785284672659,0,0.305,0,40
5251,1785284672659,1785284672659,0,0.286,0,40
5252,1785284672660,1785284672659,1,0.331,0,40
5253,1785284672660,1785284672660,0,0.372,0,40
5254,1785284672660,1785284672660,0,0.349,0,40
5255,1785284672660,1785284672660,0,0.327,0,40
5256,1785284672660,1785284672660,0,0.307,0,40
5257,1785284672660,1785284672660,0,0.288,0,40
5258,1785284672787,1785284672786,1,0.332,0,40
5259,1785284672787,1785284672786,1,0.311,0,40
5260,1785284672787,1785284672787,0,0.354,0,40
5261,1785284672788,1785284672787,1,0.395,0,40
5262,1785284672788,1785284672788,0,0.433,0,40
5263,1785284672788,1785284672788,0,0.406,0,40
5264,1785284672788,1785284672788,0,0.380,0,40
5265,1785284672788,1785284672788,0,0.356,0,40
5266,1785284672789,1785284672788,1,0.397,0,40
5267,1785284672789,1785284672789,0,0.434,0,40
5268,1785284672789,1785284672789,0,0.407,0,40
5269,1785284672789,1785284672789,0,0.382,0,40
5270,1785284672914,1785284672914,0,0.358,0,40
5271,1785284672914,1785284672914,0,0.336,0,40
5272,1785284672914,1785284672914,0,0.315,0,40
5273,1785284672916,1785284672916,0,0.295,0,40
5274,1785284672916,1785284672916,0,0.276,0,40
5275,1785284672917,1785284672916,1,0.322,0,40
5276,1785284672917,1785284672916,1,0.302,0,40
5277,1785284672917,1785284672916,1,0.283,0,40
5278,1785284672917,1785284672917,0,0.328,0,40
5279,1785284672917,1785284672917,0,0.307,0,40
5280,1785284672917,1785284672917,0,0.288,0,40
5281,1785284672917,1785284672917,0,0.270,0,40
5282,1785284672917,1785284672917,0,0.253,0,40
5283,1785284673045,1785284673044,1,0.300,0,40
5284,1785284673045,1785284673044,1,0.281,0,40
5285,1785284673045,1785284673045,0,0.326,0,40
5286,1785284673046,1785284673045,1,0.368,0,40
5287,1785284673046,1785284673046,0,0.408,0,40
5288,1785284673046,1785284673046,0,0.382,0,40
5289,1785284673046,1785284673046,0,0.358,0,40
5290,1785284673046,1785284673046,0,0.336,0,40
5291,1785284673046,1785284673046,0,0.315,0,40
5292,1785284673046,1785284673046,0,0.295,0,40
5293,1785284673046,1785284673046,0,0.277,0,40
5294,1785284673047,1785284673046,1,0.322,0,40
5295,1785284673172,1785284673172,0,0.364,0,40
5296,1785284673173,1785284673172,1,0.404,0,40
5297,1785284673173,1785284673172,1,0.379,0,40
5298,1785284673173,1785284673173,0,0.418,0,40
5299,1785284673173,1785284673173,0,0.392,0,40
5300,1785284673173,1785284673173,0,0.367,0,40
5301,1785284673173,1785284673173,0,0.344,0,40
5302,1785284673174,1785284673173,1,0.385,0,40
5303,1785284673174,1785284673173,1,0.361,0,40
5304,1785284673174,1785284673174,0,0.401,0,40
5305,1785284673174,1785284673174,0,0.376,0,40
5306,1785284673174,1785284673174,0,0.352,0,40
5307,1785284673174,1785284673174,0,0.330,0,40
5308,1785284673299,1785284673299,0,0.310,0,40
5309,1785284673300,1785284673299,1,0.353,0,40
5310,1785284673300,1785284673299,1,0.331,0,40
5311,1785284673300,1785284673300,0,0.373,0,40
5312,1785284673301,1785284673301,0,0.349,0,40
5313,1785284673301,1785284673301,0,0.328,0,40
5314,1785284673301,1785284673301,0,0.307,0,40
5315,1785284673302,1785284673301,1,0.350,0,40
5316,1785284673302,1785284673301,1,0.328,0,40
5317,1785284673302,1785284673302,0,0.370,0,40
5318,1785284673302,1785284673302,0,0.347,0,40
5319,1785284673302,1785284673302,0,0.326,0,40
5320,1785284673428,1785284673428,0,0.305,0,40
5321,1785284673428,1785284673428,0,0.286,0,40
5322,1785284673429,1785284673428,1,0.331,0,40
5323,1785284673429,1785284673428,1,0.310,0,40
5324,1785284673429,1785284673429,0,0.353,0,40
5325,1785284673429,1785284673429,0,0.331,0,40
5326,1785284673430,1785284673429,1,0.373,0,40
5327,1785284673430,1785284673430,0,0.412,0,40
5328,1785284673430,1785284673430,0,0.386,0,40
5329,1785284673430,1785284673430,0,0.362,0,40
5330,1785284673430,1785284673430,0,0.340,0,40
5331,1785284673430,1785284673430,0,0.318,0,40
5332,1785284673430,1785284673430,0,0.298,0,40
5333,1785284673430,1785284673430,0,0.280,0,40
5334,1785284673430,1785284673430,0,0.262,0,40
5335,1785284673431,1785284673430,1,0.308,0,40
5336,1785284673557,1785284673556,1,0.289,0,40
5337,1785284673557,1785284673556,1,0.271,0,40
5338,1785284673557,1785284673556,1,0.254,0,40
5339,1785284673558,1785284673557,1,0.238,0,40
5340,1785284673558,1785284673557,1,0.223,0,40
5341,1785284673558,1785284673558,0,0.272,0,40
5342,1785284673558,1785284673558,0,0.255,0,40
5343,1785284673558,1785284673558,0,0.239,0,40
5344,1785284673558,1785284673558,0,0.224,0,40
5345,1785284673684,1785284673684,0,0.210,0,40
5346,1785284673684,1785284673684,0,0.197,0,40
5347,1785284673684,1785284673684,0,0.185,0,40
5348,1785284673684,1785284673684,0,0.173,0,40
5349,1785284673686,1785284673684,2,0.287,0,40
5350,1785284673686,1785284673686,0,0.394,0,40
5351,1785284673687,1785284673686,1,0.432,0,40
5352,1785284673687,1785284673686,1,0.405,0,40
5353,1785284673687,1785284673686,1,0.380,0,40
5354,1785284673688,1785284673687,1,0.356,0,40
5355,1785284673688,1785284673687,1,0.334,0,40
5356,1785284673688,1785284673688,0,0.375,0,40
5357,1785284673688,1785284673688,0,0.352,0,40
5358,1785284673689,1785284673688,1,0.392,0,40
5359,1785284673689,1785284673689,0,0.430,0,40
5360,1785284673689,1785284673689,0,0.404,0,40
5361,1785284673815,1785284673815,0,0.378,0,40
5362,1785284673815,1785284673815,0,0.355,0,40
5363,1785284673815,1785284673815,0,0.333,0,40
5364,1785284673815,1785284673815,0,0.312,0,40
5365,1785284673815,1785284673815,0,0.292,0,40
5366,1785284673815,1785284673815,0,0.274,0,40
5367,1785284673815,1785284673815,0,0.257,0,40
5368,1785284673816,1785284673815,1,0.303,0,40
5369,1785284673816,1785284673816,0,0.347,0,40
5370,1785284673816,1785284673816,0,0.325,0,40
5371,1785284673816,1785284673816,0,0.305,0,40
5372,1785284673816,1785284673816,0,0.286,0,40
5373,1785284673941,1785284673941,0,0.268,0,40
5374,1785284673942,1785284673941,1,0.314,0,40
5375,1785284673942,1785284673941,1,0.294,0,40
5376,1785284673942,1785284673942,0,0.338,0,40
5377,1785284673942,1785284673942,0,0.317,0,40
5378,1785284673942,1785284673942,0,0.297,0,40
5379,1785284673943,1785284673943,0,0.279,0,40
5380,1785284673943,1785284673943,0,0.261,0,40
5381,1785284673943,1785284673943,0,0.245,0,40
5382,1785284673943,1785284673943,0,0.230,0,40
5383,1785284673944,1785284673943,1,0.278,0,40
5384,1785284673944,1785284673944,0,0.323,0,40
5385,1785284673947,1785284673944,3,0.490,0,40
5386,1785284674070,1785284674070,0,0.647,0,40
5387,1785284674071,1785284674070,1,0.669,0,40
5388,1785284674071,1785284674070,1,0.627,0,40
5389,1785284674071,1785284674071,0,0.651,0,40
5390,1785284674071,1785284674071,0,0.610,0,40
5391,1785284674072,1785284674072,0,0.572,0,40
5392,1785284674072,1785284674072,0,0.536,0,40
5393,1785284674072,1785284674072,0,0.503,0,40
5394,1785284674072,1785284674072,0,0.471,0,40
5395,1785284674072,1785284674072,0,0.442,0,40
5396,1785284674072,1785284674072,0,0.414,0,40
5397,1785284674072,1785284674072,0,0.388,0,40
5398,1785284674198,1785284674198,0,0.364,0,40
5399,1785284674198,1785284674198,0,0.341,0,40
5400,1785284674199,1785284674198,1,0.382,0,40
5401,1785284674199,1785284674198,1,0.358,0,40
5402,1785284674199,1785284674199,0,0.399,0,40
5403,1785284674199,1785284674199,0,0.374,0,40
5404,1785284674199,1785284674199,0,0.350,0,40
5405,1785284674199,1785284674199,0,0.328,0,40
5406,1785284674199,1785284674199,0,0.308,0,40
5407,1785284674199,1785284674199,0,0.289,0,40
5408,1785284674201,1785284674199,2,0.396,0,40
5409,1785284674201,1785284674201,0,0.496,0,40
5410,1785284674201,1785284674201,0,0.465,0,40
5411,1785284674327,1785284674326,1,0.498,0,40
5412,1785284674327,1785284674326,1,0.467,0,40
5413,1785284674327,1785284674326,1,0.438,0,40
5414,1785284674327,1785284674326,1,0.411,0,40
5415,1785284674327,1785284674327,0,0.447,0,40
5416,1785284674327,1785284674327,0,0.419,0,40
5417,1785284674327,1785284674327,0,0.393,0,40
5418,1785284674327,1785284674327,0,0.369,0,40
5419,1785284674327,1785284674327,0,0.346,0,40
5420,1785284674327,1785284674327,0,0.324,0,40
5421,1785284674327,1785284674327,0,0.304,0,40
5422,1785284674327,1785284674327,0,0.285,0,40
5423,1785284674452,1785284674452,0,0.267,0,40
5424,1785284674453,1785284674452,1,0.313,0,40
5425,1785284674453,1785284674453,0,0.356,0,40
5426,1785284674453,1785284674453,0,0.334,0,40
5427,1785284674453,1785284674453,0,0.313,0,40
5428,1785284674453,1785284674453,0,0.293,0,40
5429,1785284674453,1785284674453,0,0.275,0,40
5430,1785284674453,1785284674453,0,0.258,0,40
5431,1785284674453,1785284674453,0,0.242,0,40
5432,1785284674453,1785284674453,0,0.226,0,40
5433,1785284674454,1785284674453,1,0.275,0,40
5434,1785284674454,1785284674453,1,0.258,0,40
5435,1785284674454,1785284674454,0,0.304,0,40
5436,1785284674580,1785284674580,0,0.285,0,40
5437,1785284674580,1785284674580,0,0.267,0,40
5438,1785284674580,1785284674580,0,0.251,0,40
5439,1785284674580,1785284674580,0,0.235,0,40
5440,1785284674580,1785284674580,0,0.220,0,40
5441,1785284674580,1785284674580,0,0.206,0,40
5442,1785284674580,1785284674580,0,0.194,0,40
5443,1785284674580,1785284674580,0,0.181,0,40
5444,1785284674580,1785284674580,0,0.170,0,40
5445,1785284674580,1785284674580,0,0.159,0,40
5446,1785284674580,1785284674580,0,0.149,0,40
5447,1785284674580,1785284674580,0,0.140,0,40
5448,1785284674706,1785284674706,0,0.131,0,40
5449,1785284674706,1785284674706,0,0.123,0,40
5450,1785284674706,1785284674706,0,0.115,0,40
5451,1785284674706,1785284674706,0,0.108,0,40
5452,1785284674707,1785284674706,1,0.164,0,40
5453,1785284674707,1785284674707,0,0.216,0,40
5454,1785284674707,1785284674707,0,0.203,0,40
5455,1785284674707,1785284674707,0,0.190,0,40
5456,1785284674707,1785284674707,0,0.178,0,40
5457,1785284674708,1785284674708,0,0.167,0,40
5458,1785284674708,1785284674708,0,0.157,0,40
5459,1785284674708,1785284674708,0,0.147,0,40
5460,1785284674708,1785284674708,0,0.138,0,40
5461,1785284674833,1785284674833,0,0.129,0,40
5462,1785284674833,1785284674833,0,0.121,0,40
5463,1785284674833,1785284674833,0,0.113,0,40
5464,1785284674833,1785284674833,0,0.106,0,40
5465,1785284674833,1785284674833,0,0.100,0,40
5466,1785284674833,1785284674833,0,0.093,0,40
5467,1785284674834,1785284674833,1,0.150,0,40
5468,1785284674834,1785284674833,1,0.141,0,40
5469,1785284674834,1785284674833,1,0.132,0,40
5470,1785284674834,1785284674833,1,0.124,0,40
5471,1785284674834,1785284674834,0,0.178,0,40
5472,1785284674834,1785284674834,0,0.167,0,40
5473,1785284674960,1785284674960,0,0.157,0,40
5474,1785284674961,1785284674960,1,0.210,0,40
5475,1785284674961,1785284674960,1,0.196,0,40
5476,1785284674961,1785284674961,0,0.247,0,40
5477,1785284674961,1785284674961,0,0.231,0,40
5478,1785284674961,1785284674961,0,0.217,0,40
5479,1785284674961,1785284674961,0,0.203,0,40
5480,1785284674962,1785284674961,1,0.253,0,40
5481,1785284674962,1785284674962,0,0.300,0,40
5482,1785284674962,1785284674962,0,0.281,0,40
5483,1785284674962,1785284674962,0,0.263,0,40
5484,1785284674962,1785284674962,0,0.247,0,40
5485,1785284674963,1785284674962,1,0.294,0,40
5486,1785284674963,1785284674962,1,0.276,0,40
5487,1785284674963,1785284674962,1,0.258,0,40
5488,1785284674963,1785284674963,0,0.305,0,40
5489,1785284675088,1785284675088,0,0.286,0,40
5490,1785284675088,1785284675088,0,0.268,0,40
5491,1785284675088,1785284675088,0,0.251,0,40
5492,1785284675089,1785284675088,1,0.298,0,40
5493,1785284675089,1785284675088,1,0.279,0,40
5494,1785284675089,1785284675088,1,0.262,0,40
5495,1785284675089,1785284675089,0,0.308,0,40
5496,1785284675089,1785284675089,0,0.289,0,40
5497,1785284675089,1785284675089,0,0.271,0,40
5498,1785284675089,1785284675089,0,0.254,0,40
5499,1785284675089,1785284675089,0,0.238,0,40
5500,1785284675089,1785284675089,0,0.223,0,40
5501,1785284675113,1785284675113,0,0.209,0,0
5502,1785284675214,1785284675214,0,0.196,0,40
5503,1785284675216,1785284675214,2,0.309,0,40
5504,1785284675216,1785284675216,0,0.414,0,40
5505,1785284675216,1785284675216,0,0.389,0,40
5506,1785284675216,1785284675216,0,0.364,0,40
5507,1785284675216,1785284675216,0,0.342,0,40
5508,1785284675217,1785284675216,1,0.383,0,40
5509,1785284675217,1785284675217,0,0.421,0,40
5510,1785284675217,1785284675217,0,0.395,0,40
5511,1785284675217,1785284675217,0,0.370,0,40
5512,1785284675217,1785284675217,0,0.347,0,40
5513,1785284675217,1785284675217,0,0.325,0,40
5514,1785284675217,1785284675217,0,0.305,0,40
5515,1785284675343,1785284675343,0,0.286,0,40
5516,1785284675343,1785284675343,0,0.268,0,40
5517,1785284675344,1785284675343,1,0.314,0,40
5518,1785284675344,1785284675343,1,0.294,0,40
5519,1785284675344,1785284675343,1,0.276,0,40
5520,1785284675344,1785284675344,0,0.321,0,40
5521,1785284675344,1785284675344,0,0.301,0,40
5522,1785284675344,1785284675344,0,0.282,0,40
5523,1785284675344,1785284675344,0,0.265,0,40
5524,1785284675344,1785284675344,0,0.248,0,40
5525,1785284675346,1785284675344,2,0.358,0,40
5526,1785284675346,1785284675344,2,0.335,0,40
5527,1785284675471,1785284675471,0,0.439,0,40
5528,1785284675472,1785284675471,1,0.474,0,40
5529,1785284675472,1785284675472,0,0.507,0,40
5530,1785284675472,1785284675472,0,0.475,0,40
5531,1785284675472,1785284675472,0,0.446,0,40
5532,1785284675472,1785284675472,0,0.418,0,40
5533,1785284675472,1785284675472,0,0.392,0,40
5534,1785284675472,1785284675472,0,0.367,0,40
5535,1785284675472,1785284675472,0,0.344,0,40
5536,1785284675472,1785284675472,0,0.323,0,40
5537,1785284675474,1785284675472,2,0.428,0,40
5538,1785284675474,1785284675474,0,0.526,0,40
5539,1785284675474,1785284675474,0,0.493,0,40
5540,1785284675599,1785284675599,0,0.462,0,40
5541,1785284675599,1785284675599,0,0.433,0,40
5542,1785284675599,1785284675599,0,0.406,0,40
5543,1785284675599,1785284675599,0,0.381,0,40
5544,1785284675600,1785284675599,1,0.420,0,40
5545,1785284675600,1785284675599,1,0.393,0,40
5546,1785284675600,1785284675600,0,0.431,0,40
5547,1785284675600,1785284675600,0,0.404,0,40
5548,1785284675600,1785284675600,0,0.379,0,40
5549,1785284675600,1785284675600,0,0.355,0,40
5550,1785284675600,1785284675600,0,0.333,0,40
5551,1785284675600,1785284675600,0,0.312,0,40
5552,1785284675725,1785284675725,0,0.293,0,40
5553,1785284675725,1785284675725,0,0.274,0,40
5554,1785284675725,1785284675725,0,0.257,0,40
5555,1785284675725,1785284675725,0,0.241,0,40
5556,1785284675725,1785284675725,0,0.226,0,40
5557,1785284675726,1785284675725,1,0.275,0,40
5558,1785284675726,1785284675725,1,0.257,0,40
5559,1785284675726,1785284675725,1,0.241,0,40
5560,1785284675726,1785284675725,1,0.226,0,40
5561,1785284675726,1785284675726,0,0.275,0,40
5562,1785284675727,1785284675726,1,0.320,0,40
5563,1785284675727,1785284675726,1,0.300,0,40
5564,1785284675727,1785284675727,0,0.344,0,40
5565,1785284675852,1785284675852,0,0.322,0,40
5566,1785284675853,1785284675852,1,0.365,0,40
5567,1785284675853,1785284675852,1,0.342,0,40
5568,1785284675853,1785284675853,0,0.383,0,40
5569,1785284675853,1785284675853,0,0.359,0,40
5570,1785284675853,1785284675853,0,0.337,0,40
5571,1785284675854,1785284675854,0,0.316,0,40
5572,1785284675854,1785284675854,0,0.296,0,40
5573,1785284675854,1785284675854,0,0.277,0,40
5574,1785284675854,1785284675854,0,0.260,0,40
5575,1785284675854,1785284675854,0,0.244,0,40
5576,1785284675856,1785284675856,0,0.228,0,40
5577,1785284675981,1785284675981,0,0.214,0,40
5578,1785284675981,1785284675981,0,0.201,0,40
5579,1785284675981,1785284675981,0,0.188,0,40
5580,1785284675981,1785284675981,0,0.177,0,40
5581,1785284675981,1785284675981,0,0.165,0,40
5582,1785284675983,1785284675981,2,0.280,0,40
5583,1785284675983,1785284675981,2,0.263,0,40
5584,1785284675983,1785284675983,0,0.371,0,40
5585,1785284675983,1785284675983,0,0.348,0,40
5586,1785284675983,1785284675983,0,0.326,0,40
5587,1785284675983,1785284675983,0,0.306,0,40
5588,1785284675983,1785284675983,0,0.287,0,40
5589,1785284675983,1785284675983,0,0.269,0,40
5590,1785284676109,1785284676108,1,0.315,0,40
5591,1785284676109,1785284676109,0,0.357,0,40
5592,1785284676109,1785284676109,0,0.335,0,40
5593,1785284676109,1785284676109,0,0.314,0,40
5594,1785284676109,1785284676109,0,0.294,0,40
5595,1785284676109,1785284676109,0,0.276,0,40
5596,1785284676109,1785284676109,0,0.259,0,40
5597,1785284676109,1785284676109,0,0.243,0,40
5598,1785284676109,1785284676109,0,0.227,0,40
5599,1785284676110,1785284676110,0,0.213,0,40
5600,1785284676110,1785284676110,0,0.200,0,40
5601,1785284676110,1785284676110,0,0.187,0,40
5602,1785284676236,1785284676236,0,0.176,0,40
5603,1785284676236,1785284676236,0,0.165,0,40
5604,1785284676236,1785284676236,0,0.154,0,40
5605,1785284676236,1785284676236,0,0.145,0,40
5606,1785284676236,1785284676236,0,0.136,0,40
5607,1785284676236,1785284676236,0,0.127,0,40
5608,1785284676237,1785284676236,1,0.182,0,40
5609,1785284676237,1785284676237,0,0.233,0,40
5610,1785284676237,1785284676237,0,0.218,0,40
5611,1785284676237,1785284676237,0,0.205,0,40
5612,1785284676237,1785284676237,0,0.192,0,40
5613,1785284676237,1785284676237,0,0.180,0,40
5614,1785284676238,1785284676237,1,0.231,0,40
5615,1785284676238,1785284676238,0,0.279,0,40
5616,1785284676238,1785284676238,0,0.262,0,40
5617,1785284676238,1785284676238,0,0.245,0,40
5618,1785284676363,1785284676363,0,0.230,0,40
5619,1785284676363,1785284676363,0,0.216,0,40
5620,1785284676363,1785284676363,0,0.202,0,40
5621,1785284676364,1785284676363,1,0.252,0,40
5622,1785284676364,1785284676363,1,0.236,0,40
5623,1785284676364,1785284676364,0,0.284,0,40
5624,1785284676364,1785284676364,0,0.266,0,40
5625,1785284676364,1785284676364,0,0.250,0,40
5626,1785284676364,1785284676364,0,0.234,0,40
5627,1785284676490,1785284676490,0,0.219,0,40
5628,1785284676491,1785284676490,1,0.268,0,40
5629,1785284676491,1785284676490,1,0.251,0,40
5630,1785284676491,1785284676491,0,0.298,0,40
5631,1785284676491,1785284676491,0,0.280,0,40
5632,1785284676492,1785284676491,1,0.325,0,40
5633,1785284676492,1785284676491,1,0.304,0,40
5634,1785284676492,1785284676492,0,0.348,0,40
5635,1785284676492,1785284676492,0,0.326,0,40
5636,1785284676492,1785284676492,0,0.306,0,40
5637,1785284676492,1785284676492,0,0.287,0,40
5638,1785284676493,1785284676492,1,0.331,0,40
5639,1785284676493,1785284676493,0,0.373,0,40
5640,1785284676618,1785284676618,0,0.350,0,40
5641,1785284676619,1785284676618,1,0.390,0,40
5642,1785284676619,1785284676619,0,0.428,0,40
5643,1785284676619,1785284676619,0,0.402,0,40
5644,1785284676619,1785284676619,0,0.377,0,40
5645,1785284676619,1785284676619,0,0.353,0,40
5646,1785284676620,1785284676620,0,0.331,0,40
5647,1785284676620,1785284676620,0,0.310,0,40
5648,1785284676620,1785284676620,0,0.291,0,40
5649,1785284676620,1785284676620,0,0.273,0,40
5650,1785284676620,1785284676620,0,0.256,0,40
5651,1785284676621,1785284676621,0,0.240,0,40
5652,1785284676621,1785284676621,0,0.225,0,40
5653,1785284676621,1785284676621,0,0.211,0,40
5654,1785284676621,1785284676621,0,0.197,0,40
5655,1785284676621,1785284676621,0,0.185,0,40
5656,1785284676747,1785284676747,0,0.174,0,40
5657,1785284676748,1785284676747,1,0.225,0,40
5658,1785284676748,1785284676748,0,0.274,0,40
5659,1785284676748,1785284676748,0,0.257,0,40
5660,1785284676749,1785284676749,0,0.241,0,40
5661,1785284676749,1785284676749,0,0.225,0,40
5662,1785284676750,1785284676749,1,0.274,0,40
5663,1785284676750,1785284676750,0,0.319,0,40
5664,1785284676750,1785284676750,0,0.299,0,40
5665,1785284676750,1785284676750,0,0.281,0,40
5666,1785284676751,1785284676750,1,0.326,0,40
5667,1785284676751,1785284676751,0,0.368,0,40
5668,1785284676878,1785284676878,0,0.345,0,40
5669,1785284676878,1785284676878,0,0.323,0,40
5670,1785284676878,1785284676878,0,0.303,0,40
5671,1785284676878,1785284676878,0,0.284,0,40
5672,1785284676878,1785284676878,0,0.266,0,40
5673,1785284676878,1785284676878,0,0.250,0,40
5674,1785284676878,1785284676878,0,0.234,0,40
5675,1785284676879,1785284676878,1,0.282,0,40
5676,1785284676879,1785284676878,1,0.264,0,40
5677,1785284676879,1785284676879,0,0.310,0,40
5678,1785284676879,1785284676879,0,0.291,0,40
5679,1785284676879,1785284676879,0,0.273,0,40
5680,1785284676879,1785284676879,0,0.256,0,40
5681,1785284677004,1785284677004,0,0.240,0,40
5682,1785284677004,1785284677004,0,0.225,0,40
5683,1785284677004,1785284677004,0,0.211,0,40
5684,1785284677004,1785284677004,0,0.197,0,40
5685,1785284677004,1785284677004,0,0.185,0,40
5686,1785284677006,1785284677006,0,0.174,0,40
5687,1785284677006,1785284677006,0,0.163,0,40
5688,1785284677006,1785284677006,0,0.153,0,40
5689,1785284677006,1785284677006,0,0.143,0,40
5690,1785284677006,1785284677006,0,0.134,0,40
5691,1785284677006,1785284677006,0,0.126,0,40
5692,1785284677006,1785284677006,0,0.118,0,40
5693,1785284677131,1785284677131,0,0.110,0,40
5694,1785284677132,1785284677131,1,0.166,0,40
5695,1785284677132,1785284677131,1,0.156,0,40
5696,1785284677132,1785284677132,0,0.208,0,40
5697,1785284677132,1785284677132,0,0.195,0,40
5698,1785284677132,1785284677132,0,0.183,0,40
5699,1785284677132,1785284677132,0,0.172,0,40
5700,1785284677133,1785284677132,1,0.224,0,40
5701,1785284677133,1785284677132,1,0.210,0,40
5702,1785284677133,1785284677132,1,0.196,0,40
5703,1785284677133,1785284677133,0,0.247,0,40
5704,1785284677133,1785284677133,0,0.231,0,40
5705,1785284677133,1785284677133,0,0.217,0,40
5706,1785284677259,1785284677259,0,0.203,0,40
5707,1785284677259,1785284677259,0,0.191,0,40
5708,1785284677259,1785284677259,0,0.179,0,40
5709,1785284677259,1785284677259,0,0.167,0,40
5710,1785284677260,1785284677259,1,0.220,0,40
5711,1785284677260,1785284677259,1,0.206,0,40
5712,1785284677260,1785284677260,0,0.255,0,40
5713,1785284677260,1785284677260,0,0.239,0,40
5714,1785284677260,1785284677260,0,0.225,0,40
5715,1785284677260,1785284677260,0,0.210,0,40
5716,1785284677260,1785284677260,0,0.197,0,40
5717,1785284677260,1785284677260,0,0.185,0,40
5718,1785284677388,1785284677388,0,0.173,0,40
5719,1785284677388,1785284677388,0,0.163,0,40
5720,1785284677388,1785284677388,0,0.152,0,40
5721,1785284677388,1785284677388,0,0.143,0,40
5722,1785284677388,1785284677388,0,0.134,0,40
5723,1785284677388,1785284677388,0,0.126,0,40
5724,1785284677389,1785284677388,1,0.180,0,40
5725,1785284677389,1785284677389,0,0.231,0,40
5726,1785284677389,1785284677389,0,0.217,0,40
5727,1785284677389,1785284677389,0,0.203,0,40
5728,1785284677389,1785284677389,0,0.191,0,40
5729,1785284677389,1785284677389,0,0.179,0,40
5730,1785284677389,1785284677389,0,0.168,0,40
5731,1785284677514,1785284677514,0,0.157,0,40
5732,1785284677514,1785284677514,0,0.147,0,40
5733,1785284677514,1785284677514,0,0.138,0,40
5734,1785284677516,1785284677514,2,0.254,0,40
5735,1785284677516,1785284677514,2,0.239,0,40
5736,1785284677516,1785284677516,0,0.349,0,40
5737,1785284677516,1785284677516,0,0.327,0,40
5738,1785284677516,1785284677516,0,0.306,0,40
5739,1785284677516,1785284677516,0,0.287,0,40
5740,1785284677516,1785284677516,0,0.269,0,40
5741,1785284677516,1785284677516,0,0.253,0,40
5742,1785284677516,1785284677516,0,0.237,0,40
5743,1785284677642,1785284677642,0,0.222,0,40
5744,1785284677643,1785284677642,1,0.271,0,40
5745,1785284677643,1785284677642,1,0.254,0,40
5746,1785284677643,1785284677642,1,0.238,0,40
5747,1785284677643,1785284677643,0,0.285,0,40
5748,1785284677643,1785284677643,0,0.268,0,40
5749,1785284677643,1785284677643,0,0.251,0,40
5750,1785284677643,1785284677643,0,0.235,0,40
5751,1785284677643,1785284677643,0,0.220,0,40
5752,1785284677643,1785284677643,0,0.207,0,40
5753,1785284677643,1785284677643,0,0.194,0,40
5754,1785284677644,1785284677643,1,0.244,0,40
5755,1785284677644,1785284677643,1,0.229,0,40
5756,1785284677768,1785284677768,0,0.277,0,40
5757,1785284677768,1785284677768,0,0.260,0,40
5758,1785284677768,1785284677768,0,0.244,0,40
5759,1785284677768,1785284677768,0,0.228,0,40
5760,1785284677768,1785284677768,0,0.214,0,40
5761,1785284677768,1785284677768,0,0.201,0,40
5762,1785284677768,1785284677768,0,0.188,0,40
5763,1785284677768,1785284677768,0,0.176,0,40
5764,1785284677768,1785284677768,0,0.165,0,40
5765,1785284677768,1785284677768,0,0.155,0,40
5766,1785284677769,1785284677768,1,0.208,0,40
5767,1785284677769,1785284677769,0,0.257,0,40
5768,1785284677894,1785284677894,0,0.241,0,40
5769,1785284677894,1785284677894,0,0.226,0,40
5770,1785284677894,1785284677894,0,0.212,0,40
5771,1785284677894,1785284677894,0,0.199,0,40
5772,1785284677896,1785284677894,2,0.311,0,40
5773,1785284677896,1785284677896,0,0.417,0,40
5774,1785284677896,1785284677896,0,0.391,0,40
5775,1785284677896,1785284677896,0,0.366,0,40
5776,1785284677896,1785284677896,0,0.344,0,40
5777,1785284677896,1785284677896,0,0.322,0,40
5778,1785284677896,1785284677896,0,0.302,0,40
5779,1785284677897,1785284677896,1,0.346,0,40
5780,1785284677897,1785284677897,0,0.386,0,40
5781,1785284678024,1785284678022,2,0.487,0,40
5782,1785284678024,1785284678022,2,0.457,0,40
5783,1785284678024,1785284678022,2,0.428,0,40
5784,1785284678025,1785284678024,1,0.464,0,40
5785,1785284678026,1785284678025,1,0.435,0,40
5786,1785284678026,1785284678025,1,0.408,0,40
5787,1785284678026,1785284678025,1,0.382,0,40
5788,1785284678026,1785284678026,0,0.421,0,40
5789,1785284678026,1785284678026,0,0.395,0,40
5790,1785284678026,1785284678026,0,0.370,0,40
5791,1785284678026,1785284678026,0,0.347,0,40
5792,1785284678026,1785284678026,0,0.325,0,40
5793,1785284678151,1785284678151,0,0.305,0,40
5794,1785284678151,1785284678151,0,0.286,0,40
5795,1785284678151,1785284678151,0,0.268,0,40
5796,1785284678151,1785284678151,0,0.251,0,40
5797,1785284678151,1785284678151,0,0.235,0,40
5798,1785284678151,1785284678151,0,0.221,0,40
5799,1785284678151,1785284678151,0,0.207,0,40
5800,1785284678151,1785284678151,0,0.194,0,40
5801,1785284678151,1785284678151,0,0.182,0,40
5802,1785284678152,1785284678151,1,0.233,0,40
5803,1785284678152,1785284678152,0,0.281,0,40
5804,1785284678152,1785284678152,0,0.263,0,40
5805,1785284678152,1785284678152,0,0.247,0,40
5806,1785284678153,1785284678152,1,0.294,0,40
5807,1785284678153,1785284678152,1,0.276,0,40
5808,1785284678153,1785284678153,0,0.321,0,40
5809,1785284678280,1785284678280,0,0.301,0,40
5810,1785284678281,1785284678280,1,0.345,0,40
5811,1785284678281,1785284678280,1,0.323,0,40
5812,1785284678281,1785284678281,0,0.365,0,40
5813,1785284678281,1785284678281,0,0.342,0,40
5814,1785284678281,1785284678281,0,0.321,0,40
5815,1785284678281,1785284678281,0,0.301,0,40
5816,1785284678281,1785284678281,0,0.282,0,40
5817,1785284678281,1785284678281,0,0.265,0,40
5818,1785284678281,1785284678281,0,0.248,0,40
5819,1785284678281,1785284678281,0,0.233,0,40
5820,1785284678282,1785284678281,1,0.280,0,40
5821,1785284678409,1785284678408,1,0.263,0,40
5822,1785284678409,1785284678408,1,0.247,0,40
5823,1785284678409,1785284678408,1,0.231,0,40
5824,1785284678409,1785284678409,0,0.279,0,40
5825,1785284678409,1785284678409,0,0.262,0,40
5826,1785284678409,1785284678409,0,0.245,0,40
5827,1785284678409,1785284678409,0,0.230,0,40
5828,1785284678409,1785284678409,0,0.216,0,40
5829,1785284678409,1785284678409,0,0.202,0,40
5830,1785284678409,1785284678409,0,0.190,0,40
5831,1785284678409,1785284678409,0,0.178,0,40
5832,1785284678409,1785284678409,0,0.167,0,40
5833,1785284678409,1785284678409,0,0.156,0,40
5834,1785284678536,1785284678536,0,0.146,0,40
5835,1785284678536,1785284678536,0,0.137,0,40
5836,1785284678536,1785284678536,0,0.129,0,40
5837,1785284678536,1785284678536,0,0.121,0,40
5838,1785284678536,1785284678536,0,0.113,0,40
5839,1785284678537,1785284678537,0,0.106,0,40
5840,1785284678537,1785284678537,0,0.099,0,40
5841,1785284678537,1785284678537,0,0.093,0,40
5842,1785284678537,1785284678537,0,0.087,0,40
5843,1785284678537,1785284678537,0,0.082,0,40
5844,1785284678538,1785284678537,1,0.139,0,40
5845,1785284678538,1785284678538,0,0.193,0,40
5846,1785284678664,1785284678664,0,0.181,0,40
5847,1785284678664,1785284678664,0,0.170,0,40
5848,1785284678664,1785284678664,0,0.159,0,40
5849,1785284678664,1785284678664,0,0.149,0,40
5850,1785284678664,1785284678664,0,0.140,0,40
5851,1785284678664,1785284678664,0,0.131,0,40
5852,1785284678666,1785284678666,0,0.123,0,40
5853,1785284678666,1785284678666,0,0.115,0,40
5854,1785284678666,1785284678666,0,0.108,0,40
5855,1785284678666,1785284678666,0,0.101,0,40
5856,1785284678666,1785284678666,0,0.095,0,40
5857,1785284678666,1785284678666,0,0.089,0,40
5858,1785284678667,1785284678666,1,0.146,0,40
5859,1785284678792,1785284678792,0,0.199,0,40
5860,1785284678792,1785284678792,0,0.187,0,40
5861,1785284678792,1785284678792,0,0.175,0,40
5862,1785284678793,1785284678792,1,0.227,0,40
5863,1785284678793,1785284678793,0,0.275,0,40
5864,1785284678793,1785284678793,0,0.258,0,40
5865,1785284678793,1785284678793,0,0.242,0,40
5866,1785284678793,1785284678793,0,0.227,0,40
5867,1785284678793,1785284678793,0,0.212,0,40
5868,1785284678793,1785284678793,0,0.199,0,40
5869,1785284678793,1785284678793,0,0.187,0,40
5870,1785284678794,1785284678793,1,0.238,0,40
5871,1785284678918,1785284678918,0,0.285,0,40
5872,1785284678918,1785284678918,0,0.267,0,40
5873,1785284678919,1785284678918,1,0.313,0,40
5874,1785284678919,1785284678919,0,0.356,0,40
5875,1785284678919,1785284678919,0,0.334,0,40
5876,1785284678919,1785284678919,0,0.313,0,40
5877,1785284678919,1785284678919,0,0.293,0,40
5878,1785284678919,1785284678919,0,0.275,0,40
5879,1785284678919,1785284678919,0,0.258,0,40
5880,1785284678919,1785284678919,0,0.242,0,40
5881,1785284678920,1785284678919,1,0.289,0,40
5882,1785284678920,1785284678920,0,0.334,0,40
5883,1785284678920,1785284678920,0,0.313,0,40
5884,1785284679046,1785284679046,0,0.293,0,40
5885,1785284679046,1785284679046,0,0.275,0,40
5886,1785284679048,1785284679048,0,0.258,0,40
5887,1785284679048,1785284679048,0,0.242,0,40
5888,1785284679048,1785284679048,0,0.226,0,40
5889,1785284679048,1785284679048,0,0.212,0,40
5890,1785284679049,1785284679049,0,0.199,0,40
5891,1785284679049,1785284679049,0,0.187,0,40
5892,1785284679049,1785284679049,0,0.175,0,40
5893,1785284679050,1785284679049,1,0.227,0,40
5894,1785284679050,1785284679050,0,0.275,0,40
5895,1785284679050,1785284679050,0,0.258,0,40
5896,1785284679176,1785284679176,0,0.242,0,40
5897,1785284679176,1785284679176,0,0.226,0,40
5898,1785284679176,1785284679176,0,0.212,0,40
5899,1785284679176,1785284679176,0,0.199,0,40
5900,1785284679177,1785284679176,1,0.249,0,40
5901,1785284679177,1785284679176,1,0.234,0,40
5902,1785284679177,1785284679177,0,0.281,0,40
5903,1785284679177,1785284679177,0,0.264,0,40
5904,1785284679178,1785284679177,1,0.310,0,40
5905,1785284679178,1785284679178,0,0.353,0,40
5906,1785284679178,1785284679178,0,0.331,0,40
5907,1785284679178,1785284679178,0,0.310,0,40
5908,1785284679178,1785284679178,0,0.291,0,40
5909,1785284679303,1785284679303,0,0.273,0,40
5910,1785284679303,1785284679303,0,0.256,0,40
5911,1785284679303,1785284679303,0,0.240,0,40
5912,1785284679303,1785284679303,0,0.225,0,40
5913,1785284679303,1785284679303,0,0.211,0,40
5914,1785284679303,1785284679303,0,0.197,0,40
5915,1785284679303,1785284679303,0,0.185,0,40
5916,1785284679303,1785284679303,0,0.174,0,40
5917,1785284679303,1785284679303,0,0.163,0,40
5918,1785284679303,1785284679303,0,0.153,0,40
5919,1785284679303,1785284679303,0,0.143,0,40
5920,1785284679303,1785284679303,0,0.134,0,40
5921,1785284679429,1785284679428,1,0.188,0,40
5922,1785284679429,1785284679429,0,0.239,0,40
5923,1785284679429,1785284679429,0,0.224,0,40
5924,1785284679429,1785284679429,0,0.210,0,40
5925,1785284679429,1785284679429,0,0.197,0,40
5926,1785284679429,1785284679429,0,0.185,0,40
5927,1785284679429,1785284679429,0,0.173,0,40
5928,1785284679429,1785284679429,0,0.162,0,40
5929,1785284679429,1785284679429,0,0.152,0,40
5930,1785284679430,1785284679429,1,0.205,0,40
5931,1785284679430,1785284679429,1,0.192,0,40
5932,1785284679430,1785284679430,0,0.243,0,40
5933,1785284679430,1785284679430,0,0.228,0,40
5934,1785284679430,1785284679430,0,0.213,0,40
5935,1785284679430,1785284679430,0,0.200,0,40
5936,1785284679430,1785284679430,0,0.188,0,40
5937,1785284679557,1785284679557,0,0.176,0,40
5938,1785284679557,1785284679557,0,0.165,0,40
5939,1785284679558,1785284679557,1,0.217,0,40
5940,1785284679558,1785284679557,1,0.203,0,40
5941,1785284679558,1785284679558,0,0.253,0,40
5942,1785284679558,1785284679558,0,0.237,0,40
5943,1785284679558,1785284679558,0,0.223,0,40
5944,1785284679558,1785284679558,0,0.209,0,40
5945,1785284679558,1785284679558,0,0.196,0,40
5946,1785284679684,1785284679683,1,0.246,0,40
5947,1785284679684,1785284679683,1,0.231,0,40
5948,1785284679684,1785284679684,0,0.279,0,40
5949,1785284679684,1785284679684,0,0.261,0,40
5950,1785284679684,1785284679684,0,0.245,0,40
5951,1785284679686,1785284679686,0,0.230,0,40
5952,1785284679686,1785284679686,0,0.215,0,40
5953,1785284679687,1785284679686,1,0.264,0,40
5954,1785284679687,1785284679687,0,0.310,0,40
5955,1785284679688,1785284679687,1,0.353,0,40
5956,1785284679688,1785284679688,0,0.394,0,40
5957,1785284679688,1785284679688,0,0.369,0,40
5958,1785284679689,1785284679688,1,0.409,0,40
5959,1785284679689,1785284679689,0,0.446,0,40
5960,1785284679689,1785284679689,0,0.418,0,40
5961,1785284679689,1785284679689,0,0.392,0,40
5962,1785284679817,1785284679814,3,0.555,0,40
5963,1785284679818,1785284679817,1,0.645,0,40
5964,1785284679818,1785284679818,0,0.667,0,40
5965,1785284679818,1785284679818,0,0.625,0,40
5966,1785284679818,1785284679818,0,0.586,0,40
5967,1785284679818,1785284679818,0,0.550,0,40
5968,1785284679818,1785284679818,0,0.515,0,40
5969,1785284679818,1785284679818,0,0.483,0,40
5970,1785284679818,1785284679818,0,0.453,0,40
5971,1785284679819,1785284679818,1,0.487,0,40
5972,1785284679819,1785284679819,0,0.519,0,40
5973,1785284679819,1785284679819,0,0.487,0,40
5974,1785284679946,1785284679944,2,0.581,0,40
5975,1785284679946,1785284679946,0,0.670,0,40
5976,1785284679947,1785284679947,0,0.628,0,40
5977,1785284679947,1785284679947,0,0.589,0,40
5978,1785284679948,1785284679947,1,0.615,0,40
5979,1785284679948,1785284679947,1,0.576,0,40
5980,1785284679948,1785284679947,1,0.540,0,40
5981,1785284679948,1785284679948,0,0.569,0,40
5982,1785284679949,1785284679948,1,0.596,0,40
5983,1785284679949,1785284679949,0,0.621,0,40
5984,1785284679950,1785284679949,1,0.645,0,40
5985,1785284679950,1785284679950,0,0.667,0,40
5986,1785284679950,1785284679950,0,0.625,0,40
5987,1785284680077,1785284680076,1,0.649,0,40
5988,1785284680077,1785284680077,0,0.671,0,40
5989,1785284680077,1785284680077,0,0.629,0,40
5990,1785284680077,1785284680077,0,0.589,0,40
5991,1785284680078,1785284680077,1,0.615,0,40
5992,1785284680078,1785284680078,0,0.639,0,40
5993,1785284680078,1785284680078,0,0.599,0,40
5994,1785284680078,1785284680078,0,0.562,0,40
5995,1785284680078,1785284680078,0,0.527,0,40
5996,1785284680078,1785284680078,0,0.494,0,40
5997,1785284680078,1785284680078,0,0.463,0,40
5998,1785284680078,1785284680078,0,0.434,0,40
5999,1785284680106,1785284680106,0,0.407,0,0
6000,1785284680203,1785284680203,0,0.381,0,40
6001,1785284680203,1785284680203,0,0.358,0,40
6002,1785284680203,1785284680203,0,0.335,0,40
6003,1785284680203,1785284680203,0,0.314,0,40
6004,1785284680203,1785284680203,0,0.295,0,40
6005,1785284680203,1785284680203,0,0.276,0,40
6006,1785284680203,1785284680203,0,0.259,0,40
6007,1785284680203,1785284680203,0,0.243,0,40
6008,1785284680203,1785284680203,0,0.228,0,40
6009,1785284680203,1785284680203,0,0.213,0,40
6010,1785284680203,1785284680203,0,0.200,0,40
6011,1785284680205,1785284680203,2,0.313,0,40
6012,1785284680205,1785284680203,2,0.293,0,40
6013,1785284680331,1785284680331,0,0.400,0,40
6014,1785284680331,1785284680331,0,0.375,0,40
6015,1785284680331,1785284680331,0,0.351,0,40
6016,1785284680331,1785284680331,0,0.329,0,40
6017,1785284680331,1785284680331,0,0.309,0,40
6018,1785284680331,1785284680331,0,0.289,0,40
6019,1785284680331,1785284680331,0,0.271,0,40
6020,1785284680331,1785284680331,0,0.254,0,40
6021,1785284680332,1785284680331,1,0.301,0,40
6022,1785284680332,1785284680332,0,0.345,0,40
6023,1785284680332,1785284680332,0,0.323,0,40
6024,1785284680332,1785284680332,0,0.303,0,40
6025,1785284680458,1785284680457,1,0.347,0,40
6026,1785284680458,1785284680458,0,0.387,0,40
6027,1785284680458,1785284680458,0,0.363,0,40
6028,1785284680458,1785284680458,0,0.340,0,40
6029,1785284680459,1785284680458,1,0.382,0,40
6030,1785284680459,1785284680458,1,0.358,0,40
6031,1785284680459,1785284680459,0,0.398,0,40
6032,1785284680459,1785284680459,0,0.373,0,40
6033,1785284680459,1785284680459,0,0.350,0,40
6034,1785284680459,1785284680459,0,0.328,0,40
6035,1785284680459,1785284680459,0,0.307,0,40
6036,1785284680459,1785284680459,0,0.288,0,40
6037,1785284680459,1785284680459,0,0.270,0,40
6038,1785284680459,1785284680459,0,0.253,0,40
6039,1785284680460,1785284680460,0,0.237,0,40
6040,1785284680460,1785284680460,0,0.223,0,40
6041,1785284680586,1785284680586,0,0.209,0,40
6042,1785284680586,1785284680586,0,0.196,0,40
6043,1785284680586,1785284680586,0,0.183,0,40
6044,1785284680586,1785284680586,0,0.172,0,40
6045,1785284680586,1785284680586,0,0.161,0,40
6046,1785284680587,1785284680586,1,0.214,0,40
6047,1785284680587,1785284680587,0,0.263,0,40
6048,1785284680587,1785284680587,0,0.246,0,40
6049,1785284680587,1785284680587,0,0.231,0,40
6050,1785284680712,1785284680712,0,0.217,0,40
6051,1785284680712,1785284680712,0,0.203,0,40
6052,1785284680712,1785284680712,0,0.190,0,40
6053,1785284680712,1785284680712,0,0.178,0,40
6054,1785284680712,1785284680712,0,0.167,0,40
6055,1785284680712,1785284680712,0,0.157,0,40
6056,1785284680713,1785284680712,1,0.210,0,40
6057,1785284680713,1785284680712,1,0.196,0,40
6058,1785284680713,1785284680713,0,0.247,0,40
6059,1785284680713,1785284680713,0,0.231,0,40
6060,1785284680713,1785284680713,0,0.217,0,40
6061,1785284680713,1785284680713,0,0.203,0,40
6062,1785284680713,1785284680713,0,0.191,0,40
6063,1785284680713,1785284680713,0,0.179,0,40
6064,1785284680713,1785284680713,0,0.167,0,40
6065,1785284680713,1785284680713,0,0.157,0,40
6066,1785284680839,1785284680839,0,0.147,0,40
6067,1785284680839,1785284680839,0,0.138,0,40
6068,1785284680839,1785284680839,0,0.129,0,40
6069,1785284680839,1785284680839,0,0.121,0,40
6070,1785284680839,1785284680839,0,0.114,0,40
6071,1785284680839,1785284680839,0,0.107,0,40
6072,1785284680839,1785284680839,0,0.100,0,40
6073,1785284680839,1785284680839,0,0.094,0,40
6074,1785284680839,1785284680839,0,0.088,0,40
6075,1785284680839,1785284680839,0,0.082,0,40
6076,1785284680839,1785284680839,0,0.077,0,40
6077,1785284680839,1785284680839,0,0.072,0,40
6078,1785284680964,1785284680964,0,0.068,0,40
6079,1785284680964,1785284680964,0,0.064,0,40
6080,1785284680964,1785284680964,0,0.060,0,40
6081,1785284680964,1785284680964,0,0.056,0,40
6082,1785284680966,1785284680964,2,0.177,0,40
6083,1785284680966,1785284680966,0,0.291,0,40
6084,1785284680966,1785284680966,0,0.273,0,40
6085,1785284680967,1785284680966,1,0.319,0,40
6086,1785284680968,1785284680966,2,0.361,0,40
6087,1785284680968,1785284680967,1,0.401,0,40
6088,1785284680968,1785284680968,0,0.438,0,40
6089,1785284680968,1785284680968,0,0.411,0,40
6090,1785284680969,1785284680969,0,0.385,0,40
6091,1785284681094,1785284681094,0,0.361,0,40
6092,1785284681094,1785284681094,0,0.339,0,40
6093,1785284681094,1785284681094,0,0.318,0,40
6094,1785284681094,1785284681094,0,0.298,0,40
6095,1785284681094,1785284681094,0,0.279,0,40
6096,1785284681094,1785284681094,0,0.262,0,40
6097,1785284681094,1785284681094,0,0.245,0,40
6098,1785284681094,1785284681094,0,0.230,0,40
6099,1785284681096,1785284681096,0,0.216,0,40
6100,1785284681096,1785284681096,0,0.202,0,40
6101,1785284681096,1785284681096,0,0.189,0,40
6102,1785284681096,1785284681096,0,0.178,0,40
6103,1785284681221,1785284681221,0,0.167,0,40
6104,1785284681221,1785284681221,0,0.156,0,40
6105,1785284681221,1785284681221,0,0.146,0,40
6106,1785284681221,1785284681221,0,0.137,0,40
6107,1785284681221,1785284681221,0,0.129,0,40
6108,1785284681221,1785284681221,0,0.121,0,40
6109,1785284681221,1785284681221,0,0.113,0,40
6110,1785284681221,1785284681221,0,0.106,0,40
6111,1785284681221,1785284681221,0,0.099,0,40
6112,1785284681221,1785284681221,0,0.093,0,40
6113,1785284681223,1785284681223,0,0.087,0,40
6114,1785284681223,1785284681223,0,0.082,0,40
6115,1785284681223,1785284681223,0,0.077,0,40
6116,1785284681349,1785284681348,1,0.134,0,40
6117,1785284681349,1785284681348,1,0.126,0,40
6118,1785284681349,1785284681349,0,0.181,0,40
6119,1785284681349,1785284681349,0,0.169,0,40
6120,1785284681349,1785284681349,0,0.159,0,40
6121,1785284681349,1785284681349,0,0.149,0,40
6122,1785284681349,1785284681349,0,0.140,0,40
6123,1785284681349,1785284681349,0,0.131,0,40
6124,1785284681349,1785284681349,0,0.123,0,40
6125,1785284681350,1785284681349,1,0.178,0,40
6126,1785284681350,1785284681349,1,0.166,0,40
6127,1785284681350,1785284681350,0,0.219,0,40
6128,1785284681476,1785284681476,0,0.205,0,40
6129,1785284681476,1785284681476,0,0.192,0,40
6130,1785284681476,1785284681476,0,0.180,0,40
6131,1785284681476,1785284681476,0,0.169,0,40
6132,1785284681476,1785284681476,0,0.158,0,40
6133,1785284681477,1785284681477,0,0.148,0,40
6134,1785284681477,1785284681477,0,0.139,0,40
6135,1785284681477,1785284681477,0,0.130,0,40
6136,1785284681477,1785284681477,0,0.122,0,40
6137,1785284681478,1785284681477,1,0.177,0,40
6138,1785284681478,1785284681477,1,0.166,0,40
6139,1785284681479,1785284681478,1,0.156,0,40
6140,1785284681479,1785284681478,1,0.146,0,40
6141,1785284681606,1785284681604,2,0.199,0,40
6142,1785284681606,1785284681606,0,0.312,0,40
6143,1785284681607,1785284681607,0,0.292,0,40
6144,1785284681608,1785284681607,1,0.337,0,40
6145,1785284681608,1785284681608,0,0.378,0,40
6146,1785284681608,1785284681608,0,0.354,0,40
6147,1785284681609,1785284681608,1,0.395,0,40
6148,1785284681609,1785284681609,0,0.433,0,40
6149,1785284681609,1785284681609,0,0.406,0,40
6150,1785284681609,1785284681609,0,0.380,0,40
6151,1785284681609,1785284681609,0,0.356,0,40
6152,1785284681609,1785284681609,0,0.334,0,40
6153,1785284681735,1785284681735,0,0.313,0,40
6154,1785284681736,1785284681735,1,0.356,0,40
6155,1785284681737,1785284681736,1,0.334,0,40
6156,1785284681737,1785284681737,0,0.376,0,40
6157,1785284681737,1785284681737,0,0.352,0,40
6158,1785284681737,1785284681737,0,0.330,0,40
6159,1785284681737,1785284681737,0,0.309,0,40
6160,1785284681737,1785284681737,0,0.290,0,40
6161,1785284681737,1785284681737,0,0.272,0,40
6162,1785284681737,1785284681737,0,0.255,0,40
6163,1785284681737,1785284681737,0,0.239,0,40
6164,1785284681737,1785284681737,0,0.224,0,40
6165,1785284681738,1785284681737,1,0.273,0,40
6166,1785284681864,1785284681863,1,0.256,0,40
6167,1785284681864,1785284681863,1,0.240,0,40
6168,1785284681864,1785284681863,1,0.225,0,40
6169,1785284681864,1785284681863,1,0.211,0,40
6170,1785284681864,1785284681864,0,0.260,0,40
6171,1785284681865,1785284681864,1,0.306,0,40
6172,1785284681865,1785284681865,0,0.350,0,40
6173,1785284681865,1785284681865,0,0.328,0,40
6174,1785284681865,1785284681865,0,0.307,0,40
6175,1785284681865,1785284681865,0,0.288,0,40
6176,1785284681866,1785284681866,0,0.270,0,40
6177,1785284681866,1785284681866,0,0.253,0,40
6178,1785284681991,1785284681991,0,0.237,0,40
6179,1785284681991,1785284681991,0,0.222,0,40
6180,1785284681991,1785284681991,0,0.209,0,40
6181,1785284681991,1785284681991,0,0.196,0,40
6182,1785284681991,1785284681991,0,0.183,0,40
6183,1785284681991,1785284681991,0,0.172,0,40
6184,1785284681992,1785284681991,1,0.224,0,40
6185,1785284681992,1785284681991,1,0.210,0,40
6186,1785284681992,1785284681992,0,0.259,0,40
6187,1785284681992,1785284681992,0,0.243,0,40
6188,1785284681992,1785284681992,0,0.228,0,40
6189,1785284681992,1785284681992,0,0.213,0,40
6190,1785284681992,1785284681992,0,0.200,0,40
6191,1785284681992,1785284681992,0,0.188,0,40
6192,1785284681992,1785284681992,0,0.176,0,40
6193,1785284681992,1785284681992,0,0.165,0,40
6194,1785284682118,1785284682118,0,0.155,0,40
6195,1785284682119,1785284682119,0,0.145,0,40
6196,1785284682119,1785284682119,0,0.136,0,40
6197,1785284682119,1785284682119,0,0.127,0,40
6198,1785284682119,1785284682119,0,0.119,0,40
6199,1785284682119,1785284682119,0,0.112,0,40
6200,1785284682119,1785284682119,0,0.105,0,40
6201,1785284682120,1785284682119,1,0.161,0,40
6202,1785284682120,1785284682120,0,0.213,0,40
6203,1785284682120,1785284682120,0,0.200,0,40
6204,1785284682120,1785284682120,0,0.187,0,40
6205,1785284682120,1785284682120,0,0.176,0,40
6206,1785284682120,1785284682120,0,0.165,0,40
6207,1785284682246,1785284682246,0,0.154,0,40
6208,1785284682247,1785284682246,1,0.207,0,40
6209,1785284682247,1785284682247,0,0.257,0,40
6210,1785284682247,1785284682247,0,0.241,0,40
6211,1785284682247,1785284682247,0,0.226,0,40
6212,1785284682248,1785284682247,1,0.274,0,40
6213,1785284682248,1785284682248,0,0.320,0,40
6214,1785284682248,1785284682248,0,0.300,0,40
6215,1785284682248,1785284682248,0,0.281,0,40
6216,1785284682248,1785284682248,0,0.263,0,40
6217,1785284682248,1785284682248,0,0.247,0,40
6218,1785284682248,1785284682248,0,0.231,0,40
6219,1785284682373,1785284682373,0,0.217,0,40
6220,1785284682373,1785284682373,0,0.203,0,40
6221,1785284682373,1785284682373,0,0.191,0,40
6222,1785284682374,1785284682373,1,0.241,0,40
6223,1785284682374,1785284682373,1,0.226,0,40
6224,1785284682374,1785284682374,0,0.275,0,40
6225,1785284682374,1785284682374,0,0.257,0,40
6226,1785284682374,1785284682374,0,0.241,0,40
6227,1785284682374,1785284682374,0,0.226,0,40
6228,1785284682374,1785284682374,0,0.212,0,40
6229,1785284682374,1785284682374,0,0.199,0,40
6230,1785284682374,1785284682374,0,0.186,0,40
6231,1785284682374,1785284682374,0,0.175,0,40
6232,1785284682501,1785284682500,1,0.226,0,40
6233,1785284682501,1785284682500,1,0.212,0,40
6234,1785284682501,1785284682501,0,0.261,0,40
6235,1785284682501,1785284682501,0,0.245,0,40
6236,1785284682502,1785284682501,1,0.292,0,40
6237,1785284682502,1785284682502,0,0.336,0,40
6238,1785284682502,1785284682502,0,0.315,0,40
6239,1785284682502,1785284682502,0,0.296,0,40
6240,1785284682503,1785284682502,1,0.340,0,40
6241,1785284682503,1785284682502,1,0.319,0,40
6242,1785284682503,1785284682503,0,0.361,0,40
6243,1785284682503,1785284682503,0,0.339,0,40
6244,1785284682630,1785284682629,1,0.380,0,40
6245,1785284682630,1785284682629,1,0.356,0,40
6246,1785284682630,1785284682630,0,0.396,0,40
6247,1785284682630,1785284682630,0,0.372,0,40
6248,1785284682630,1785284682630,0,0.348,0,40
6249,1785284682630,1785284682630,0,0.327,0,40
6250,1785284682630,1785284682630,0,0.306,0,40
6251,1785284682630,1785284682630,0,0.287,0,40
6252,1785284682630,1785284682630,0,0.269,0,40
6253,1785284682630,1785284682630,0,0.252,0,40
6254,1785284682630,1785284682630,0,0.237,0,40
6255,1785284682631,1785284682631,0,0.222,0,40
6256,1785284682631,1785284682631,0,0.208,0,40
6257,1785284682757,1785284682757,0,0.195,0,40
6258,1785284682757,1785284682757,0,0.183,0,40
6259,1785284682757,1785284682757,0,0.171,0,40
6260,1785284682757,1785284682757,0,0.161,0,40
6261,1785284682757,1785284682757,0,0.151,0,40
6262,1785284682757,1785284682757,0,0.141,0,40
6263,1785284682757,1785284682757,0,0.132,0,40
6264,1785284682757,1785284682757,0,0.124,0,40
6265,1785284682757,1785284682757,0,0.116,0,40
6266,1785284682757,1785284682757,0,0.109,0,40
6267,1785284682757,1785284682757,0,0.102,0,40
6268,1785284682757,1785284682757,0,0.096,0,40
6269,1785284682884,1785284682883,1,0.152,0,40
6270,1785284682884,1785284682883,1,0.143,0,40
6271,1785284682884,1785284682883,1,0.134,0,40
6272,1785284682884,1785284682884,0,0.188,0,40
6273,1785284682884,1785284682884,0,0.176,0,40
6274,1785284682884,1785284682884,0,0.165,0,40
6275,1785284682885,1785284682885,0,0.155,0,40
6276,1785284682885,1785284682885,0,0.145,0,40
6277,1785284682885,1785284682885,0,0.136,0,40
6278,1785284682886,1785284682886,0,0.128,0,40
6279,1785284682886,1785284682886,0,0.120,0,40
6280,1785284682886,1785284682886,0,0.112,0,40
6281,1785284682886,1785284682886,0,0.105,0,40
6282,1785284683014,1785284683013,1,0.161,0,40
6283,1785284683014,1785284683013,1,0.151,0,40
6284,1785284683014,1785284683013,1,0.142,0,40
6285,1785284683014,1785284683014,0,0.195,0,40
6286,1785284683015,1785284683014,1,0.246,0,40
6287,1785284683015,1785284683014,1,0.230,0,40
6288,1785284683015,1785284683014,1,0.216,0,40
6289,1785284683015,1785284683015,0,0.265,0,40
6290,1785284683015,1785284683015,0,0.248,0,40
6291,1785284683015,1785284683015,0,0.233,0,40
6292,1785284683015,1785284683015,0,0.218,0,40
6293,1785284683015,1785284683015,0,0.205,0,40
6294,1785284683140,1785284683140,0,0.192,0,40
6295,1785284683140,1785284683140,0,0.180,0,40
6296,1785284683140,1785284683140,0,0.169,0,40
6297,1785284683141,1785284683140,1,0.221,0,40
6298,1785284683141,1785284683141,0,0.269,0,40
6299,1785284683141,1785284683141,0,0.252,0,40
6300,1785284683141,1785284683141,0,0.237,0,40
6301,1785284683141,1785284683141,0,0.222,0,40
6302,1785284683141,1785284683141,0,0.208,0,40
6303,1785284683141,1785284683141,0,0.195,0,40
6304,1785284683142,1785284683141,1,0.245,0,40
6305,1785284683142,1785284683142,0,0.292,0,40
6306,1785284683142,1785284683142,0,0.274,0,40
6307,1785284683268,1785284683268,0,0.257,0,40
6308,1785284683268,1785284683268,0,0.241,0,40
6309,1785284683268,1785284683268,0,0.226,0,40
6310,1785284683268,1785284683268,0,0.212,0,40
6311,1785284683269,1785284683268,1,0.261,0,40
6312,1785284683269,1785284683269,0,0.307,0,40
6313,1785284683269,1785284683269,0,0.288,0,40
6314,1785284683269,1785284683269,0,0.270,0,40
6315,1785284683269,1785284683269,0,0.253,0,40
6316,1785284683269,1785284683269,0,0.237,0,40
6317,1785284683269,1785284683269,0,0.223,0,40
6318,1785284683269,1785284683269,0,0.209,0,40
6319,1785284683394,1785284683394,0,0.196,0,40
6320,1785284683394,1785284683394,0,0.183,0,40
6321,1785284683396,1785284683394,2,0.297,0,40
6322,1785284683396,1785284683396,0,0.403,0,40
6323,1785284683396,1785284683396,0,0.378,0,40
6324,1785284683396,1785284683396,0,0.354,0,40
6325,1785284683397,1785284683396,1,0.395,0,40
6326,1785284683397,1785284683397,0,0.433,0,40
6327,1785284683397,1785284683397,0,0.406,0,40
6328,1785284683398,1785284683397,1,0.443,0,40
6329,1785284683398,1785284683398,0,0.478,0,40
6330,1785284683398,1785284683398,0,0.448,0,40
6331,1785284683398,1785284683398,0,0.420,0,40
6332,1785284683524,1785284683523,1,0.456,0,40
6333,1785284683524,1785284683524,0,0.490,0,40
6334,1785284683526,1785284683526,0,0.459,0,40
6335,1785284683526,1785284683526,0,0.431,0,40
6336,1785284683526,1785284683526,0,0.404,0,40
6337,1785284683527,1785284683526,1,0.441,0,40
6338,1785284683527,1785284683527,0,0.476,0,40
6339,1785284683527,1785284683527,0,0.446,0,40
6340,1785284683528,1785284683528,0,0.418,0,40
6341,1785284683528,1785284683528,0,0.392,0,40
6342,1785284683528,1785284683528,0,0.368,0,40
6343,1785284683528,1785284683528,0,0.345,0,40
6344,1785284683654,1785284683653,1,0.386,0,40
6345,1785284683654,1785284683653,1,0.362,0,40
6346,1785284683654,1785284683654,0,0.401,0,40
6347,1785284683656,1785284683654,2,0.501,0,40
6348,1785284683656,1785284683656,0,0.595,0,40
6349,1785284683656,1785284683656,0,0.558,0,40
6350,1785284683656,1785284683656,0,0.523,0,40
6351,1785284683657,1785284683657,0,0.490,0,40
6352,1785284683657,1785284683657,0,0.460,0,40
6353,1785284683657,1785284683657,0,0.431,0,40
6354,1785284683658,1785284683658,0,0.404,0,40
6355,1785284683658,1785284683658,0,0.379,0,40
6356,1785284683658,1785284683658,0,0.355,0,40
6357,1785284683658,1785284683658,0,0.333,0,40
6358,1785284683658,1785284683658,0,0.312,0,40
6359,1785284683658,1785284683658,0,0.293,0,40
6360,1785284683783,1785284683783,0,0.274,0,40
6361,1785284683783,1785284683783,0,0.257,0,40
6362,1785284683784,1785284683783,1,0.304,0,40
6363,1785284683784,1785284683784,0,0.347,0,40
6364,1785284683784,1785284683784,0,0.325,0,40
6365,1785284683785,1785284683784,1,0.368,0,40
6366,1785284683785,1785284683785,0,0.407,0,40
6367,1785284683785,1785284683785,0,0.382,0,40
6368,1785284683786,1785284683785,1,0.420,0,40
6369,1785284683788,1785284683787,1,0.394,0,40
6370,1785284683788,1785284683788,0,0.432,0,40
6371,1785284683788,1785284683788,0,0.405,0,40
6372,1785284683913,1785284683913,0,0.380,0,40
6373,1785284683913,1785284683913,0,0.356,0,40
6374,1785284683913,1785284683913,0,0.334,0,40
6375,1785284683913,1785284683913,0,0.313,0,40
6376,1785284683913,1785284683913,0,0.293,0,40
6377,1785284683913,1785284683913,0,0.275,0,40
6378,1785284683914,1785284683913,1,0.320,0,40
6379,1785284683914,1785284683913,1,0.300,0,40
6380,1785284683914,1785284683913,1,0.281,0,40
6381,1785284683914,1785284683914,0,0.326,0,40
6382,1785284683914,1785284683914,0,0.306,0,40
6383,1785284683914,1785284683914,0,0.287,0,40
6384,1785284683914,1785284683914,0,0.269,0,40
6385,1785284684039,1785284684039,0,0.252,0,40
6386,1785284684039,1785284684039,0,0.236,0,40
6387,1785284684039,1785284684039,0,0.222,0,40
6388,1785284684039,1785284684039,0,0.208,0,40
6389,1785284684040,1785284684039,1,0.257,0,40
6390,1785284684040,1785284684040,0,0.304,0,40
6391,1785284684040,1785284684040,0,0.285,0,40
6392,1785284684040,1785284684040,0,0.267,0,40
6393,1785284684040,1785284684040,0,0.250,0,40
6394,1785284684040,1785284684040,0,0.235,0,40
6395,1785284684040,1785284684040,0,0.220,0,40
6396,1785284684040,1785284684040,0,0.206,0,40
6397,1785284684168,1785284684168,0,0.193,0,40
6398,1785284684168,1785284684168,0,0.181,0,40
6399,1785284684169,1785284684169,0,0.170,0,40
6400,1785284684169,1785284684169,0,0.159,0,40
6401,1785284684169,1785284684169,0,0.149,0,40
6402,1785284684169,1785284684169,0,0.140,0,40
6403,1785284684169,1785284684169,0,0.131,0,40
6404,1785284684169,1785284684169,0,0.123,0,40
6405,1785284684169,1785284684169,0,0.115,0,40
6406,1785284684171,1785284684171,0,0.108,0,40
6407,1785284684171,1785284684171,0,0.101,0,40
6408,1785284684171,1785284684171,0,0.095,0,40
6409,1785284684171,1785284684171,0,0.089,0,40
6410,1785284684297,1785284684296,1,0.146,0,40
6411,1785284684297,1785284684296,1,0.137,0,40
6412,1785284684297,1785284684296,1,0.128,0,40
6413,1785284684297,1785284684297,0,0.183,0,40
6414,1785284684297,1785284684297,0,0.171,0,40
6415,1785284684297,1785284684297,0,0.161,0,40
6416,1785284684297,1785284684297,0,0.151,0,40
6417,1785284684297,1785284684297,0,0.141,0,40
6418,1785284684298,1785284684297,1,0.195,0,40
6419,1785284684298,1785284684297,1,0.183,0,40
6420,1785284684298,1785284684298,0,0.234,0,40
6421,1785284684298,1785284684298,0,0.219,0,40
6422,1785284684423,1785284684423,0,0.205,0,40
6423,1785284684423,1785284684423,0,0.193,0,40
6424,1785284684423,1785284684423,0,0.181,0,40
6425,1785284684424,1785284684423,1,0.232,0,40
6426,1785284684424,1785284684424,0,0.280,0,40
6427,1785284684424,1785284684424,0,0.262,0,40
6428,1785284684424,1785284684424,0,0.246,0,40
6429,1785284684424,1785284684424,0,0.231,0,40
6430,1785284684424,1785284684424,0,0.216,0,40
6431,1785284684426,1785284684424,2,0.328,0,40
6432,1785284684426,1785284684426,0,0.432,0,40
6433,1785284684426,1785284684426,0,0.405,0,40
6434,1785284684426,1785284684426,0,0.380,0,40
6435,1785284684552,1785284684552,0,0.356,0,40
6436,1785284684552,1785284684552,0,0.334,0,40
6437,1785284684552,1785284684552,0,0.313,0,40
6438,1785284684552,1785284684552,0,0.293,0,40
6439,1785284684552,1785284684552,0,0.275,0,40
6440,1785284684553,1785284684553,0,0.258,0,40
6441,1785284684553,1785284684553,0,0.242,0,40
6442,1785284684553,1785284684553,0,0.227,0,40
6443,1785284684553,1785284684553,0,0.212,0,40
6444,1785284684553,1785284684553,0,0.199,0,40
6445,1785284684554,1785284684553,1,0.249,0,40
6446,1785284684554,1785284684554,0,0.296,0,40
6447,1785284684679,1785284684679,0,0.278,0,40
6448,1785284684679,1785284684679,0,0.260,0,40
6449,1785284684679,1785284684679,0,0.244,0,40
6450,1785284684679,1785284684679,0,0.229,0,40
6451,1785284684679,1785284684679,0,0.214,0,40
6452,1785284684680,1785284684679,1,0.264,0,40
6453,1785284684680,1785284684680,0,0.310,0,40
6454,1785284684680,1785284684680,0,0.290,0,40
6455,1785284684680,1785284684680,0,0.272,0,40
6456,1785284684680,1785284684680,0,0.255,0,40
6457,1785284684680,1785284684680,0,0.239,0,40
6458,1785284684680,1785284684680,0,0.224,0,40
6459,1785284684680,1785284684680,0,0.210,0,40
6460,1785284684680,1785284684680,0,0.197,0,40
6461,1785284684680,1785284684680,0,0.185,0,40
6462,1785284684680,1785284684680,0,0.173,0,40
6463,1785284684806,1785284684806,0,0.162,0,40
6464,1785284684806,1785284684806,0,0.152,0,40
6465,1785284684806,1785284684806,0,0.143,0,40
6466,1785284684806,1785284684806,0,0.134,0,40
6467,1785284684806,1785284684806,0,0.125,0,40
6468,1785284684806,1785284684806,0,0.118,0,40
6469,1785284684806,1785284684806,0,0.110,0,40
6470,1785284684806,1785284684806,0,0.103,0,40
6471,1785284684806,1785284684806,0,0.097,0,40
6472,1785284684934,1785284684933,1,0.153,0,40
6473,1785284684934,1785284684933,1,0.144,0,40
6474,1785284684934,1785284684934,0,0.197,0,40
6475,1785284684934,1785284684934,0,0.185,0,40
6476,1785284684934,1785284684934,0,0.173,0,40
6477,1785284684936,1785284684934,2,0.288,0,40
6478,1785284684936,1785284684936,0,0.395,0,40
6479,1785284684936,1785284684936,0,0.370,0,40
6480,1785284684936,1785284684936,0,0.347,0,40
6481,1785284684936,1785284684936,0,0.325,0,40
6482,1785284684936,1785284684936,0,0.305,0,40
6483,1785284684936,1785284684936,0,0.286,0,40
6484,1785284684936,1785284684936,0,0.268,0,40
6485,1785284684936,1785284684936,0,0.251,0,40
6486,1785284684936,1785284684936,0,0.235,0,40
6487,1785284684936,1785284684936,0,0.221,0,40
6488,1785284685063,1785284685062,1,0.269,0,40
6489,1785284685063,1785284685062,1,0.253,0,40
6490,1785284685063,1785284685062,1,0.237,0,40
6491,1785284685063,1785284685063,0,0.285,0,40
6492,1785284685063,1785284685063,0,0.267,0,40
6493,1785284685063,1785284685063,0,0.250,0,40
6494,1785284685063,1785284685063,0,0.234,0,40
6495,1785284685064,1785284685064,0,0.220,0,40
6496,1785284685064,1785284685064,0,0.206,0,40
6497,1785284685064,1785284685064,0,0.193,0,40
6498,1785284685064,1785284685064,0,0.181,0,40
6499,1785284685064,1785284685064,0,0.170,0,40
6500,1785284685105,1785284685105,0,0.159,0,0
6501,1785284685190,1785284685190,0,0.149,0,40
6502,1785284685190,1785284685190,0,0.140,0,40
6503,1785284685190,1785284685190,0,0.131,0,40
6504,1785284685190,1785284685190,0,0.123,0,40
6505,1785284685190,1785284685190,0,0.115,0,40
6506,1785284685190,1785284685190,0,0.108,0,40
6507,1785284685190,1785284685190,0,0.101,0,40
6508,1785284685190,1785284685190,0,0.095,0,40
6509,1785284685190,1785284685190,0,0.089,0,40
6510,1785284685192,1785284685192,0,0.083,0,40
6511,1785284685192,1785284685192,0,0.078,0,40
6512,1785284685192,1785284685192,0,0.073,0,40
6513,1785284685192,1785284685192,0,0.069,0,40
6514,1785284685318,1785284685317,1,0.127,0,40
6515,1785284685318,1785284685318,0,0.182,0,40
6516,1785284685318,1785284685318,0,0.170,0,40
6517,1785284685318,1785284685318,0,0.160,0,40
6518,1785284685319,1785284685319,0,0.150,0,40
6519,1785284685319,1785284685319,0,0.140,0,40
6520,1785284685319,1785284685319,0,0.131,0,40
6521,1785284685319,1785284685319,0,0.123,0,40
6522,1785284685320,1785284685319,1,0.178,0,40
6523,1785284685322,1785284685319,3,0.292,0,40
6524,1785284685322,1785284685320,2,0.336,0,40
6525,1785284685322,1785284685320,2,0.315,0,40
6526,1785284685447,1785284685447,0,0.420,0,40
6527,1785284685447,1785284685447,0,0.394,0,40
6528,1785284685447,1785284685447,0,0.370,0,40
6529,1785284685447,1785284685447,0,0.346,0,40
6530,1785284685447,1785284685447,0,0.325,0,40
6531,1785284685448,1785284685447,1,0.367,0,40
6532,1785284685448,1785284685447,1,0.344,0,40
6533,1785284685448,1785284685447,1,0.323,0,40
6534,1785284685448,1785284685448,0,0.365,0,40
6535,1785284685448,1785284685448,0,0.342,0,40
6536,1785284685448,1785284685448,0,0.321,0,40
6537,1785284685448,1785284685448,0,0.301,0,40
6538,1785284685448,1785284685448,0,0.282,0,40
6539,1785284685574,1785284685574,0,0.264,0,40
6540,1785284685574,1785284685574,0,0.248,0,40
6541,1785284685574,1785284685574,0,0.232,0,40
6542,1785284685575,1785284685574,1,0.280,0,40
6543,1785284685575,1785284685575,0,0.325,0,40
6544,1785284685575,1785284685575,0,0.305,0,40
6545,1785284685575,1785284685575,0,0.286,0,40
6546,1785284685576,1785284685575,1,0.330,0,40
6547,1785284685576,1785284685576,0,0.372,0,40
6548,1785284685576,1785284685576,0,0.349,0,40
6549,1785284685576,1785284685576,0,0.327,0,40
6550,1785284685577,1785284685577,0,0.307,0,40
6551,1785284685704,1785284685703,1,0.350,0,40
6552,1785284685704,1785284685703,1,0.328,0,40
6553,1785284685704,1785284685704,0,0.370,0,40
6554,1785284685704,1785284685704,0,0.347,0,40
6555,1785284685704,1785284685704,0,0.325,0,40
6556,1785284685704,1785284685704,0,0.305,0,40
6557,1785284685705,1785284685705,0,0.286,0,40
6558,1785284685705,1785284685705,0,0.268,0,40
6559,1785284685705,1785284685705,0,0.251,0,40
6560,1785284685705,1785284685705,0,0.236,0,40
6561,1785284685706,1785284685705,1,0.283,0,40
6562,1785284685706,1785284685706,0,0.328,0,40
6563,1785284685707,1785284685706,1,0.370,0,40
6564,1785284685832,1785284685832,0,0.410,0,40
6565,1785284685833,1785284685832,1,0.446,0,40
6566,1785284685833,1785284685833,0,0.481,0,40
6567,1785284685833,1785284685833,0,0.451,0,40
6568,1785284685833,1785284685833,0,0.423,0,40
6569,1785284685833,1785284685833,0,0.396,0,40
6570,1785284685834,1785284685833,1,0.434,0,40
6571,1785284685834,1785284685833,1,0.407,0,40
6572,1785284685834,1785284685834,0,0.444,0,40
6573,1785284685834,1785284685834,0,0.416,0,40
6574,1785284685834,1785284685834,0,0.390,0,40
6575,1785284685834,1785284685834,0,0.366,0,40
6576,1785284685959,1785284685959,0,0.343,0,40
6577,1785284685959,1785284685959,0,0.322,0,40
6578,1785284685959,1785284685959,0,0.301,0,40
6579,1785284685959,1785284685959,0,0.283,0,40
6580,1785284685959,1785284685959,0,0.265,0,40
6581,1785284685959,1785284685959,0,0.248,0,40
6582,1785284685959,1785284685959,0,0.233,0,40
6583,1785284685959,1785284685959,0,0.218,0,40
6584,1785284685959,1785284685959,0,0.205,0,40
6585,1785284685959,1785284685959,0,0.192,0,40
6586,1785284685959,1785284685959,0,0.180,0,40
6587,1785284685959,1785284685959,0,0.169,0,40
6588,1785284685959,1785284685959,0,0.158,0,40
6589,1785284685959,1785284685959,0,0.148,0,40
6590,1785284685959,1785284685959,0,0.139,0,40
6591,1785284685959,1785284685959,0,0.130,0,40
6592,1785284686087,1785284686086,1,0.185,0,40
6593,1785284686087,1785284686086,1,0.173,0,40
6594,1785284686087,1785284686087,0,0.225,0,40
6595,1785284686087,1785284686087,0,0.211,0,40
6596,1785284686088,1785284686087,1,0.260,0,40
6597,1785284686088,1785284686088,0,0.306,0,40
6598,1785284686088,1785284686088,0,0.287,0,40
6599,1785284686088,1785284686088,0,0.269,0,40
6600,1785284686088,1785284686088,0,0.252,0,40
6601,1785284686214,1785284686213,1,0.299,0,40
6602,1785284686214,1785284686213,1,0.280,0,40
6603,1785284686214,1785284686213,1,0.263,0,40
6604,1785284686214,1785284686214,0,0.309,0,40
6605,1785284686214,1785284686214,0,0.290,0,40
6606,1785284686214,1785284686214,0,0.272,0,40
6607,1785284686215,1785284686214,1,0.317,0,40
6608,1785284686215,1785284686215,0,0.360,0,40
6609,1785284686215,1785284686215,0,0.337,0,40
6610,1785284686215,1785284686215,0,0.316,0,40
6611,1785284686215,1785284686215,0,0.296,0,40
6612,1785284686216,1785284686216,0,0.278,0,40
6613,1785284686216,1785284686216,0,0.261,0,40
6614,1785284686216,1785284686216,0,0.244,0,40
6615,1785284686216,1785284686216,0,0.229,0,40
6616,1785284686217,1785284686216,1,0.277,0,40
6617,1785284686343,1785284686342,1,0.260,0,40
6618,1785284686343,1785284686342,1,0.244,0,40
6619,1785284686343,1785284686342,1,0.228,0,40
6620,1785284686343,1785284686342,1,0.214,0,40
6621,1785284686343,1785284686343,0,0.263,0,40
6622,1785284686344,1785284686343,1,0.309,0,40
6623,1785284686344,1785284686343,1,0.290,0,40
6624,1785284686344,1785284686344,0,0.334,0,40
6625,1785284686345,1785284686344,1,0.376,0,40
6626,1785284686345,1785284686345,0,0.415,0,40
6627,1785284686346,1785284686346,0,0.389,0,40
6628,1785284686346,1785284686346,0,0.365,0,40
6629,1785284686471,1785284686471,0,0.342,0,40
6630,1785284686471,1785284686471,0,0.321,0,40
6631,1785284686471,1785284686471,0,0.300,0,40
6632,1785284686472,1785284686471,1,0.344,0,40
6633,1785284686472,1785284686471,1,0.323,0,40
6634,1785284686472,1785284686472,0,0.365,0,40
6635,1785284686472,1785284686472,0,0.342,0,40
6636,1785284686472,1785284686472,0,0.321,0,40
6637,1785284686472,1785284686472,0,0.301,0,40
6638,1785284686472,1785284686472,0,0.282,0,40
6639,1785284686472,1785284686472,0,0.264,0,40
6640,1785284686472,1785284686472,0,0.248,0,40
6641,1785284686472,1785284686472,0,0.232,0,40
6642,1785284686598,1785284686598,0,0.218,0,40
6643,1785284686598,1785284686598,0,0.204,0,40
6644,1785284686598,1785284686598,0,0.191,0,40
6645,1785284686599,1785284686598,1,0.242,0,40
6646,1785284686599,1785284686599,0,0.289,0,40
6647,1785284686599,1785284686599,0,0.271,0,40
6648,1785284686599,1785284686599,0,0.254,0,40
6649,1785284686599,1785284686599,0,0.238,0,40
6650,1785284686599,1785284686599,0,0.224,0,40
6651,1785284686599,1785284686599,0,0.210,0,40
6652,1785284686600,1785284686599,1,0.259,0,40
6653,1785284686600,1785284686600,0,0.305,0,40
6654,1785284686727,1785284686726,1,0.349,0,40
6655,1785284686727,1785284686727,0,0.389,0,40
6656,1785284686727,1785284686727,0,0.365,0,40
6657,1785284686728,1785284686728,0,0.342,0,40
6658,1785284686728,1785284686728,0,0.321,0,40
6659,1785284686728,1785284686728,0,0.301,0,40
6660,1785284686729,1785284686728,1,0.344,0,40
6661,1785284686729,1785284686729,0,0.385,0,40
6662,1785284686729,1785284686729,0,0.361,0,40
6663,1785284686730,1785284686729,1,0.401,0,40
6664,1785284686730,1785284686730,0,0.439,0,40
6665,1785284686730,1785284686730,0,0.411,0,40
6666,1785284686730,1785284686730,0,0.386,0,40
6667,1785284686856,1785284686856,0,0.361,0,40
6668,1785284686856,1785284686856,0,0.339,0,40
6669,1785284686856,1785284686856,0,0.318,0,40
6670,1785284686857,1785284686856,1,0.360,0,40
6671,1785284686857,1785284686856,1,0.338,0,40
6672,1785284686857,1785284686857,0,0.379,0,40
6673,1785284686857,1785284686857,0,0.356,0,40
6674,1785284686857,1785284686857,0,0.333,0,40
6675,1785284686857,1785284686857,0,0.312,0,40
6676,1785284686857,1785284686857,0,0.293,0,40
6677,1785284686858,1785284686857,1,0.337,0,40
6678,1785284686858,1785284686857,1,0.316,0,40
6679,1785284686983,1785284686983,0,0.359,0,40
6680,1785284686983,1785284686983,0,0.336,0,40
6681,1785284686984,1785284686983,1,0.378,0,40
6682,1785284686984,1785284686984,0,0.417,0,40
6683,1785284686984,1785284686984,0,0.391,0,40
6684,1785284686984,1785284686984,0,0.366,0,40
6685,1785284686985,1785284686984,1,0.406,0,40
6686,1785284686986,1785284686985,1,0.381,0,40
6687,1785284686986,1785284686986,0,0.419,0,40
6688,1785284686986,1785284686986,0,0.393,0,40
6689,1785284686986,1785284686986,0,0.368,0,40
6690,1785284686986,1785284686986,0,0.345,0,40
6691,1785284686987,1785284686987,0,0.324,0,40
6692,1785284687113,1785284687112,1,0.366,0,40
6693,1785284687113,1785284687112,1,0.343,0,40
6694,1785284687113,1785284687112,1,0.322,0,40
6695,1785284687113,1785284687112,1,0.302,0,40
6696,1785284687113,1785284687113,0,0.345,0,40
6697,1785284687113,1785284687113,0,0.324,0,40
6698,1785284687113,1785284687113,0,0.303,0,40
6699,1785284687113,1785284687113,0,0.285,0,40
6700,1785284687113,1785284687113,0,0.267,0,40
6701,1785284687114,1785284687113,1,0.313,0,40
6702,1785284687114,1785284687114,0,0.356,0,40
6703,1785284687114,1785284687114,0,0.333,0,40
6704,1785284687240,1785284687240,0,0.312,0,40
6705,1785284687241,1785284687240,1,0.355,0,40
6706,1785284687241,1785284687240,1,0.333,0,40
6707,1785284687241,1785284687240,1,0.312,0,40
6708,1785284687241,1785284687240,1,0.293,0,40
6709,1785284687241,1785284687240,1,0.275,0,40
6710,1785284687241,1785284687240,1,0.257,0,40
6711,1785284687241,1785284687241,0,0.304,0,40
6712,1785284687241,1785284687241,0,0.285,0,40
6713,1785284687241,1785284687241,0,0.267,0,40
6714,1785284687241,1785284687241,0,0.250,0,40
6715,1785284687241,1785284687241,0,0.235,0,40
6716,1785284687241,1785284687241,0,0.220,0,40
6717,1785284687241,1785284687241,0,0.206,0,40
6718,1785284687241,1785284687241,0,0.193,0,40
6719,1785284687241,1785284687241,0,0.181,0,40
6720,1785284687367,1785284687367,0,0.170,0,40
6721,1785284687367,1785284687367,0,0.159,0,40
6722,1785284687367,1785284687367,0,0.149,0,40
6723,1785284687367,1785284687367,0,0.140,0,40
6724,1785284687368,1785284687367,1,0.194,0,40
6725,1785284687368,1785284687368,0,0.244,0,40
6726,1785284687368,1785284687368,0,0.229,0,40
6727,1785284687368,1785284687368,0,0.215,0,40
6728,1785284687368,1785284687368,0,0.201,0,40
6729,1785284687368,1785284687368,0,0.189,0,40
6730,1785284687368,1785284687368,0,0.177,0,40
6731,1785284687368,1785284687368,0,0.166,0,40
6732,1785284687368,1785284687368,0,0.155,0,40
6733,1785284687493,1785284687493,0,0.146,0,40
6734,1785284687494,1785284687493,1,0.199,0,40
6735,1785284687494,1785284687493,1,0.187,0,40
6736,1785284687494,1785284687493,1,0.175,0,40
6737,1785284687494,1785284687493,1,0.164,0,40
6738,1785284687494,1785284687493,1,0.154,0,40
6739,1785284687494,1785284687494,0,0.207,0,40
6740,1785284687494,1785284687494,0,0.194,0,40
6741,1785284687494,1785284687494,0,0.182,0,40
6742,1785284687494,1785284687494,0,0.170,0,40
6743,1785284687494,1785284687494,0,0.160,0,40
6744,1785284687494,1785284687494,0,0.150,0,40
6745,1785284687620,1785284687620,0,0.140,0,40
6746,1785284687620,1785284687620,0,0.132,0,40
6747,1785284687620,1785284687620,0,0.123,0,40
6748,1785284687620,1785284687620,0,0.116,0,40
6749,1785284687621,1785284687620,1,0.171,0,40
6750,1785284687621,1785284687621,0,0.223,0,40
6751,1785284687621,1785284687621,0,0.209,0,40
6752,1785284687621,1785284687621,0,0.196,0,40
6753,1785284687621,1785284687621,0,0.184,0,40
6754,1785284687621,1785284687621,0,0.172,0,40
6755,1785284687621,1785284687621,0,0.161,0,40
6756,1785284687623,1785284687621,2,0.276,0,40
6757,1785284687623,1785284687623,0,0.384,0,40
6758,1785284687748,1785284687748,0,0.360,0,40
6759,1785284687748,1785284687748,0,0.337,0,40
6760,1785284687748,1785284687748,0,0.316,0,40
6761,1785284687748,1785284687748,0,0.297,0,40
6762,1785284687749,1785284687748,1,0.341,0,40
6763,1785284687749,1785284687749,0,0.382,0,40
6764,1785284687749,1785284687749,0,0.358,0,40
6765,1785284687749,1785284687749,0,0.336,0,40
6766,1785284687749,1785284687749,0,0.315,0,40
6767,1785284687749,1785284687749,0,0.295,0,40
6768,1785284687749,1785284687749,0,0.276,0,40
6769,1785284687749,1785284687749,0,0.259,0,40
6770,1785284687875,1785284687875,0,0.243,0,40
6771,1785284687875,1785284687875,0,0.228,0,40
6772,1785284687875,1785284687875,0,0.214,0,40
6773,1785284687875,1785284687875,0,0.200,0,40
6774,1785284687876,1785284687875,1,0.250,0,40
6775,1785284687876,1785284687876,0,0.297,0,40
6776,1785284687876,1785284687876,0,0.279,0,40
6777,1785284687876,1785284687876,0,0.261,0,40
6778,1785284687876,1785284687876,0,0.245,0,40
6779,1785284687876,1785284687876,0,0.229,0,40
6780,1785284687877,1785284687877,0,0.215,0,40
6781,1785284687877,1785284687877,0,0.202,0,40
6782,1785284687877,1785284687877,0,0.189,0,40
6783,1785284688002,1785284688002,0,0.177,0,40
6784,1785284688002,1785284688002,0,0.166,0,40
6785,1785284688003,1785284688002,1,0.218,0,40
6786,1785284688003,1785284688002,1,0.205,0,40
6787,1785284688003,1785284688003,0,0.254,0,40
6788,1785284688003,1785284688003,0,0.238,0,40
6789,1785284688003,1785284688003,0,0.224,0,40
6790,1785284688003,1785284688003,0,0.210,0,40
6791,1785284688004,1785284688003,1,0.259,0,40
6792,1785284688004,1785284688003,1,0.243,0,40
6793,1785284688004,1785284688004,0,0.290,0,40
6794,1785284688004,1785284688004,0,0.272,0,40
6795,1785284688129,1785284688129,0,0.255,0,40
6796,1785284688129,1785284688129,0,0.239,0,40
6797,1785284688129,1785284688129,0,0.224,0,40
6798,1785284688129,1785284688129,0,0.210,0,40
6799,1785284688129,1785284688129,0,0.197,0,40
6800,1785284688129,1785284688129,0,0.185,0,40
6801,1785284688129,1785284688129,0,0.173,0,40
6802,1785284688129,1785284688129,0,0.162,0,40
6803,1785284688129,1785284688129,0,0.152,0,40
6804,1785284688129,1785284688129,0,0.143,0,40
6805,1785284688129,1785284688129,0,0.134,0,40
6806,1785284688129,1785284688129,0,0.125,0,40
6807,1785284688129,1785284688129,0,0.118,0,40
6808,1785284688255,1785284688255,0,0.110,0,40
6809,1785284688256,1785284688256,0,0.103,0,40
6810,1785284688256,1785284688256,0,0.097,0,40
6811,1785284688257,1785284688256,1,0.153,0,40
6812,1785284688257,1785284688257,0,0.206,0,40
6813,1785284688257,1785284688257,0,0.193,0,40
6814,1785284688257,1785284688257,0,0.181,0,40
6815,1785284688257,1785284688257,0,0.170,0,40
6816,1785284688258,1785284688257,1,0.222,0,40
6817,1785284688258,1785284688258,0,0.270,0,40
6818,1785284688258,1785284688258,0,0.254,0,40
6819,1785284688258,1785284688258,0,0.238,0,40
6820,1785284688385,1785284688384,1,0.285,0,40
6821,1785284688385,1785284688385,0,0.330,0,40
6822,1785284688386,1785284688385,1,0.372,0,40
6823,1785284688386,1785284688385,1,0.349,0,40
6824,1785284688386,1785284688386,0,0.389,0,40
6825,1785284688387,1785284688386,1,0.428,0,40
6826,1785284688387,1785284688387,0,0.463,0,40
6827,1785284688387,1785284688387,0,0.434,0,40
6828,1785284688387,1785284688387,0,0.407,0,40
6829,1785284688388,1785284688388,0,0.382,0,40
6830,1785284688388,1785284688388,0,0.358,0,40
6831,1785284688388,1785284688388,0,0.336,0,40
6832,1785284688388,1785284688388,0,0.315,0,40
6833,1785284688513,1785284688513,0,0.295,0,40
6834,1785284688513,1785284688513,0,0.276,0,40
6835,1785284688513,1785284688513,0,0.259,0,40
6836,1785284688514,1785284688513,1,0.305,0,40
6837,1785284688514,1785284688513,1,0.286,0,40
6838,1785284688514,1785284688514,0,0.331,0,40
6839,1785284688514,1785284688514,0,0.310,0,40
6840,1785284688514,1785284688514,0,0.291,0,40
6841,1785284688514,1785284688514,0,0.273,0,40
6842,1785284688514,1785284688514,0,0.256,0,40
6843,1785284688514,1785284688514,0,0.240,0,40
6844,1785284688514,1785284688514,0,0.225,0,40
6845,1785284688641,1785284688640,1,0.273,0,40
6846,1785284688641,1785284688641,0,0.319,0,40
6847,1785284688641,1785284688641,0,0.299,0,40
6848,1785284688642,1785284688641,1,0.343,0,40
6849,1785284688642,1785284688641,1,0.321,0,40
6850,1785284688642,1785284688641,1,0.301,0,40
6851,1785284688642,1785284688642,0,0.345,0,40
6852,1785284688642,1785284688642,0,0.323,0,40
6853,1785284688642,1785284688642,0,0.303,0,40
6854,1785284688642,1785284688642,0,0.284,0,40
6855,1785284688643,1785284688642,1,0.329,0,40
6856,1785284688643,1785284688642,1,0.308,0,40
6857,1785284688643,1785284688642,1,0.289,0,40
6858,1785284688768,1785284688768,0,0.333,0,40
6859,1785284688769,1785284688768,1,0.375,0,40
6860,1785284688769,1785284688768,1,0.352,0,40
6861,1785284688769,1785284688769,0,0.392,0,40
6862,1785284688769,1785284688769,0,0.368,0,40
6863,1785284688769,1785284688769,0,0.345,0,40
6864,1785284688769,1785284688769,0,0.323,0,40
6865,1785284688769,1785284688769,0,0.303,0,40
6866,1785284688770,1785284688770,0,0.284,0,40
6867,1785284688770,1785284688770,0,0.266,0,40
6868,1785284688770,1785284688770,0,0.250,0,40
6869,1785284688770,1785284688770,0,0.234,0,40
6870,1785284688896,1785284688896,0,0.219,0,40
6871,1785284688896,1785284688896,0,0.206,0,40
6872,1785284688897,1785284688896,1,0.255,0,40
6873,1785284688897,1785284688896,1,0.239,0,40
6874,1785284688897,1785284688896,1,0.224,0,40
6875,1785284688897,1785284688897,0,0.273,0,40
6876,1785284688897,1785284688897,0,0.256,0,40
6877,1785284688898,1785284688897,1,0.302,0,40
6878,1785284688898,1785284688898,0,0.346,0,40
6879,1785284688898,1785284688898,0,0.324,0,40
6880,1785284688899,1785284688898,1,0.367,0,40
6881,1785284688899,1785284688899,0,0.406,0,40
6882,1785284688899,1785284688899,0,0.381,0,40
6883,1785284688899,1785284688899,0,0.357,0,40
6884,1785284688899,1785284688899,0,0.335,0,40
6885,1785284688899,1785284688899,0,0.314,0,40
6886,1785284689025,1785284689025,0,0.294,0,40
6887,1785284689025,1785284689025,0,0.276,0,40
6888,1785284689026,1785284689025,1,0.321,0,40
6889,1785284689026,1785284689025,1,0.301,0,40
6890,1785284689026,1785284689026,0,0.345,0,40
6891,1785284689026,1785284689026,0,0.323,0,40
6892,1785284689026,1785284689026,0,0.303,0,40
6893,1785284689027,1785284689026,1,0.346,0,40
6894,1785284689027,1785284689026,1,0.325,0,40
6895,1785284689152,1785284689152,0,0.367,0,40
6896,1785284689152,1785284689152,0,0.344,0,40
6897,1785284689152,1785284689152,0,0.323,0,40
6898,1785284689152,1785284689152,0,0.302,0,40
6899,1785284689152,1785284689152,0,0.284,0,40
6900,1785284689152,1785284689152,0,0.266,0,40
6901,1785284689152,1785284689152,0,0.249,0,40
6902,1785284689152,1785284689152,0,0.234,0,40
6903,1785284689153,1785284689152,1,0.282,0,40
6904,1785284689153,1785284689153,0,0.326,0,40
6905,1785284689153,1785284689153,0,0.306,0,40
6906,1785284689153,1785284689153,0,0.287,0,40
6907,1785284689153,1785284689153,0,0.269,0,40
6908,1785284689153,1785284689153,0,0.252,0,40
6909,1785284689153,1785284689153,0,0.236,0,40
6910,1785284689153,1785284689153,0,0.222,0,40
6911,1785284689278,1785284689278,0,0.208,0,40
6912,1785284689278,1785284689278,0,0.195,0,40
6913,1785284689278,1785284689278,0,0.183,0,40
6914,1785284689278,1785284689278,0,0.171,0,40
6915,1785284689278,1785284689278,0,0.160,0,40
6916,1785284689279,1785284689278,1,0.213,0,40
6917,1785284689279,1785284689278,1,0.200,0,40
6918,1785284689279,1785284689278,1,0.187,0,40
6919,1785284689279,1785284689278,1,0.175,0,40
6920,1785284689279,1785284689279,0,0.227,0,40
6921,1785284689279,1785284689279,0,0.213,0,40
6922,1785284689279,1785284689279,0,0.200,0,40
6923,1785284689406,1785284689406,0,0.187,0,40
6924,1785284689406,1785284689406,0,0.175,0,40
6925,1785284689406,1785284689406,0,0.164,0,40
6926,1785284689407,1785284689406,1,0.217,0,40
6927,1785284689407,1785284689406,1,0.203,0,40
6928,1785284689407,1785284689407,0,0.253,0,40
6929,1785284689407,1785284689407,0,0.237,0,40
6930,1785284689407,1785284689407,0,0.222,0,40
6931,1785284689407,1785284689407,0,0.208,0,40
6932,1785284689407,1785284689407,0,0.195,0,40
6933,1785284689407,1785284689407,0,0.183,0,40
6934,1785284689407,1785284689407,0,0.172,0,40
6935,1785284689407,1785284689407,0,0.161,0,40
6936,1785284689532,1785284689532,0,0.151,0,40
6937,1785284689533,1785284689533,0,0.141,0,40
6938,1785284689534,1785284689534,0,0.133,0,40
6939,1785284689534,1785284689534,0,0.124,0,40
6940,1785284689535,1785284689534,1,0.179,0,40
6941,1785284689535,1785284689535,0,0.230,0,40
6942,1785284689535,1785284689535,0,0.216,0,40
6943,1785284689535,1785284689535,0,0.202,0,40
6944,1785284689536,1785284689535,1,0.252,0,40
6945,1785284689536,1785284689535,1,0.237,0,40
6946,1785284689536,1785284689535,1,0.222,0,40
6947,1785284689536,1785284689536,0,0.270,0,40
6948,1785284689662,1785284689661,1,0.316,0,40
6949,1785284689662,1785284689661,1,0.296,0,40
6950,1785284689662,1785284689662,0,0.340,0,40
6951,1785284689662,1785284689662,0,0.319,0,40
6952,1785284689662,1785284689662,0,0.299,0,40
6953,1785284689662,1785284689662,0,0.280,0,40
6954,1785284689663,1785284689662,1,0.325,0,40
6955,1785284689663,1785284689663,0,0.367,0,40
6956,1785284689663,1785284689663,0,0.345,0,40
6957,1785284689663,1785284689663,0,0.323,0,40
6958,1785284689663,1785284689663,0,0.303,0,40
6959,1785284689663,1785284689663,0,0.284,0,40
6960,1785284689663,1785284689663,0,0.266,0,40
6961,1785284689788,1785284689788,0,0.250,0,40
6962,1785284689789,1785284689789,0,0.234,0,40
6963,1785284689790,1785284689790,0,0.219,0,40
6964,1785284689790,1785284689790,0,0.206,0,40
6965,1785284689790,1785284689790,0,0.193,0,40
6966,1785284689790,1785284689790,0,0.181,0,40
6967,1785284689790,1785284689790,0,0.169,0,40
6968,1785284689790,1785284689790,0,0.159,0,40
6969,1785284689791,1785284689790,1,0.211,0,40
6970,1785284689791,1785284689791,0,0.261,0,40
6971,1785284689791,1785284689791,0,0.244,0,40
6972,1785284689791,1785284689791,0,0.229,0,40
6973,1785284689917,1785284689916,1,0.277,0,40
6974,1785284689917,1785284689917,0,0.322,0,40
6975,1785284689917,1785284689917,0,0.302,0,40
6976,1785284689917,1785284689917,0,0.283,0,40
6977,1785284689917,1785284689917,0,0.266,0,40
6978,1785284689917,1785284689917,0,0.249,0,40
6979,1785284689917,1785284689917,0,0.234,0,40
6980,1785284689917,1785284689917,0,0.219,0,40
6981,1785284689917,1785284689917,0,0.205,0,40
6982,1785284689917,1785284689917,0,0.192,0,40
6983,1785284689917,1785284689917,0,0.180,0,40
6984,1785284689918,1785284689917,1,0.232,0,40
6985,1785284689918,1785284689917,1,0.217,0,40
6986,1785284690042,1785284690042,0,0.266,0,40
6987,1785284690043,1785284690042,1,0.312,0,40
6988,1785284690043,1785284690042,1,0.292,0,40
6989,1785284690043,1785284690043,0,0.337,0,40
6990,1785284690043,1785284690043,0,0.316,0,40
6991,1785284690043,1785284690043,0,0.296,0,40
6992,1785284690043,1785284690043,0,0.277,0,40
6993,1785284690044,1785284690043,1,0.323,0,40
6994,1785284690044,1785284690043,1,0.302,0,40
6995,1785284690044,1785284690043,1,0.284,0,40
6996,1785284690044,1785284690044,0,0.328,0,40
6997,1785284690044,1785284690044,0,0.308,0,40
6998,1785284690107,1785284690106,1,0.351,0,0
6999,1785284690170,1785284690170,0,0.392,0,40
7000,1785284690170,1785284690170,0,0.367,0,40
7001,1785284690170,1785284690170,0,0.344,0,40
7002,1785284690170,1785284690170,0,0.323,0,40
7003,1785284690170,1785284690170,0,0.302,0,40
7004,1785284690170,1785284690170,0,0.284,0,40
7005,1785284690170,1785284690170,0,0.266,0,40
7006,1785284690171,1785284690170,1,0.312,0,40
7007,1785284690171,1785284690171,0,0.355,0,40
7008,1785284690171,1785284690171,0,0.333,0,40
7009,1785284690171,1785284690171,0,0.312,0,40
7010,1785284690171,1785284690171,0,0.292,0,40
7011,1785284690171,1785284690171,0,0.274,0,40
7012,1785284690297,1785284690297,0,0.257,0,40
7013,1785284690298,1785284690298,0,0.241,0,40
7014,1785284690298,1785284690298,0,0.226,0,40
7015,1785284690299,1785284690298,1,0.274,0,40
7016,1785284690299,1785284690298,1,0.257,0,40
7017,1785284690299,1785284690299,0,0.303,0,40
7018,1785284690299,1785284690299,0,0.285,0,40
7019,1785284690299,1785284690299,0,0.267,0,40
7020,1785284690299,1785284690299,0,0.250,0,40
7021,1785284690300,1785284690299,1,0.297,0,40
7022,1785284690300,1785284690300,0,0.341,0,40
7023,1785284690300,1785284690300,0,0.320,0,40
7024,1785284690426,1785284690426,0,0.300,0,40
7025,1785284690427,1785284690426,1,0.343,0,40
7026,1785284690427,1785284690426,1,0.322,0,40
7027,1785284690427,1785284690426,1,0.302,0,40
7028,1785284690427,1785284690427,0,0.345,0,40
7029,1785284690427,1785284690427,0,0.324,0,40
7030,1785284690427,1785284690427,0,0.304,0,40
7031,1785284690427,1785284690427,0,0.285,0,40
7032,1785284690427,1785284690427,0,0.267,0,40
7033,1785284690427,1785284690427,0,0.250,0,40
7034,1785284690428,1785284690427,1,0.297,0,40
7035,1785284690428,1785284690428,0,0.341,0,40
7036,1785284690428,1785284690428,0,0.320,0,40
7037,1785284690555,1785284690555,0,0.300,0,40
7038,1785284690555,1785284690555,0,0.281,0,40
7039,1785284690555,1785284690555,0,0.263,0,40
7040,1785284690555,1785284690555,0,0.247,0,40
7041,1785284690555,1785284690555,0,0.231,0,40
7042,1785284690555,1785284690555,0,0.217,0,40
7043,1785284690555,1785284690555,0,0.203,0,40
7044,1785284690555,1785284690555,0,0.191,0,40
7045,1785284690555,1785284690555,0,0.179,0,40
7046,1785284690555,1785284690555,0,0.168,0,40
7047,1785284690555,1785284690555,0,0.157,0,40
7048,1785284690555,1785284690555,0,0.147,0,40
7049,1785284690555,1785284690555,0,0.138,0,40
7050,1785284690555,1785284690555,0,0.130,0,40
7051,1785284690555,1785284690555,0,0.121,0,40
7052,1785284690681,1785284690681,0,0.114,0,40
7053,1785284690681,1785284690681,0,0.107,0,40
7054,1785284690681,1785284690681,0,0.100,0,40
7055,1785284690682,1785284690681,1,0.156,0,40
7056,1785284690682,1785284690682,0,0.209,0,40
7057,1785284690682,1785284690682,0,0.196,0,40
7058,1785284690682,1785284690682,0,0.184,0,40
7059,1785284690682,1785284690682,0,0.172,0,40
7060,1785284690683,1785284690682,1,0.224,0,40
7061,1785284690683,1785284690683,0,0.272,0,40
7062,1785284690683,1785284690683,0,0.255,0,40
7063,1785284690683,1785284690683,0,0.239,0,40
7064,1785284690683,1785284690683,0,0.225,0,40
7065,1785284690809,1785284690808,1,0.273,0,40
7066,1785284690809,1785284690808,1,0.256,0,40
7067,1785284690809,1785284690808,1,0.240,0,40
7068,1785284690809,1785284690809,0,0.287,0,40
7069,1785284690809,1785284690809,0,0.269,0,40
7070,1785284690809,1785284690809,0,0.253,0,40
7071,1785284690810,1785284690809,1,0.299,0,40
7072,1785284690810,1785284690810,0,0.343,0,40
7073,1785284690810,1785284690810,0,0.322,0,40
7074,1785284690810,1785284690810,0,0.302,0,40
7075,1785284690812,1785284690810,2,0.408,0,40
7076,1785284690812,1785284690810,2,0.382,0,40
7077,1785284690938,1785284690937,1,0.421,0,40
7078,1785284690938,1785284690938,0,0.457,0,40
7079,1785284690938,1785284690938,0,0.428,0,40
7080,1785284690938,1785284690938,0,0.402,0,40
7081,1785284690938,1785284690938,0,0.377,0,40
7082,1785284690938,1785284690938,0,0.353,0,40
7083,1785284690938,1785284690938,0,0.331,0,40
7084,1785284690938,1785284690938,0,0.310,0,40
7085,1785284690938,1785284690938,0,0.291,0,40
7086,1785284690938,1785284690938,0,0.273,0,40
7087,1785284690938,1785284690938,0,0.256,0,40
7088,1785284690938,1785284690938,0,0.240,0,40
7089,1785284690938,1785284690938,0,0.225,0,40
7090,1785284691063,1785284691063,0,0.211,0,40
7091,1785284691063,1785284691063,0,0.198,0,40
7092,1785284691064,1785284691063,1,0.248,0,40
7093,1785284691064,1785284691064,0,0.295,0,40
7094,1785284691064,1785284691064,0,0.276,0,40
7095,1785284691064,1785284691064,0,0.259,0,40
7096,1785284691064,1785284691064,0,0.243,0,40
7097,1785284691064,1785284691064,0,0.228,0,40
7098,1785284691064,1785284691064,0,0.213,0,40
7099,1785284691064,1785284691064,0,0.200,0,40
7100,1785284691065,1785284691064,1,0.250,0,40
7101,1785284691065,1785284691065,0,0.297,0,40
7102,1785284691190,1785284691190,0,0.278,0,40
7103,1785284691190,1785284691190,0,0.261,0,40
7104,1785284691190,1785284691190,0,0.245,0,40
7105,1785284691190,1785284691190,0,0.229,0,40
7106,1785284691190,1785284691190,0,0.215,0,40
7107,1785284691190,1785284691190,0,0.202,0,40
7108,1785284691191,1785284691190,1,0.252,0,40
7109,1785284691191,1785284691190,1,0.236,0,40
7110,1785284691191,1785284691190,1,0.221,0,40
7111,1785284691191,1785284691191,0,0.270,0,40
7112,1785284691191,1785284691191,0,0.253,0,40
7113,1785284691191,1785284691191,0,0.237,0,40
7114,1785284691191,1785284691191,0,0.222,0,40
7115,1785284691316,1785284691316,0,0.208,0,40
7116,1785284691316,1785284691316,0,0.195,0,40
7117,1785284691316,1785284691316,0,0.183,0,40
7118,1785284691316,1785284691316,0,0.172,0,40
7119,1785284691316,1785284691316,0,0.161,0,40
7120,1785284691316,1785284691316,0,0.151,0,40
7121,1785284691316,1785284691316,0,0.141,0,40
7122,1785284691317,1785284691317,0,0.133,0,40
7123,1785284691317,1785284691317,0,0.124,0,40
7124,1785284691317,1785284691317,0,0.117,0,40
7125,1785284691317,1785284691317,0,0.109,0,40
7126,1785284691317,1785284691317,0,0.102,0,40
7127,1785284691442,1785284691442,0,0.096,0,40
7128,1785284691442,1785284691442,0,0.090,0,40
7129,1785284691442,1785284691442,0,0.084,0,40
7130,1785284691442,1785284691442,0,0.079,0,40
7131,1785284691442,1785284691442,0,0.074,0,40
7132,1785284691442,1785284691442,0,0.070,0,40
7133,1785284691444,1785284691444,0,0.065,0,40
7134,1785284691444,1785284691444,0,0.061,0,40
7135,1785284691444,1785284691444,0,0.057,0,40
7136,1785284691444,1785284691444,0,0.054,0,40
7137,1785284691444,1785284691444,0,0.050,0,40
7138,1785284691444,1785284691444,0,0.047,0,40
7139,1785284691444,1785284691444,0,0.044,0,40
7140,1785284691569,1785284691569,0,0.042,0,40
7141,1785284691569,1785284691569,0,0.039,0,40
7142,1785284691570,1785284691569,1,0.099,0,40
7143,1785284691570,1785284691569,1,0.093,0,40
7144,1785284691570,1785284691570,0,0.149,0,40
7145,1785284691570,1785284691570,0,0.140,0,40
7146,1785284691570,1785284691570,0,0.131,0,40
7147,1785284691570,1785284691570,0,0.123,0,40
7148,1785284691570,1785284691570,0,0.115,0,40
7149,1785284691570,1785284691570,0,0.108,0,40
7150,1785284691571,1785284691570,1,0.164,0,40
7151,1785284691571,1785284691571,0,0.216,0,40
7152,1785284691697,1785284691697,0,0.203,0,40
7153,1785284691697,1785284691697,0,0.190,0,40
7154,1785284691697,1785284691697,0,0.178,0,40
7155,1785284691697,1785284691697,0,0.167,0,40
7156,1785284691697,1785284691697,0,0.157,0,40
7157,1785284691697,1785284691697,0,0.147,0,40
7158,1785284691697,1785284691697,0,0.138,0,40
7159,1785284691697,1785284691697,0,0.129,0,40
7160,1785284691699,1785284691697,2,0.246,0,40
7161,1785284691699,1785284691697,2,0.231,0,40
7162,1785284691699,1785284691699,0,0.341,0,40
7163,1785284691699,1785284691699,0,0.320,0,40
7164,1785284691699,1785284691699,0,0.300,0,40
7165,1785284691824,1785284691824,0,0.281,0,40
7166,1785284691824,1785284691824,0,0.264,0,40
7167,1785284691824,1785284691824,0,0.247,0,40
7168,1785284691825,1785284691824,1,0.294,0,40
7169,1785284691825,1785284691825,0,0.338,0,40
7170,1785284691825,1785284691825,0,0.317,0,40
7171,1785284691825,1785284691825,0,0.297,0,40
7172,1785284691825,1785284691825,0,0.279,0,40
7173,1785284691827,1785284691825,2,0.386,0,40
7174,1785284691827,1785284691827,0,0.487,0,40
7175,1785284691827,1785284691827,0,0.457,0,40
7176,1785284691827,1785284691827,0,0.428,0,40
7177,1785284691953,1785284691953,0,0.401,0,40
7178,1785284691953,1785284691953,0,0.376,0,40
7179,1785284691953,1785284691953,0,0.353,0,40
7180,1785284691953,1785284691953,0,0.331,0,40
7181,1785284691953,1785284691953,0,0.310,0,40
7182,1785284691953,1785284691953,0,0.291,0,40
7183,1785284691953,1785284691953,0,0.273,0,40
7184,1785284691953,1785284691953,0,0.255,0,40
7185,1785284691953,1785284691953,0,0.240,0,40
7186,1785284691953,1785284691953,0,0.225,0,40
7187,1785284691954,1785284691953,1,0.273,0,40
7188,1785284691954,1785284691953,1,0.256,0,40
7189,1785284691954,1785284691954,0,0.302,0,40
7190,1785284692079,1785284692079,0,0.284,0,40
7191,1785284692079,1785284692079,0,0.266,0,40
7192,1785284692079,1785284692079,0,0.249,0,40
7193,1785284692079,1785284692079,0,0.234,0,40
7194,1785284692079,1785284692079,0,0.219,0,40
7195,1785284692079,1785284692079,0,0.205,0,40
7196,1785284692079,1785284692079,0,0.193,0,40
7197,1785284692081,1785284692079,2,0.305,0,40
7198,1785284692081,1785284692081,0,0.411,0,40
7199,1785284692081,1785284692081,0,0.386,0,40
7200,1785284692081,1785284692081,0,0.362,0,40
7201,1785284692081,1785284692081,0,0.339,0,40
7202,1785284692207,1785284692206,1,0.380,0,40
7203,1785284692207,1785284692206,1,0.357,0,40
7204,1785284692207,1785284692207,0,0.397,0,40
7205,1785284692207,1785284692207,0,0.372,0,40
7206,1785284692207,1785284692207,0,0.349,0,40
7207,1785284692207,1785284692207,0,0.327,0,40
7208,1785284692207,1785284692207,0,0.306,0,40
7209,1785284692207,1785284692207,0,0.287,0,40
7210,1785284692207,1785284692207,0,0.269,0,40
7211,1785284692207,1785284692207,0,0.253,0,40
7212,1785284692207,1785284692207,0,0.237,0,40
7213,1785284692207,1785284692207,0,0.222,0,40
7214,1785284692208,1785284692207,1,0.271,0,40
7215,1785284692208,1785284692208,0,0.316,0,40
7216,1785284692208,1785284692208,0,0.296,0,40
7217,1785284692208,1785284692208,0,0.278,0,40
7218,1785284692333,1785284692333,0,0.261,0,40
7219,1785284692333,1785284692333,0,0.244,0,40
7220,1785284692333,1785284692333,0,0.229,0,40
7221,1785284692333,1785284692333,0,0.215,0,40
7222,1785284692333,1785284692333,0,0.201,0,40
7223,1785284692334,1785284692333,1,0.251,0,40
7224,1785284692334,1785284692334,0,0.298,0,40
7225,1785284692334,1785284692334,0,0.279,0,40
7226,1785284692334,1785284692334,0,0.262,0,40
7227,1785284692460,1785284692460,0,0.246,0,40
7228,1785284692460,1785284692460,0,0.230,0,40
7229,1785284692460,1785284692460,0,0.216,0,40
7230,1785284692460,1785284692460,0,0.202,0,40
7231,1785284692460,1785284692460,0,0.190,0,40
7232,1785284692460,1785284692460,0,0.178,0,40
7233,1785284692460,1785284692460,0,0.167,0,40
7234,1785284692460,1785284692460,0,0.156,0,40
7235,1785284692461,1785284692460,1,0.209,0,40
7236,1785284692461,1785284692461,0,0.258,0,40
7237,1785284692461,1785284692461,0,0.242,0,40
7238,1785284692461,1785284692461,0,0.227,0,40
7239,1785284692461,1785284692461,0,0.213,0,40
7240,1785284692461,1785284692461,0,0.200,0,40
7241,1785284692461,1785284692461,0,0.187,0,40
7242,1785284692461,1785284692461,0,0.175,0,40
7243,1785284692587,1785284692586,1,0.227,0,40
7244,1785284692587,1785284692587,0,0.275,0,40
7245,1785284692587,1785284692587,0,0.258,0,40
7246,1785284692587,1785284692587,0,0.242,0,40
7247,1785284692587,1785284692587,0,0.227,0,40
7248,1785284692588,1785284692588,0,0.213,0,40
7249,1785284692588,1785284692588,0,0.199,0,40
7250,1785284692588,1785284692588,0,0.187,0,40
7251,1785284692588,1785284692588,0,0.175,0,40
7252,1785284692714,1785284692713,1,0.227,0,40
7253,1785284692714,1785284692713,1,0.213,0,40
7254,1785284692714,1785284692713,1,0.199,0,40
7255,1785284692714,1785284692714,0,0.249,0,40
7256,1785284692714,1785284692714,0,0.234,0,40
7257,1785284692715,1785284692714,1,0.282,0,40
7258,1785284692715,1785284692715,0,0.327,0,40
7259,1785284692715,1785284692715,0,0.306,0,40
7260,1785284692715,1785284692715,0,0.287,0,40
7261,1785284692715,1785284692715,0,0.269,0,40
7262,1785284692716,1785284692715,1,0.315,0,40
7263,1785284692716,1785284692715,1,0.295,0,40
7264,1785284692716,1785284692715,1,0.277,0,40
7265,1785284692716,1785284692716,0,0.322,0,40
7266,1785284692716,1785284692716,0,0.302,0,40
7267,1785284692716,1785284692716,0,0.283,0,40
7268,1785284692841,1785284692841,0,0.265,0,40
7269,1785284692841,1785284692841,0,0.249,0,40
7270,1785284692841,1785284692841,0,0.233,0,40
7271,1785284692841,1785284692841,0,0.219,0,40
7272,1785284692841,1785284692841,0,0.205,0,40
7273,1785284692842,1785284692841,1,0.255,0,40
7274,1785284692842,1785284692842,0,0.301,0,40
7275,1785284692842,1785284692842,0,0.282,0,40
7276,1785284692842,1785284692842,0,0.265,0,40
7277,1785284692842,1785284692842,0,0.248,0,40
7278,1785284692842,1785284692842,0,0.233,0,40
7279,1785284692842,1785284692842,0,0.218,0,40
7280,1785284692968,1785284692968,0,0.204,0,40
7281,1785284692968,1785284692968,0,0.192,0,40
7282,1785284692968,1785284692968,0,0.180,0,40
7283,1785284692968,1785284692968,0,0.168,0,40
7284,1785284692969,1785284692969,0,0.158,0,40
7285,1785284692969,1785284692969,0,0.148,0,40
7286,1785284692970,1785284692969,1,0.201,0,40
7287,1785284692970,1785284692970,0,0.251,0,40
7288,1785284692970,1785284692970,0,0.236,0,40
7289,1785284692970,1785284692970,0,0.221,0,40
7290,1785284692970,1785284692970,0,0.207,0,40
7291,1785284692970,1785284692970,0,0.194,0,40
7292,1785284692970,1785284692970,0,0.182,0,40
7293,1785284693097,1785284693096,1,0.233,0,40
7294,1785284693097,1785284693096,1,0.219,0,40
7295,1785284693097,1785284693097,0,0.267,0,40
7296,1785284693097,1785284693097,0,0.251,0,40
7297,1785284693097,1785284693097,0,0.235,0,40
7298,1785284693097,1785284693097,0,0.220,0,40
7299,1785284693097,1785284693097,0,0.207,0,40
7300,1785284693098,1785284693097,1,0.256,0,40
7301,1785284693098,1785284693098,0,0.303,0,40
7302,1785284693098,1785284693098,0,0.284,0,40
7303,1785284693098,1785284693098,0,0.266,0,40
7304,1785284693098,1785284693098,0,0.249,0,40
7305,1785284693224,1785284693224,0,0.234,0,40
7306,1785284693224,1785284693224,0,0.219,0,40
7307,1785284693224,1785284693224,0,0.205,0,40
7308,1785284693224,1785284693224,0,0.193,0,40
7309,1785284693224,1785284693224,0,0.181,0,40
7310,1785284693224,1785284693224,0,0.169,0,40
7311,1785284693224,1785284693224,0,0.159,0,40
7312,1785284693224,1785284693224,0,0.149,0,40
7313,1785284693224,1785284693224,0,0.139,0,40
7314,1785284693224,1785284693224,0,0.131,0,40
7315,1785284693224,1785284693224,0,0.123,0,40
7316,1785284693226,1785284693226,0,0.115,0,40
7317,1785284693226,1785284693226,0,0.108,0,40
7318,1785284693353,1785284693352,1,0.164,0,40
7319,1785284693353,1785284693353,0,0.216,0,40
7320,1785284693353,1785284693353,0,0.202,0,40
7321,1785284693353,1785284693353,0,0.190,0,40
7322,1785284693353,1785284693353,0,0.178,0,40
7323,1785284693353,1785284693353,0,0.167,0,40
7324,1785284693353,1785284693353,0,0.156,0,40
7325,1785284693354,1785284693353,1,0.209,0,40
7326,1785284693354,1785284693353,1,0.196,0,40
7327,1785284693354,1785284693353,1,0.184,0,40
7328,1785284693354,1785284693354,0,0.235,0,40
7329,1785284693354,1785284693354,0,0.220,0,40
7330,1785284693480,1785284693480,0,0.206,0,40
7331,1785284693480,1785284693480,0,0.193,0,40
7332,1785284693480,1785284693480,0,0.181,0,40
7333,1785284693481,1785284693481,0,0.170,0,40
7334,1785284693481,1785284693481,0,0.159,0,40
7335,1785284693481,1785284693481,0,0.149,0,40
7336,1785284693481,1785284693481,0,0.140,0,40
7337,1785284693481,1785284693481,0,0.131,0,40
7338,1785284693482,1785284693481,1,0.186,0,40
7339,1785284693482,1785284693482,0,0.237,0,40
7340,1785284693482,1785284693482,0,0.222,0,40
7341,1785284693482,1785284693482,0,0.208,0,40
7342,1785284693482,1785284693482,0,0.195,0,40
7343,1785284693607,1785284693607,0,0.183,0,40
7344,1785284693607,1785284693607,0,0.171,0,40
7345,1785284693608,1785284693607,1,0.223,0,40
7346,1785284693608,1785284693608,0,0.272,0,40
7347,1785284693608,1785284693608,0,0.255,0,40
7348,1785284693608,1785284693608,0,0.239,0,40
7349,1785284693609,1785284693608,1,0.286,0,40
7350,1785284693609,1785284693609,0,0.331,0,40
7351,1785284693609,1785284693609,0,0.310,0,40
7352,1785284693610,1785284693609,1,0.353,0,40
7353,1785284693610,1785284693610,0,0.394,0,40
7354,1785284693610,1785284693610,0,0.369,0,40
7355,1785284693737,1785284693736,1,0.409,0,40
7356,1785284693737,1785284693737,0,0.446,0,40
7357,1785284693737,1785284693737,0,0.418,0,40
7358,1785284693737,1785284693737,0,0.392,0,40
7359,1785284693737,1785284693737,0,0.367,0,40
7360,1785284693738,1785284693737,1,0.407,0,40
7361,1785284693738,1785284693738,0,0.444,0,40
7362,1785284693738,1785284693738,0,0.416,0,40
7363,1785284693738,1785284693738,0,0.390,0,40
7364,1785284693738,1785284693738,0,0.366,0,40
7365,1785284693738,1785284693738,0,0.343,0,40
7366,1785284693739,1785284693739,0,0.321,0,40
7367,1785284693739,1785284693739,0,0.301,0,40
7368,1785284693739,1785284693739,0,0.282,0,40
7369,1785284693739,1785284693739,0,0.265,0,40
7370,1785284693739,1785284693739,0,0.248,0,40
7371,1785284693865,1785284693865,0,0.233,0,40
7372,1785284693865,1785284693865,0,0.218,0,40
7373,1785284693866,1785284693865,1,0.267,0,40
7374,1785284693866,1785284693866,0,0.313,0,40
7375,1785284693866,1785284693866,0,0.293,0,40
7376,1785284693866,1785284693866,0,0.275,0,40
7377,1785284693867,1785284693867,0,0.258,0,40
7378,1785284693867,1785284693867,0,0.242,0,40
7379,1785284693867,1785284693867,0,0.227,0,40
7380,1785284693994,1785284693994,0,0.212,0,40
7381,1785284693994,1785284693994,0,0.199,0,40
7382,1785284693994,1785284693994,0,0.187,0,40
7383,1785284693994,1785284693994,0,0.175,0,40
7384,1785284693994,1785284693994,0,0.164,0,40
7385,1785284693994,1785284693994,0,0.154,0,40
7386,1785284693994,1785284693994,0,0.144,0,40
7387,1785284693994,1785284693994,0,0.135,0,40
7388,1785284693994,1785284693994,0,0.127,0,40
7389,1785284693994,1785284693994,0,0.119,0,40
7390,1785284693994,1785284693994,0,0.111,0,40
7391,1785284693994,1785284693994,0,0.104,0,40
7392,1785284693994,1785284693994,0,0.098,0,40
7393,1785284693995,1785284693994,1,0.154,0,40
7394,1785284693995,1785284693995,0,0.207,0,40
7395,1785284693995,1785284693995,0,0.194,0,40
7396,1785284694120,1785284694120,0,0.182,0,40
7397,1785284694120,1785284694120,0,0.171,0,40
7398,1785284694120,1785284694120,0,0.160,0,40
7399,1785284694120,1785284694120,0,0.150,0,40
7400,1785284694121,1785284694120,1,0.203,0,40
7401,1785284694121,1785284694120,1,0.190,0,40
7402,1785284694121,1785284694121,0,0.241,0,40
7403,1785284694121,1785284694121,0,0.226,0,40
7404,1785284694121,1785284694121,0,0.212,0,40
7405,1785284694121,1785284694121,0,0.199,0,40
7406,1785284694121,1785284694121,0,0.186,0,40
7407,1785284694121,1785284694121,0,0.175,0,40
7408,1785284694121,1785284694121,0,0.164,0,40
7409,1785284694247,1785284694247,0,0.153,0,40
7410,1785284694248,1785284694247,1,0.206,0,40
7411,1785284694248,1785284694248,0,0.256,0,40
7412,1785284694248,1785284694248,0,0.240,0,40
7413,1785284694248,1785284694248,0,0.225,0,40
7414,1785284694248,1785284694248,0,0.211,0,40
7415,1785284694249,1785284694248,1,0.260,0,40
7416,1785284694249,1785284694248,1,0.244,0,40
7417,1785284694249,1785284694249,0,0.291,0,40
7418,1785284694249,1785284694249,0,0.273,0,40
7419,1785284694249,1785284694249,0,0.256,0,40
7420,1785284694249,1785284694249,0,0.240,0,40
7421,1785284694374,1785284694374,0,0.225,0,40
7422,1785284694374,1785284694374,0,0.211,0,40
7423,1785284694376,1785284694374,2,0.323,0,40
7424,1785284694376,1785284694376,0,0.428,0,40
7425,1785284694376,1785284694376,0,0.401,0,40
7426,1785284694376,1785284694376,0,0.376,0,40
7427,1785284694377,1785284694376,1,0.415,0,40
7428,1785284694377,1785284694377,0,0.451,0,40
7429,1785284694377,1785284694377,0,0.423,0,40
7430,1785284694377,1785284694377,0,0.397,0,40
7431,1785284694377,1785284694377,0,0.372,0,40
7432,1785284694377,1785284694377,0,0.349,0,40
7433,1785284694378,1785284694378,0,0.327,0,40
7434,1785284694503,1785284694503,0,0.306,0,40
7435,1785284694503,1785284694503,0,0.287,0,40
7436,1785284694503,1785284694503,0,0.269,0,40
7437,1785284694504,1785284694504,0,0.252,0,40
7438,1785284694504,1785284694504,0,0.237,0,40
7439,1785284694504,1785284694504,0,0.222,0,40
7440,1785284694504,1785284694504,0,0.208,0,40
7441,1785284694504,1785284694504,0,0.195,0,40
7442,1785284694506,1785284694505,1,0.245,0,40
7443,1785284694506,1785284694506,0,0.293,0,40
7444,1785284694506,1785284694506,0,0.274,0,40
7445,1785284694506,1785284694506,0,0.257,0,40
7446,1785284694632,1785284694632,0,0.241,0,40
7447,1785284694632,1785284694632,0,0.226,0,40
7448,1785284694632,1785284694632,0,0.212,0,40
7449,1785284694632,1785284694632,0,0.199,0,40
7450,1785284694632,1785284694632,0,0.186,0,40
7451,1785284694632,1785284694632,0,0.175,0,40
7452,1785284694632,1785284694632,0,0.164,0,40
7453,1785284694632,1785284694632,0,0.153,0,40
7454,1785284694632,1785284694632,0,0.144,0,40
7455,1785284694632,1785284694632,0,0.135,0,40
7456,1785284694632,1785284694632,0,0.126,0,40
7457,1785284694633,1785284694632,1,0.181,0,40
7458,1785284694633,1785284694632,1,0.170,0,40
7459,1785284694759,1785284694759,0,0.222,0,40
7460,1785284694759,1785284694759,0,0.208,0,40
7461,1785284694760,1785284694759,1,0.257,0,40
7462,1785284694760,1785284694759,1,0.241,0,40
7463,1785284694760,1785284694759,1,0.226,0,40
7464,1785284694760,1785284694760,0,0.274,0,40
7465,1785284694760,1785284694760,0,0.257,0,40
7466,1785284694760,1785284694760,0,0.241,0,40
7467,1785284694760,1785284694760,0,0.226,0,40
7468,1785284694760,1785284694760,0,0.212,0,40
7469,1785284694760,1785284694760,0,0.199,0,40
7470,1785284694760,1785284694760,0,0.186,0,40
7471,1785284694886,1785284694886,0,0.175,0,40
7472,1785284694886,1785284694886,0,0.164,0,40
7473,1785284694886,1785284694886,0,0.154,0,40
7474,1785284694887,1785284694886,1,0.206,0,40
7475,1785284694887,1785284694887,0,0.256,0,40
7476,1785284694887,1785284694887,0,0.240,0,40
7477,1785284694887,1785284694887,0,0.225,0,40
7478,1785284694887,1785284694887,0,0.211,0,40
7479,1785284694887,1785284694887,0,0.198,0,40
7480,1785284694887,1785284694887,0,0.185,0,40
7481,1785284694887,1785284694887,0,0.174,0,40
7482,1785284694887,1785284694887,0,0.163,0,40
7483,1785284694888,1785284694888,0,0.153,0,40
7484,1785284695013,1785284695013,0,0.143,0,40
7485,1785284695013,1785284695013,0,0.134,0,40
7486,1785284695014,1785284695013,1,0.188,0,40
7487,1785284695014,1785284695013,1,0.177,0,40
7488,1785284695014,1785284695013,1,0.166,0,40
7489,1785284695014,1785284695013,1,0.155,0,40
7490,1785284695014,1785284695013,1,0.146,0,40
7491,1785284695014,1785284695014,0,0.199,0,40
7492,1785284695014,1785284695014,0,0.187,0,40
7493,1785284695014,1785284695014,0,0.175,0,40
7494,1785284695014,1785284695014,0,0.164,0,40
7495,1785284695014,1785284695014,0,0.154,0,40
7496,1785284695106,1785284695106,0,0.144,0,0
7497,1785284695139,1785284695139,0,0.135,0,40
7498,1785284695139,1785284695139,0,0.127,0,40
7499,1785284695139,1785284695139,0,0.119,0,40
7500,1785284695140,1785284695139,1,0.174,0,40
7501,1785284695140,1785284695139,1,0.163,0,40
7502,1785284695140,1785284695140,0,0.215,0,40
7503,1785284695140,1785284695140,0,0.202,0,40
7504,1785284695140,1785284695140,0,0.189,0,40
7505,1785284695140,1785284695140,0,0.177,0,40
7506,1785284695140,1785284695140,0,0.166,0,40
7507,1785284695141,1785284695140,1,0.218,0,40
7508,1785284695141,1785284695141,0,0.267,0,40
7509,1785284695141,1785284695141,0,0.251,0,40
7510,1785284695267,1785284695267,0,0.235,0,40
7511,1785284695267,1785284695267,0,0.220,0,40
7512,1785284695267,1785284695267,0,0.206,0,40
7513,1785284695267,1785284695267,0,0.194,0,40
7514,1785284695268,1785284695268,0,0.181,0,40
7515,1785284695268,1785284695268,0,0.170,0,40
7516,1785284695268,1785284695268,0,0.159,0,40
7517,1785284695268,1785284695268,0,0.149,0,40
7518,1785284695268,1785284695268,0,0.140,0,40
7519,1785284695269,1785284695268,1,0.194,0,40
7520,1785284695269,1785284695269,0,0.244,0,40
7521,1785284695269,1785284695269,0,0.229,0,40
7522,1785284695396,1785284695396,0,0.215,0,40
7523,1785284695396,1785284695396,0,0.201,0,40
7524,1785284695396,1785284695396,0,0.189,0,40
7525,1785284695397,1785284695396,1,0.239,0,40
7526,1785284695397,1785284695397,0,0.287,0,40
7527,1785284695397,1785284695397,0,0.269,0,40
7528,1785284695397,1785284695397,0,0.252,0,40
7529,1785284695397,1785284695397,0,0.236,0,40
7530,1785284695397,1785284695397,0,0.222,0,40
7531,1785284695398,1785284695397,1,0.270,0,40
7532,1785284695398,1785284695398,0,0.316,0,40
7533,1785284695398,1785284695398,0,0.296,0,40
7534,1785284695398,1785284695398,0,0.278,0,40
7535,1785284695524,1785284695523,1,0.323,0,40
7536,1785284695524,1785284695523,1,0.303,0,40
7537,1785284695524,1785284695523,1,0.284,0,40
7538,1785284695524,1785284695524,0,0.328,0,40
7539,1785284695524,1785284695524,0,0.308,0,40
7540,1785284695526,1785284695524,2,0.414,0,40
7541,1785284695526,1785284695526,0,0.513,0,40
7542,1785284695526,1785284695526,0,0.481,0,40
7543,1785284695526,1785284695526,0,0.451,0,40
7544,1785284695527,1785284695526,1,0.485,0,40
7545,1785284695527,1785284695527,0,0.517,0,40
7546,1785284695527,1785284695527,0,0.485,0,40
7547,1785284695652,1785284695652,0,0.455,0,40
7548,1785284695652,1785284695652,0,0.426,0,40
7549,1785284695653,1785284695652,1,0.462,0,40
7550,1785284695653,1785284695652,1,0.433,0,40
7551,1785284695653,1785284695653,0,0.469,0,40
7552,1785284695653,1785284695653,0,0.439,0,40
7553,1785284695653,1785284695653,0,0.412,0,40
7554,1785284695653,1785284695653,0,0.386,0,40
7555,1785284695653,1785284695653,0,0.362,0,40
7556,1785284695653,1785284695653,0,0.339,0,40
7557,1785284695653,1785284695653,0,0.318,0,40
7558,1785284695655,1785284695655,0,0.298,0,40
7559,1785284695655,1785284695655,0,0.280,0,40
7560,1785284695655,1785284695655,0,0.262,0,40
7561,1785284695656,1785284695655,1,0.308,0,40
7562,1785284695656,1785284695656,0,0.352,0,40
7563,1785284695782,1785284695781,1,0.392,0,40
7564,1785284695782,1785284695781,1,0.368,0,40
7565,1785284695782,1785284695782,0,0.407,0,40
7566,1785284695782,1785284695782,0,0.382,0,40
7567,1785284695782,1785284695782,0,0.358,0,40
7568,1785284695783,1785284695783,0,0.335,0,40
7569,1785284695783,1785284695783,0,0.314,0,40
7570,1785284695784,1785284695783,1,0.357,0,40
7571,1785284695784,1785284695784,0,0.397,0,40
7572,1785284695784,1785284695784,0,0.373,0,40
7573,1785284695785,1785284695784,1,0.412,0,40
7574,1785284695785,1785284695785,0,0.449,0,40
7575,1785284695911,1785284695911,0,0.421,0,40
7576,1785284695911,1785284695911,0,0.394,0,40
7577,1785284695912,1785284695911,1,0.432,0,40
7578,1785284695912,1785284695911,1,0.405,0,40
7579,1785284695912,1785284695911,1,0.380,0,40
7580,1785284695912,1785284695912,0,0.419,0,40
7581,1785284695912,1785284695912,0,0.392,0,40
7582,1785284695912,1785284695912,0,0.368,0,40
7583,1785284695912,1785284695912,0,0.345,0,40
7584,1785284695912,1785284695912,0,0.323,0,40
7585,1785284695912,1785284695912,0,0.303,0,40
7586,1785284695912,1785284695912,0,0.284,0,40
7587,1785284695912,1785284695912,0,0.266,0,40
7588,1785284696038,1785284696038,0,0.250,0,40
7589,1785284696038,1785284696038,0,0.234,0,40
7590,1785284696038,1785284696038,0,0.220,0,40
7591,1785284696038,1785284696038,0,0.206,0,40
7592,1785284696038,1785284696038,0,0.193,0,40
7593,1785284696038,1785284696038,0,0.181,0,40
7594,1785284696038,1785284696038,0,0.170,0,40
7595,1785284696038,1785284696038,0,0.159,0,40
7596,1785284696038,1785284696038,0,0.149,0,40
7597,1785284696039,1785284696038,1,0.202,0,40
7598,1785284696039,1785284696039,0,0.252,0,40
7599,1785284696039,1785284696039,0,0.236,0,40
7600,1785284696166,1785284696165,1,0.284,0,40
7601,1785284696166,1785284696165,1,0.266,0,40
7602,1785284696166,1785284696166,0,0.312,0,40
7603,1785284696166,1785284696166,0,0.293,0,40
7604,1785284696166,1785284696166,0,0.274,0,40
7605,1785284696166,1785284696166,0,0.257,0,40
7606,1785284696166,1785284696166,0,0.241,0,40
7607,1785284696166,1785284696166,0,0.226,0,40
7608,1785284696167,1785284696166,1,0.274,0,40
7609,1785284696167,1785284696166,1,0.257,0,40
7610,1785284696167,1785284696167,0,0.304,0,40
7611,1785284696167,1785284696167,0,0.285,0,40
7612,1785284696167,1785284696167,0,0.267,0,40
7613,1785284696292,1785284696292,0,0.250,0,40
7614,1785284696292,1785284696292,0,0.235,0,40
7615,1785284696292,1785284696292,0,0.220,0,40
7616,1785284696292,1785284696292,0,0.206,0,40
7617,1785284696292,1785284696292,0,0.193,0,40
7618,1785284696292,1785284696292,0,0.181,0,40
7619,1785284696292,1785284696292,0,0.170,0,40
7620,1785284696292,1785284696292,0,0.159,0,40
7621,1785284696293,1785284696292,1,0.212,0,40
7622,1785284696293,1785284696292,1,0.199,0,40
7623,1785284696293,1785284696293,0,0.249,0,40
7624,1785284696293,1785284696293,0,0.233,0,40
7625,1785284696419,1785284696419,0,0.219,0,40
7626,1785284696419,1785284696419,0,0.205,0,40
7627,1785284696419,1785284696419,0,0.192,0,40
7628,1785284696419,1785284696419,0,0.180,0,40
7629,1785284696420,1785284696420,0,0.169,0,40
7630,1785284696420,1785284696420,0,0.158,0,40
7631,1785284696420,1785284696420,0,0.148,0,40
7632,1785284696420,1785284696420,0,0.139,0,40
7633,1785284696420,1785284696420,0,0.130,0,40
7634,1785284696420,1785284696420,0,0.122,0,40
7635,1785284696420,1785284696420,0,0.115,0,40
7636,1785284696420,1785284696420,0,0.107,0,40
7637,1785284696420,1785284696420,0,0.101,0,40
7638,1785284696545,1785284696545,0,0.094,0,40
7639,1785284696545,1785284696545,0,0.089,0,40
7640,1785284696545,1785284696545,0,0.083,0,40
7641,1785284696545,1785284696545,0,0.078,0,40
7642,1785284696546,1785284696545,1,0.135,0,40
7643,1785284696546,1785284696546,0,0.189,0,40
7644,1785284696546,1785284696546,0,0.178,0,40
7645,1785284696546,1785284696546,0,0.167,0,40
7646,1785284696546,1785284696546,0,0.156,0,40
7647,1785284696546,1785284696546,0,0.146,0,40
7648,1785284696546,1785284696546,0,0.137,0,40
7649,1785284696547,1785284696547,0,0.129,0,40
7650,1785284696672,1785284696672,0,0.121,0,40
7651,1785284696672,1785284696672,0,0.113,0,40
7652,1785284696672,1785284696672,0,0.106,0,40
7653,1785284696672,1785284696672,0,0.099,0,40
7654,1785284696672,1785284696672,0,0.093,0,40
7655,1785284696673,1785284696672,1,0.150,0,40
7656,1785284696673,1785284696672,1,0.140,0,40
7657,1785284696673,1785284696673,0,0.194,0,40
7658,1785284696673,1785284696673,0,0.182,0,40
7659,1785284696673,1785284696673,0,0.171,0,40
7660,1785284696673,1785284696673,0,0.160,0,40
7661,1785284696673,1785284696673,0,0.150,0,40
7662,1785284696673,1785284696673,0,0.141,0,40
7663,1785284696804,1785284696804,0,0.132,0,40
7664,1785284696804,1785284696804,0,0.124,0,40
7665,1785284696806,1785284696806,0,0.116,0,40
7666,1785284696806,1785284696806,0,0.109,0,40
7667,1785284696806,1785284696806,0,0.102,0,40
7668,1785284696806,1785284696806,0,0.095,0,40
7669,1785284696806,1785284696806,0,0.090,0,40
7670,1785284696807,1785284696807,0,0.084,0,40
7671,1785284696807,1785284696807,0,0.079,0,40
7672,1785284696807,1785284696807,0,0.074,0,40
7673,1785284696808,1785284696807,1,0.132,0,40
7674,1785284696808,1785284696808,0,0.186,0,40
7675,1785284696934,1785284696933,1,0.237,0,40
7676,1785284696934,1785284696933,1,0.222,0,40
7677,1785284696934,1785284696933,1,0.208,0,40
7678,1785284696934,1785284696934,0,0.258,0,40
7679,1785284696935,1785284696934,1,0.304,0,40
7680,1785284696935,1785284696935,0,0.348,0,40
7681,1785284696936,1785284696935,1,0.388,0,40
7682,1785284696936,1785284696935,1,0.364,0,40
7683,1785284696936,1785284696935,1,0.341,0,40
7684,1785284696936,1785284696936,0,0.382,0,40
7685,1785284696936,1785284696936,0,0.359,0,40
7686,1785284696937,1785284696936,1,0.399,0,40
7687,1785284696937,1785284696937,0,0.436,0,40
7688,1785284696937,1785284696937,0,0.409,0,40
7689,1785284696938,1785284696937,1,0.446,0,40
7690,1785284696938,1785284696937,1,0.418,0,40
7691,1785284697063,1785284697063,0,0.454,0,40
7692,1785284697063,1785284697063,0,0.426,0,40
7693,1785284697063,1785284697063,0,0.399,0,40
7694,1785284697063,1785284697063,0,0.374,0,40
7695,1785284697063,1785284697063,0,0.351,0,40
7696,1785284697063,1785284697063,0,0.329,0,40
7697,1785284697063,1785284697063,0,0.309,0,40
7698,1785284697063,1785284697063,0,0.289,0,40
7699,1785284697064,1785284697063,1,0.334,0,40
7700,1785284697064,1785284697064,0,0.375,0,40
7701,1785284697064,1785284697064,0,0.352,0,40
7702,1785284697064,1785284697064,0,0.330,0,40
7703,1785284697190,1785284697189,1,0.372,0,40
7704,1785284697190,1785284697190,0,0.411,0,40
7705,1785284697190,1785284697190,0,0.385,0,40
7706,1785284697190,1785284697190,0,0.361,0,40
7707,1785284697190,1785284697190,0,0.339,0,40
7708,1785284697190,1785284697190,0,0.317,0,40
7709,1785284697190,1785284697190,0,0.298,0,40
7710,1785284697190,1785284697190,0,0.279,0,40
7711,1785284697190,1785284697190,0,0.262,0,40
7712,1785284697190,1785284697190,0,0.245,0,40
7713,1785284697190,1785284697190,0,0.230,0,40
7714,1785284697190,1785284697190,0,0.216,0,40
7715,1785284697190,1785284697190,0,0.202,0,40
7716,1785284697316,1785284697316,0,0.189,0,40
7717,1785284697316,1785284697316,0,0.178,0,40
7718,1785284697316,1785284697316,0,0.167,0,40
7719,1785284697316,1785284697316,0,0.156,0,40
7720,1785284697316,1785284697316,0,0.146,0,40
7721,1785284697316,1785284697316,0,0.137,0,40
7722,1785284697317,1785284697317,0,0.129,0,40
7723,1785284697317,1785284697317,0,0.121,0,40
7724,1785284697318,1785284697317,1,0.176,0,40
7725,1785284697318,1785284697318,0,0.227,0,40
7726,1785284697318,1785284697318,0,0.213,0,40
7727,1785284697318,1785284697318,0,0.200,0,40
7728,1785284697444,1785284697444,0,0.187,0,40
7729,1785284697444,1785284697444,0,0.175,0,40
7730,1785284697444,1785284697444,0,0.164,0,40
7731,1785284697444,1785284697444,0,0.154,0,40
7732,1785284697444,1785284697444,0,0.145,0,40
7733,1785284697444,1785284697444,0,0.136,0,40
7734,1785284697444,1785284697444,0,0.127,0,40
7735,1785284697445,1785284697445,0,0.119,0,40
7736,1785284697445,1785284697445,0,0.112,0,40
7737,1785284697445,1785284697445,0,0.105,0,40
7738,1785284697445,1785284697445,0,0.098,0,40
7739,1785284697445,1785284697445,0,0.092,0,40
7740,1785284697446,1785284697445,1,0.149,0,40
7741,1785284697571,1785284697571,0,0.202,0,40
7742,1785284697571,1785284697571,0,0.189,0,40
7743,1785284697571,1785284697571,0,0.177,0,40
7744,1785284697571,1785284697571,0,0.166,0,40
7745,1785284697571,1785284697571,0,0.156,0,40
7746,1785284697571,1785284697571,0,0.146,0,40
7747,1785284697571,1785284697571,0,0.137,0,40
7748,1785284697571,1785284697571,0,0.129,0,40
7749,1785284697571,1785284697571,0,0.121,0,40
7750,1785284697571,1785284697571,0,0.113,0,40
7751,1785284697571,1785284697571,0,0.106,0,40
7752,1785284697571,1785284697571,0,0.099,0,40
7753,1785284697697,1785284697697,0,0.093,0,40
7754,1785284697697,1785284697697,0,0.087,0,40
7755,1785284697697,1785284697697,0,0.082,0,40
7756,1785284697697,1785284697697,0,0.077,0,40
7757,1785284697697,1785284697697,0,0.072,0,40
7758,1785284697697,1785284697697,0,0.067,0,40
7759,1785284697697,1785284697697,0,0.063,0,40
7760,1785284697697,1785284697697,0,0.059,0,40
7761,1785284697697,1785284697697,0,0.056,0,40
7762,1785284697697,1785284697697,0,0.052,0,40
7763,1785284697698,1785284697697,1,0.111,0,40
7764,1785284697698,1785284697697,1,0.104,0,40
7765,1785284697698,1785284697697,1,0.098,0,40
7766,1785284697824,1785284697823,1,0.092,0,40
7767,1785284697824,1785284697823,1,0.086,0,40
7768,1785284697824,1785284697824,0,0.143,0,40
7769,1785284697824,1785284697824,0,0.134,0,40
7770,1785284697824,1785284697824,0,0.126,0,40
7771,1785284697824,1785284697824,0,0.118,0,40
7772,1785284697824,1785284697824,0,0.111,0,40
7773,1785284697824,1785284697824,0,0.104,0,40
7774,1785284697826,1785284697825,1,0.160,0,40
7775,1785284697826,1785284697825,1,0.150,0,40
7776,1785284697826,1785284697826,0,0.203,0,40
7777,1785284697826,1785284697826,0,0.190,0,40
7778,1785284697951,1785284697951,0,0.178,0,40
7779,1785284697952,1785284697951,1,0.230,0,40
7780,1785284697952,1785284697951,1,0.215,0,40
7781,1785284697952,1785284697952,0,0.264,0,40
7782,1785284697952,1785284697952,0,0.248,0,40
7783,1785284697952,1785284697952,0,0.232,0,40
7784,1785284697952,1785284697952,0,0.218,0,40
7785,1785284697952,1785284697952,0,0.204,0,40
7786,1785284697952,1785284697952,0,0.191,0,40
7787,1785284697953,1785284697952,1,0.242,0,40
7788,1785284697953,1785284697953,0,0.289,0,40
7789,1785284697953,1785284697953,0,0.271,0,40
7790,1785284697953,1785284697953,0,0.254,0,40
7791,1785284698079,1785284698079,0,0.238,0,40
7792,1785284698079,1785284698079,0,0.224,0,40
7793,1785284698079,1785284698079,0,0.210,0,40
7794,1785284698080,1785284698079,1,0.259,0,40
7795,1785284698080,1785284698080,0,0.305,0,40
7796,1785284698080,1785284698080,0,0.286,0,40
7797,1785284698080,1785284698080,0,0.268,0,40
7798,1785284698080,1785284698080,0,0.252,0,40
7799,1785284698081,1785284698080,1,0.298,0,40
7800,1785284698081,1785284698081,0,0.342,0,40
7801,1785284698081,1785284698081,0,0.321,0,40
7802,1785284698081,1785284698081,0,0.301,0,40
7803,1785284698207,1785284698207,0,0.282,0,40
7804,1785284698207,1785284698207,0,0.264,0,40
7805,1785284698208,1785284698207,1,0.310,0,40
7806,1785284698208,1785284698207,1,0.291,0,40
7807,1785284698208,1785284698208,0,0.335,0,40
7808,1785284698208,1785284698208,0,0.314,0,40
7809,1785284698208,1785284698208,0,0.295,0,40
7810,1785284698208,1785284698208,0,0.276,0,40
7811,1785284698208,1785284698208,0,0.259,0,40
7812,1785284698208,1785284698208,0,0.243,0,40
7813,1785284698208,1785284698208,0,0.228,0,40
7814,1785284698208,1785284698208,0,0.213,0,40
7815,1785284698208,1785284698208,0,0.200,0,40
7816,1785284698208,1785284698208,0,0.188,0,40
7817,1785284698209,1785284698208,1,0.238,0,40
7818,1785284698209,1785284698209,0,0.286,0,40
7819,1785284698335,1785284698334,1,0.331,0,40
7820,1785284698335,1785284698334,1,0.310,0,40
7821,1785284698335,1785284698334,1,0.291,0,40
7822,1785284698335,1785284698335,0,0.335,0,40
7823,1785284698335,1785284698335,0,0.314,0,40
7824,1785284698336,1785284698336,0,0.294,0,40
7825,1785284698336,1785284698336,0,0.276,0,40
7826,1785284698336,1785284698336,0,0.259,0,40
7827,1785284698336,1785284698336,0,0.243,0,40
7828,1785284698336,1785284698336,0,0.227,0,40
7829,1785284698337,1785284698336,1,0.276,0,40
7830,1785284698337,1785284698336,1,0.258,0,40
7831,1785284698463,1785284698463,0,0.305,0,40
7832,1785284698463,1785284698463,0,0.286,0,40
7833,1785284698463,1785284698463,0,0.268,0,40
7834,1785284698464,1785284698463,1,0.314,0,40
7835,1785284698464,1785284698464,0,0.357,0,40
7836,1785284698464,1785284698464,0,0.334,0,40
7837,1785284698464,1785284698464,0,0.313,0,40
7838,1785284698464,1785284698464,0,0.294,0,40
7839,1785284698464,1785284698464,0,0.275,0,40
7840,1785284698464,1785284698464,0,0.258,0,40
7841,1785284698464,1785284698464,0,0.242,0,40
7842,1785284698464,1785284698464,0,0.227,0,40
7843,1785284698465,1785284698464,1,0.275,0,40
7844,1785284698590,1785284698590,0,0.321,0,40
7845,1785284698590,1785284698590,0,0.301,0,40
7846,1785284698590,1785284698590,0,0.282,0,40
7847,1785284698590,1785284698590,0,0.264,0,40
7848,1785284698590,1785284698590,0,0.248,0,40
7849,1785284698590,1785284698590,0,0.232,0,40
7850,1785284698590,1785284698590,0,0.218,0,40
7851,1785284698590,1785284698590,0,0.204,0,40
7852,1785284698591,1785284698590,1,0.254,0,40
7853,1785284698591,1785284698590,1,0.238,0,40
7854,1785284698591,1785284698591,0,0.286,0,40
7855,1785284698591,1785284698591,0,0.268,0,40
7856,1785284698716,1785284698716,0,0.251,0,40
7857,1785284698716,1785284698716,0,0.235,0,40
7858,1785284698716,1785284698716,0,0.221,0,40
7859,1785284698716,1785284698716,0,0.207,0,40
7860,1785284698716,1785284698716,0,0.194,0,40
7861,1785284698716,1785284698716,0,0.182,0,40
7862,1785284698717,1785284698716,1,0.233,0,40
7863,1785284698717,1785284698717,0,0.281,0,40
7864,1785284698717,1785284698717,0,0.263,0,40
7865,1785284698717,1785284698717,0,0.247,0,40
7866,1785284698717,1785284698717,0,0.231,0,40
7867,1785284698717,1785284698717,0,0.217,0,40
7868,1785284698717,1785284698717,0,0.203,0,40
7869,1785284698843,1785284698843,0,0.191,0,40
7870,1785284698843,1785284698843,0,0.179,0,40
7871,1785284698843,1785284698843,0,0.168,0,40
7872,1785284698844,1785284698843,1,0.220,0,40
7873,1785284698844,1785284698844,0,0.268,0,40
7874,1785284698844,1785284698844,0,0.252,0,40
7875,1785284698844,1785284698844,0,0.236,0,40
7876,1785284698844,1785284698844,0,0.221,0,40
7877,1785284698844,1785284698844,0,0.207,0,40
7878,1785284698844,1785284698844,0,0.194,0,40
7879,1785284698844,1785284698844,0,0.182,0,40
7880,1785284698844,1785284698844,0,0.171,0,40
7881,1785284698970,1785284698970,0,0.160,0,40
7882,1785284698970,1785284698970,0,0.150,0,40
7883,1785284698970,1785284698970,0,0.141,0,40
7884,1785284698970,1785284698970,0,0.132,0,40
7885,1785284698970,1785284698970,0,0.124,0,40
7886,1785284698970,1785284698970,0,0.116,0,40
7887,1785284698970,1785284698970,0,0.109,0,40
7888,1785284698972,1785284698970,2,0.227,0,40
7889,1785284698972,1785284698972,0,0.338,0,40
7890,1785284698972,1785284698972,0,0.317,0,40
7891,1785284698972,1785284698972,0,0.297,0,40
7892,1785284698972,1785284698972,0,0.278,0,40
7893,1785284698973,1785284698972,1,0.323,0,40
7894,1785284699099,1785284699098,1,0.303,0,40
7895,1785284699099,1785284699098,1,0.284,0,40
7896,1785284699099,1785284699099,0,0.329,0,40
7897,1785284699099,1785284699099,0,0.308,0,40
7898,1785284699099,1785284699099,0,0.289,0,40
7899,1785284699099,1785284699099,0,0.271,0,40
7900,1785284699099,1785284699099,0,0.254,0,40
7901,1785284699099,1785284699099,0,0.238,0,40
7902,1785284699099,1785284699099,0,0.223,0,40
7903,1785284699099,1785284699099,0,0.209,0,40
7904,1785284699099,1785284699099,0,0.196,0,40
7905,1785284699100,1785284699100,0,0.184,0,40
7906,1785284699226,1785284699226,0,0.173,0,40
7907,1785284699230,1785284699230,0,0.162,0,40
7908,1785284699230,1785284699230,0,0.152,0,40
7909,1785284699230,1785284699230,0,0.142,0,40
7910,1785284699230,1785284699230,0,0.133,0,40
7911,1785284699230,1785284699230,0,0.125,0,40
7912,1785284699230,1785284699230,0,0.117,0,40
7913,1785284699230,1785284699230,0,0.110,0,40
7914,1785284699230,1785284699230,0,0.103,0,40
7915,1785284699230,1785284699230,0,0.097,0,40
7916,1785284699230,1785284699230,0,0.090,0,40
7917,1785284699230,1785284699230,0,0.085,0,40
7918,1785284699231,1785284699231,0,0.080,0,40
7919,1785284699357,1785284699357,0,0.075,0,40
7920,1785284699357,1785284699357,0,0.070,0,40
7921,1785284699357,1785284699357,0,0.066,0,40
7922,1785284699357,1785284699357,0,0.061,0,40
7923,1785284699357,1785284699357,0,0.058,0,40
7924,1785284699357,1785284699357,0,0.054,0,40
7925,1785284699357,1785284699357,0,0.051,0,40
7926,1785284699357,1785284699357,0,0.047,0,40
7927,1785284699358,1785284699357,1,0.107,0,40
7928,1785284699358,1785284699358,0,0.163,0,40
7929,1785284699358,1785284699358,0,0.153,0,40
7930,1785284699358,1785284699358,0,0.143,0,40
7931,1785284699485,1785284699485,0,0.134,0,40
7932,1785284699485,1785284699485,0,0.126,0,40
7933,1785284699485,1785284699485,0,0.118,0,40
7934,1785284699485,1785284699485,0,0.111,0,40
7935,1785284699485,1785284699485,0,0.104,0,40
7936,1785284699485,1785284699485,0,0.097,0,40
7937,1785284699485,1785284699485,0,0.091,0,40
7938,1785284699485,1785284699485,0,0.085,0,40
7939,1785284699485,1785284699485,0,0.080,0,40
7940,1785284699485,1785284699485,0,0.075,0,40
7941,1785284699485,1785284699485,0,0.070,0,40
7942,1785284699486,1785284699486,0,0.066,0,40
7943,1785284699486,1785284699486,0,0.062,0,40
7944,1785284699612,1785284699612,0,0.058,0,40
7945,1785284699612,1785284699612,0,0.054,0,40
7946,1785284699612,1785284699612,0,0.051,0,40
7947,1785284699612,1785284699612,0,0.048,0,40
7948,1785284699612,1785284699612,0,0.045,0,40
7949,1785284699612,1785284699612,0,0.042,0,40
7950,1785284699612,1785284699612,0,0.039,0,40
7951,1785284699612,1785284699612,0,0.037,0,40
7952,1785284699612,1785284699612,0,0.035,0,40
7953,1785284699612,1785284699612,0,0.032,0,40
7954,1785284699612,1785284699612,0,0.030,0,40
7955,1785284699612,1785284699612,0,0.029,0,40
7956,1785284699738,1785284699738,0,0.027,0,40
7957,1785284699738,1785284699738,0,0.025,0,40
7958,1785284699738,1785284699738,0,0.023,0,40
7959,1785284699738,1785284699738,0,0.022,0,40
7960,1785284699738,1785284699738,0,0.021,0,40
7961,1785284699738,1785284699738,0,0.019,0,40
7962,1785284699738,1785284699738,0,0.018,0,40
7963,1785284699738,1785284699738,0,0.017,0,40
7964,1785284699738,1785284699738,0,0.016,0,40
7965,1785284699738,1785284699738,0,0.015,0,40
7966,1785284699739,1785284699739,0,0.014,0,40
7967,1785284699739,1785284699739,0,0.013,0,40
7968,1785284699739,1785284699739,0,0.012,0,40
7969,1785284699739,1785284699739,0,0.012,0,40
7970,1785284699739,1785284699739,0,0.011,0,40
7971,1785284699739,1785284699739,0,0.010,0,40
7972,1785284699864,1785284699864,0,0.010,0,40
7973,1785284699866,1785284699866,0,0.009,0,40
7974,1785284699866,1785284699866,0,0.008,0,40
7975,1785284699866,1785284699866,0,0.008,0,40
7976,1785284699866,1785284699866,0,0.007,0,40
7977,1785284699866,1785284699866,0,0.007,0,40
7978,1785284699867,1785284699866,1,0.069,0,40
7979,1785284699867,1785284699867,0,0.127,0,40
7980,1785284699867,1785284699867,0,0.119,0,40
7981,1785284699993,1785284699993,0,0.112,0,40
7982,1785284699994,1785284699993,1,0.167,0,40
7983,1785284699994,1785284699993,1,0.157,0,40
7984,1785284699994,1785284699993,1,0.147,0,40
7985,1785284699994,1785284699994,0,0.200,0,40
7986,1785284699994,1785284699994,0,0.188,0,40
7987,1785284699994,1785284699994,0,0.176,0,40
7988,1785284699995,1785284699995,0,0.165,0,40
7989,1785284699995,1785284699995,0,0.155,0,40
7990,1785284699995,1785284699995,0,0.145,0,40
7991,1785284699995,1785284699995,0,0.136,0,40
7992,1785284699995,1785284699995,0,0.128,0,40
7993,1785284699996,1785284699995,1,0.182,0,40
7994,1785284699996,1785284699996,0,0.233,0,40
7995,1785284699996,1785284699996,0,0.219,0,40
7996,1785284699996,1785284699996,0,0.205,0,40
7997,1785284700106,1785284700106,0,0.192,0,0
7998,1785284700122,1785284700122,0,0.180,0,40
7999,1785284700122,1785284700122,0,0.169,0,40
8000,1785284700123,1785284700122,1,0.221,0,40
8001,1785284700123,1785284700123,0,0.270,0,40
8002,1785284700123,1785284700123,0,0.253,0,40
8003,1785284700123,1785284700123,0,0.237,0,40
8004,1785284700124,1785284700124,0,0.222,0,40
8005,1785284700125,1785284700125,0,0.208,0,40
8006,1785284700125,1785284700125,0,0.195,0,40
8007,1785284700126,1785284700126,0,0.183,0,40
8008,1785284700126,1785284700126,0,0.172,0,40
8009,1785284700126,1785284700126,0,0.161,0,40
8010,1785284700126,1785284700126,0,0.151,0,40
8011,1785284700252,1785284700252,0,0.141,0,40
8012,1785284700252,1785284700252,0,0.133,0,40
8013,1785284700252,1785284700252,0,0.124,0,40
8014,1785284700252,1785284700252,0,0.116,0,40
8015,1785284700253,1785284700252,1,0.172,0,40
8016,1785284700253,1785284700252,1,0.161,0,40
8017,1785284700253,1785284700253,0,0.213,0,40
8018,1785284700253,1785284700253,0,0.200,0,40
8019,1785284700253,1785284700253,0,0.188,0,40
8020,1785284700253,1785284700253,0,0.176,0,40
8021,1785284700253,1785284700253,0,0.165,0,40
8022,1785284700255,1785284700253,2,0.280,0,40
8023,1785284700379,1785284700379,0,0.387,0,40
8024,1785284700379,1785284700379,0,0.363,0,40
8025,1785284700380,1785284700379,1,0.403,0,40
8026,1785284700380,1785284700380,0,0.440,0,40
8027,1785284700380,1785284700380,0,0.413,0,40
8028,1785284700380,1785284700380,0,0.387,0,40
8029,1785284700380,1785284700380,0,0.363,0,40
8030,1785284700380,1785284700380,0,0.340,0,40
8031,1785284700380,1785284700380,0,0.319,0,40
8032,1785284700381,1785284700381,0,0.299,0,40
8033,1785284700381,1785284700381,0,0.280,0,40
8034,1785284700381,1785284700381,0,0.263,0,40
8035,1785284700381,1785284700381,0,0.246,0,40
8036,1785284700506,1785284700506,0,0.231,0,40
8037,1785284700506,1785284700506,0,0.216,0,40
8038,1785284700506,1785284700506,0,0.203,0,40
8039,1785284700507,1785284700506,1,0.253,0,40
8040,1785284700507,1785284700506,1,0.237,0,40
8041,1785284700507,1785284700507,0,0.285,0,40
8042,1785284700507,1785284700507,0,0.267,0,40
8043,1785284700507,1785284700507,0,0.250,0,40
8044,1785284700507,1785284700507,0,0.234,0,40
8045,1785284700507,1785284700507,0,0.220,0,40
8046,1785284700507,1785284700507,0,0.206,0,40
8047,1785284700507,1785284700507,0,0.193,0,40
8048,1785284700632,1785284700632,0,0.181,0,40
8049,1785284700632,1785284700632,0,0.170,0,40
8050,1785284700632,1785284700632,0,0.159,0,40
8051,1785284700632,1785284700632,0,0.149,0,40
8052,1785284700632,1785284700632,0,0.140,0,40
8053,1785284700632,1785284700632,0,0.131,0,40
8054,1785284700633,1785284700632,1,0.185,0,40
8055,1785284700633,1785284700633,0,0.236,0,40
8056,1785284700633,1785284700633,0,0.222,0,40
8057,1785284700633,1785284700633,0,0.208,0,40
8058,1785284700633,1785284700633,0,0.195,0,40
8059,1785284700633,1785284700633,0,0.183,0,40
8060,1785284700633,1785284700633,0,0.171,0,40
8061,1785284700759,1785284700759,0,0.160,0,40
8062,1785284700759,1785284700759,0,0.150,0,40
8063,1785284700759,1785284700759,0,0.141,0,40
8064,1785284700759,1785284700759,0,0.132,0,40
8065,1785284700759,1785284700759,0,0.124,0,40
8066,1785284700759,1785284700759,0,0.116,0,40
8067,1785284700759,1785284700759,0,0.109,0,40
8068,1785284700759,1785284700759,0,0.102,0,40
8069,1785284700759,1785284700759,0,0.096,0,40
8070,1785284700759,1785284700759,0,0.090,0,40
8071,1785284700759,1785284700759,0,0.084,0,40
8072,1785284700759,1785284700759,0,0.079,0,40
8073,1785284700886,1785284700886,0,0.074,0,40
8074,1785284700887,1785284700886,1,0.132,0,40
8075,1785284700887,1785284700887,0,0.186,0,40
8076,1785284700887,1785284700887,0,0.174,0,40
8077,1785284700887,1785284700887,0,0.164,0,40
8078,1785284700887,1785284700887,0,0.153,0,40
8079,1785284700888,1785284700887,1,0.206,0,40
8080,1785284700888,1785284700888,0,0.256,0,40
8081,1785284700889,1785284700889,0,0.240,0,40
8082,1785284700889,1785284700889,0,0.225,0,40
8083,1785284700889,1785284700889,0,0.211,0,40
8084,1785284700889,1785284700889,0,0.198,0,40
8085,1785284700889,1785284700889,0,0.185,0,40
8086,1785284701015,1785284701015,0,0.174,0,40
8087,1785284701015,1785284701015,0,0.163,0,40
8088,1785284701016,1785284701015,1,0.215,0,40
8089,1785284701016,1785284701015,1,0.202,0,40
8090,1785284701016,1785284701016,0,0.252,0,40
8091,1785284701016,1785284701016,0,0.236,0,40
8092,1785284701016,1785284701016,0,0.221,0,40
8093,1785284701016,1785284701016,0,0.207,0,40
8094,1785284701016,1785284701016,0,0.194,0,40
8095,1785284701016,1785284701016,0,0.182,0,40
8096,1785284701016,1785284701016,0,0.171,0,40
8097,1785284701016,1785284701016,0,0.160,0,40
8098,1785284701142,1785284701142,0,0.150,0,40
8099,1785284701142,1785284701142,0,0.141,0,40
8100,1785284701142,1785284701142,0,0.132,0,40
8101,1785284701142,1785284701142,0,0.124,0,40
8102,1785284701142,1785284701142,0,0.116,0,40
8103,1785284701143,1785284701142,1,0.171,0,40
8104,1785284701143,1785284701143,0,0.223,0,40
8105,1785284701143,1785284701143,0,0.209,0,40
8106,1785284701143,1785284701143,0,0.196,0,40
8107,1785284701143,1785284701143,0,0.184,0,40
8108,1785284701143,1785284701143,0,0.172,0,40
8109,1785284701143,1785284701143,0,0.162,0,40
8110,1785284701143,1785284701143,0,0.151,0,40
8111,1785284701269,1785284701269,0,0.142,0,40
8112,1785284701269,1785284701269,0,0.133,0,40
8113,1785284701269,1785284701269,0,0.125,0,40
8114,1785284701270,1785284701269,1,0.179,0,40
8115,1785284701270,1785284701270,0,0.231,0,40
8116,1785284701270,1785284701270,0,0.216,0,40
8117,1785284701270,1785284701270,0,0.203,0,40
8118,1785284701270,1785284701270,0,0.190,0,40
8119,1785284701270,1785284701270,0,0.178,0,40
8120,1785284701270,1785284701270,0,0.167,0,40
8121,1785284701270,1785284701270,0,0.157,0,40
8122,1785284701270,1785284701270,0,0.147,0,40
8123,1785284701396,1785284701396,0,0.138,0,40
8124,1785284701396,1785284701396,0,0.129,0,40
8125,1785284701396,1785284701396,0,0.121,0,40
8126,1785284701396,1785284701396,0,0.113,0,40
8127,1785284701396,1785284701396,0,0.106,0,40
8128,1785284701396,1785284701396,0,0.100,0,40
8129,1785284701397,1785284701396,1,0.156,0,40
8130,1785284701397,1785284701397,0,0.209,0,40
8131,1785284701397,1785284701397,0,0.196,0,40
8132,1785284701397,1785284701397,0,0.183,0,40
8133,1785284701397,1785284701397,0,0.172,0,40
8134,1785284701397,1785284701397,0,0.161,0,40
8135,1785284701397,1785284701397,0,0.151,0,40
8136,1785284701523,1785284701523,0,0.142,0,40
8137,1785284701524,1785284701523,1,0.195,0,40
8138,1785284701524,1785284701524,0,0.246,0,40
8139,1785284701525,1785284701524,1,0.293,0,40
8140,1785284701525,1785284701524,1,0.274,0,40
8141,1785284701525,1785284701525,0,0.320,0,40
8142,1785284701525,1785284701525,0,0.300,0,40
8143,1785284701526,1785284701525,1,0.344,0,40
8144,1785284701526,1785284701526,0,0.385,0,40
8145,1785284701526,1785284701526,0,0.361,0,40
8146,1785284701526,1785284701526,0,0.338,0,40
8147,1785284701527,1785284701526,1,0.379,0,40
8148,1785284701652,1785284701652,0,0.418,0,40
8149,1785284701652,1785284701652,0,0.392,0,40
8150,1785284701652,1785284701652,0,0.368,0,40
8151,1785284701652,1785284701652,0,0.345,0,40
8152,1785284701652,1785284701652,0,0.323,0,40
8153,1785284701652,1785284701652,0,0.303,0,40
8154,1785284701652,1785284701652,0,0.284,0,40
8155,1785284701652,1785284701652,0,0.266,0,40
8156,1785284701652,1785284701652,0,0.250,0,40
8157,1785284701652,1785284701652,0,0.234,0,40
8158,1785284701652,1785284701652,0,0.219,0,40
8159,1785284701653,1785284701652,1,0.268,0,40
8160,1785284701653,1785284701653,0,0.314,0,40
8161,1785284701653,1785284701653,0,0.294,0,40
8162,1785284701653,1785284701653,0,0.276,0,40
8163,1785284701653,1785284701653,0,0.259,0,40
8164,1785284701778,1785284701778,0,0.242,0,40
8165,1785284701778,1785284701778,0,0.227,0,40
8166,1785284701779,1785284701778,1,0.276,0,40
8167,1785284701779,1785284701778,1,0.258,0,40
8168,1785284701779,1785284701779,0,0.305,0,40
8169,1785284701779,1785284701779,0,0.286,0,40
8170,1785284701779,1785284701779,0,0.268,0,40
8171,1785284701779,1785284701779,0,0.251,0,40
8172,1785284701780,1785284701779,1,0.298,0,40
8173,1785284701780,1785284701779,1,0.279,0,40
8174,1785284701780,1785284701779,1,0.262,0,40
8175,1785284701780,1785284701779,1,0.245,0,40
8176,1785284701906,1785284701906,0,0.293,0,40
8177,1785284701906,1785284701906,0,0.274,0,40
8178,1785284701907,1785284701906,1,0.320,0,40
8179,1785284701907,1785284701906,1,0.300,0,40
8180,1785284701907,1785284701906,1,0.281,0,40
8181,1785284701907,1785284701907,0,0.326,0,40
8182,1785284701907,1785284701907,0,0.306,0,40
8183,1785284701907,1785284701907,0,0.286,0,40
8184,1785284701907,1785284701907,0,0.269,0,40
8185,1785284701907,1785284701907,0,0.252,0,40
8186,1785284701908,1785284701907,1,0.299,0,40
8187,1785284701910,1785284701907,3,0.405,0,40
8188,1785284701910,1785284701908,2,0.442,0,40
8189,1785284702033,1785284702033,0,0.539,0,40
8190,1785284702033,1785284702033,0,0.506,0,40
8191,1785284702033,1785284702033,0,0.474,0,40
8192,1785284702034,1785284702033,1,0.507,0,40
8193,1785284702034,1785284702033,1,0.475,0,40
8194,1785284702034,1785284702034,0,0.508,0,40
8195,1785284702034,1785284702034,0,0.476,0,40
8196,1785284702034,1785284702034,0,0.447,0,40
8197,1785284702034,1785284702034,0,0.419,0,40
8198,1785284702034,1785284702034,0,0.392,0,40
8199,1785284702034,1785284702034,0,0.368,0,40
8200,1785284702034,1785284702034,0,0.345,0,40
8201,1785284702159,1785284702159,0,0.323,0,40
8202,1785284702159,1785284702159,0,0.303,0,40
8203,1785284702159,1785284702159,0,0.284,0,40
8204,1785284702159,1785284702159,0,0.266,0,40
8205,1785284702160,1785284702159,1,0.312,0,40
8206,1785284702160,1785284702159,1,0.293,0,40
8207,1785284702160,1785284702160,0,0.337,0,40
8208,1785284702160,1785284702160,0,0.316,0,40
8209,1785284702160,1785284702160,0,0.296,0,40
8210,1785284702160,1785284702160,0,0.278,0,40
8211,1785284702160,1785284702160,0,0.260,0,40
8212,1785284702160,1785284702160,0,0.244,0,40
8213,1785284702161,1785284702160,1,0.291,0,40
8214,1785284702286,1785284702286,0,0.336,0,40
8215,1785284702287,1785284702286,1,0.377,0,40
8216,1785284702287,1785284702287,0,0.416,0,40
8217,1785284702287,1785284702287,0,0.390,0,40
8218,1785284702287,1785284702287,0,0.366,0,40
8219,1785284702287,1785284702287,0,0.343,0,40
8220,1785284702288,1785284702288,0,0.321,0,40
8221,1785284702288,1785284702288,0,0.301,0,40
8222,1785284702288,1785284702288,0,0.282,0,40
8223,1785284702289,1785284702289,0,0.265,0,40
8224,1785284702290,1785284702289,1,0.311,0,40
8225,1785284702290,1785284702290,0,0.354,0,40
8226,1785284702416,1785284702416,0,0.332,0,40
8227,1785284702416,1785284702416,0,0.311,0,40
8228,1785284702416,1785284702416,0,0.292,0,40
8229,1785284702416,1785284702416,0,0.273,0,40
8230,1785284702416,1785284702416,0,0.256,0,40
8231,1785284702416,1785284702416,0,0.240,0,40
8232,1785284702416,1785284702416,0,0.225,0,40
8233,1785284702416,1785284702416,0,0.211,0,40
8234,1785284702416,1785284702416,0,0.198,0,40
8235,1785284702416,1785284702416,0,0.186,0,40
8236,1785284702416,1785284702416,0,0.174,0,40
8237,1785284702416,1785284702416,0,0.163,0,40
8238,1785284702417,1785284702416,1,0.215,0,40
8239,1785284702542,1785284702542,0,0.264,0,40
8240,1785284702542,1785284702542,0,0.248,0,40
8241,1785284702542,1785284702542,0,0.232,0,40
8242,1785284702542,1785284702542,0,0.218,0,40
8243,1785284702542,1785284702542,0,0.204,0,40
8244,1785284702543,1785284702543,0,0.192,0,40
8245,1785284702543,1785284702543,0,0.180,0,40
8246,1785284702543,1785284702543,0,0.168,0,40
8247,1785284702543,1785284702543,0,0.158,0,40
8248,1785284702543,1785284702543,0,0.148,0,40
8249,1785284702543,1785284702543,0,0.139,0,40
8250,1785284702543,1785284702543,0,0.130,0,40
8251,1785284702668,1785284702668,0,0.122,0,40
8252,1785284702668,1785284702668,0,0.114,0,40
8253,1785284702668,1785284702668,0,0.107,0,40
8254,1785284702668,1785284702668,0,0.100,0,40
8255,1785284702668,1785284702668,0,0.094,0,40
8256,1785284702669,1785284702668,1,0.151,0,40
8257,1785284702669,1785284702669,0,0.204,0,40
8258,1785284702669,1785284702669,0,0.191,0,40
8259,1785284702669,1785284702669,0,0.179,0,40
8260,1785284702669,1785284702669,0,0.168,0,40
8261,1785284702669,1785284702669,0,0.157,0,40
8262,1785284702669,1785284702669,0,0.148,0,40
8263,1785284702670,1785284702669,1,0.201,0,40
8264,1785284702794,1785284702794,0,0.251,0,40
8265,1785284702794,1785284702794,0,0.235,0,40
8266,1785284702794,1785284702794,0,0.220,0,40
8267,1785284702796,1785284702794,2,0.332,0,40
8268,1785284702796,1785284702796,0,0.436,0,40
8269,1785284702796,1785284702796,0,0.409,0,40
8270,1785284702796,1785284702796,0,0.383,0,40
8271,1785284702796,1785284702796,0,0.359,0,40
8272,1785284702796,1785284702796,0,0.337,0,40
8273,1785284702797,1785284702797,0,0.316,0,40
8274,1785284702797,1785284702797,0,0.296,0,40
8275,1785284702797,1785284702797,0,0.277,0,40
8276,1785284702923,1785284702923,0,0.260,0,40
8277,1785284702923,1785284702923,0,0.244,0,40
8278,1785284702923,1785284702923,0,0.229,0,40
8279,1785284702923,1785284702923,0,0.214,0,40
8280,1785284702925,1785284702923,2,0.326,0,40
8281,1785284702925,1785284702925,0,0.431,0,40
8282,1785284702925,1785284702925,0,0.404,0,40
8283,1785284702925,1785284702925,0,0.378,0,40
8284,1785284702926,1785284702926,0,0.355,0,40
8285,1785284702926,1785284702926,0,0.333,0,40
8286,1785284702926,1785284702926,0,0.312,0,40
8287,1785284702926,1785284702926,0,0.292,0,40
8288,1785284702926,1785284702926,0,0.274,0,40
8289,1785284702926,1785284702926,0,0.257,0,40
8290,1785284702926,1785284702926,0,0.241,0,40
8291,1785284702926,1785284702926,0,0.226,0,40
8292,1785284703052,1785284703051,1,0.274,0,40
8293,1785284703052,1785284703051,1,0.257,0,40
8294,1785284703052,1785284703051,1,0.241,0,40
8295,1785284703052,1785284703052,0,0.288,0,40
8296,1785284703052,1785284703052,0,0.270,0,40
8297,1785284703052,1785284703052,0,0.254,0,40
8298,1785284703052,1785284703052,0,0.238,0,40
8299,1785284703053,1785284703053,0,0.223,0,40
8300,1785284703053,1785284703053,0,0.209,0,40
8301,1785284703179,1785284703179,0,0.196,0,40
8302,1785284703179,1785284703179,0,0.184,0,40
8303,1785284703180,1785284703179,1,0.235,0,40
8304,1785284703180,1785284703179,1,0.220,0,40
8305,1785284703180,1785284703180,0,0.269,0,40
8306,1785284703180,1785284703180,0,0.252,0,40
8307,1785284703180,1785284703180,0,0.236,0,40
8308,1785284703180,1785284703180,0,0.221,0,40
8309,1785284703181,1785284703180,1,0.270,0,40
8310,1785284703181,1785284703181,0,0.316,0,40
8311,1785284703181,1785284703181,0,0.296,0,40
8312,1785284703181,1785284703181,0,0.277,0,40
8313,1785284703181,1785284703181,0,0.260,0,40
8314,1785284703181,1785284703181,0,0.244,0,40
8315,1785284703181,1785284703181,0,0.229,0,40
8316,1785284703181,1785284703181,0,0.214,0,40
8317,1785284703307,1785284703307,0,0.201,0,40
8318,1785284703307,1785284703307,0,0.188,0,40
8319,1785284703307,1785284703307,0,0.177,0,40
8320,1785284703308,1785284703308,0,0.166,0,40
8321,1785284703308,1785284703308,0,0.155,0,40
8322,1785284703308,1785284703308,0,0.146,0,40
8323,1785284703308,1785284703308,0,0.136,0,40
8324,1785284703309,1785284703308,1,0.190,0,40
8325,1785284703309,1785284703309,0,0.241,0,40
8326,1785284703434,1785284703434,0,0.226,0,40
8327,1785284703434,1785284703434,0,0.212,0,40
8328,1785284703436,1785284703436,0,0.199,0,40
8329,1785284703436,1785284703436,0,0.186,0,40
8330,1785284703436,1785284703436,0,0.175,0,40
8331,1785284703436,1785284703436,0,0.164,0,40
8332,1785284703436,1785284703436,0,0.153,0,40
8333,1785284703436,1785284703436,0,0.144,0,40
8334,1785284703436,1785284703436,0,0.135,0,40
8335,1785284703436,1785284703436,0,0.126,0,40
8336,1785284703437,1785284703436,1,0.181,0,40
8337,1785284703437,1785284703437,0,0.232,0,40
8338,1785284703437,1785284703437,0,0.218,0,40
8339,1785284703437,1785284703437,0,0.204,0,40
8340,1785284703437,1785284703437,0,0.191,0,40
8341,1785284703437,1785284703437,0,0.179,0,40
8342,1785284703563,1785284703563,0,0.168,0,40
8343,1785284703563,1785284703563,0,0.158,0,40
8344,1785284703563,1785284703563,0,0.148,0,40
8345,1785284703563,1785284703563,0,0.139,0,40
8346,1785284703563,1785284703563,0,0.130,0,40
8347,1785284703563,1785284703563,0,0.122,0,40
8348,1785284703563,1785284703563,0,0.114,0,40
8349,1785284703563,1785284703563,0,0.107,0,40
8350,1785284703563,1785284703563,0,0.100,0,40
8351,1785284703563,1785284703563,0,0.094,0,40
8352,1785284703563,1785284703563,0,0.088,0,40
8353,1785284703563,1785284703563,0,0.083,0,40
8354,1785284703688,1785284703688,0,0.078,0,40
8355,1785284703688,1785284703688,0,0.073,0,40
8356,1785284703689,1785284703689,0,0.068,0,40
8357,1785284703689,1785284703689,0,0.064,0,40
8358,1785284703689,1785284703689,0,0.060,0,40
8359,1785284703690,1785284703690,0,0.056,0,40
8360,1785284703690,1785284703690,0,0.053,0,40
8361,1785284703690,1785284703690,0,0.049,0,40
8362,1785284703691,1785284703691,0,0.046,0,40
8363,1785284703691,1785284703691,0,0.043,0,40
8364,1785284703691,1785284703691,0,0.041,0,40
8365,1785284703691,1785284703691,0,0.038,0,40
8366,1785284703692,1785284703691,1,0.098,0,40
8367,1785284703818,1785284703818,0,0.155,0,40
8368,1785284703818,1785284703818,0,0.145,0,40
8369,1785284703818,1785284703818,0,0.136,0,40
8370,1785284703818,1785284703818,0,0.127,0,40
8371,1785284703818,1785284703818,0,0.119,0,40
8372,1785284703818,1785284703818,0,0.112,0,40
8373,1785284703819,1785284703818,1,0.167,0,40
8374,1785284703819,1785284703819,0,0.219,0,40
8375,1785284703819,1785284703819,0,0.206,0,40
8376,1785284703819,1785284703819,0,0.193,0,40
8377,1785284703819,1785284703819,0,0.181,0,40
8378,1785284703819,1785284703819,0,0.170,0,40
8379,1785284703946,1785284703945,1,0.221,0,40
8380,1785284703946,1785284703946,0,0.270,0,40
8381,1785284703946,1785284703946,0,0.253,0,40
8382,1785284703946,1785284703946,0,0.237,0,40
8383,1785284703947,1785284703946,1,0.285,0,40
8384,1785284703947,1785284703947,0,0.330,0,40
8385,1785284703947,1785284703947,0,0.309,0,40
8386,1785284703948,1785284703947,1,0.352,0,40
8387,1785284703948,1785284703947,1,0.330,0,40
8388,1785284703948,1785284703948,0,0.372,0,40
8389,1785284703948,1785284703948,0,0.349,0,40
8390,1785284703948,1785284703948,0,0.327,0,40
8391,1785284703948,1785284703948,0,0.307,0,40
8392,1785284704074,1785284704074,0,0.287,0,40
8393,1785284704074,1785284704074,0,0.270,0,40
8394,1785284704076,1785284704074,2,0.378,0,40
8395,1785284704076,1785284704076,0,0.479,0,40
8396,1785284704076,1785284704076,0,0.449,0,40
8397,1785284704076,1785284704076,0,0.421,0,40
8398,1785284704076,1785284704076,0,0.395,0,40
8399,1785284704076,1785284704076,0,0.370,0,40
8400,1785284704077,1785284704076,1,0.409,0,40
8401,1785284704077,1785284704076,1,0.384,0,40
8402,1785284704077,1785284704077,0,0.422,0,40
8403,1785284704077,1785284704077,0,0.396,0,40
8404,1785284704202,1785284704202,0,0.371,0,40
8405,1785284704202,1785284704202,0,0.348,0,40
8406,1785284704202,1785284704202,0,0.326,0,40
8407,1785284704204,1785284704202,2,0.431,0,40
8408,1785284704204,1785284704204,0,0.529,0,40
8409,1785284704204,1785284704204,0,0.496,0,40
8410,1785284704204,1785284704204,0,0.465,0,40
8411,1785284704205,1785284704205,0,0.436,0,40
8412,1785284704205,1785284704205,0,0.409,0,40
8413,1785284704205,1785284704205,0,0.383,0,40
8414,1785284704205,1785284704205,0,0.359,0,40
8415,1785284704205,1785284704205,0,0.337,0,40
8416,1785284704205,1785284704205,0,0.316,0,40
8417,1785284704206,1785284704205,1,0.358,0,40
8418,1785284704206,1785284704205,1,0.336,0,40
8419,1785284704206,1785284704206,0,0.378,0,40
8420,1785284704331,1785284704331,0,0.354,0,40
8421,1785284704331,1785284704331,0,0.332,0,40
8422,1785284704331,1785284704331,0,0.311,0,40
8423,1785284704331,1785284704331,0,0.292,0,40
8424,1785284704331,1785284704331,0,0.273,0,40
8425,1785284704331,1785284704331,0,0.256,0,40
8426,1785284704331,1785284704331,0,0.240,0,40
8427,1785284704331,1785284704331,0,0.225,0,40
8428,1785284704331,1785284704331,0,0.211,0,40
8429,1785284704458,1785284704457,1,0.260,0,40
8430,1785284704458,1785284704457,1,0.244,0,40
8431,1785284704458,1785284704457,1,0.229,0,40
8432,1785284704458,1785284704458,0,0.277,0,40
8433,1785284704458,1785284704458,0,0.260,0,40
8434,1785284704459,1785284704458,1,0.306,0,40
8435,1785284704459,1785284704459,0,0.349,0,40
8436,1785284704459,1785284704459,0,0.328,0,40
8437,1785284704460,1785284704459,1,0.370,0,40
8438,1785284704460,1785284704460,0,0.409,0,40
8439,1785284704460,1785284704460,0,0.383,0,40
8440,1785284704460,1785284704460,0,0.359,0,40
8441,1785284704460,1785284704460,0,0.337,0,40
8442,1785284704460,1785284704460,0,0.316,0,40
8443,1785284704461,1785284704460,1,0.359,0,40
8444,1785284704461,1785284704461,0,0.399,0,40
8445,1785284704588,1785284704588,0,0.374,0,40
8446,1785284704588,1785284704588,0,0.351,0,40
8447,1785284704588,1785284704588,0,0.329,0,40
8448,1785284704589,1785284704588,1,0.371,0,40
8449,1785284704589,1785284704589,0,0.410,0,40
8450,1785284704589,1785284704589,0,0.384,0,40
8451,1785284704589,1785284704589,0,0.360,0,40
8452,1785284704590,1785284704589,1,0.400,0,40
8453,1785284704590,1785284704590,0,0.438,0,40
8454,1785284704717,1785284704717,0,0.410,0,40
8455,1785284704717,1785284704717,0,0.385,0,40
8456,1785284704717,1785284704717,0,0.361,0,40
8457,1785284704717,1785284704717,0,0.338,0,40
8458,1785284704717,1785284704717,0,0.317,0,40
8459,1785284704717,1785284704717,0,0.297,0,40
8460,1785284704717,1785284704717,0,0.279,0,40
8461,1785284704717,1785284704717,0,0.261,0,40
8462,1785284704717,1785284704717,0,0.245,0,40
8463,1785284704717,1785284704717,0,0.230,0,40
8464,1785284704718,1785284704717,1,0.278,0,40
8465,1785284704718,1785284704717,1,0.260,0,40
8466,1785284704718,1785284704717,1,0.244,0,40
8467,1785284704718,1785284704717,1,0.229,0,40
8468,1785284704718,1785284704718,0,0.277,0,40
8469,1785284704718,1785284704718,0,0.260,0,40
8470,1785284704846,1785284704846,0,0.243,0,40
8471,1785284704846,1785284704846,0,0.228,0,40
8472,1785284704847,1785284704846,1,0.277,0,40
8473,1785284704847,1785284704847,0,0.322,0,40
8474,1785284704847,1785284704847,0,0.302,0,40
8475,1785284704847,1785284704847,0,0.283,0,40
8476,1785284704847,1785284704847,0,0.265,0,40
8477,1785284704847,1785284704847,0,0.249,0,40
8478,1785284704847,1785284704847,0,0.233,0,40
8479,1785284704847,1785284704847,0,0.218,0,40
8480,1785284704848,1785284704847,1,0.267,0,40
8481,1785284704848,1785284704848,0,0.313,0,40
8482,1785284704974,1785284704974,0,0.294,0,40
8483,1785284704974,1785284704974,0,0.275,0,40
8484,1785284704974,1785284704974,0,0.258,0,40
8485,1785284704974,1785284704974,0,0.242,0,40
8486,1785284704976,1785284704974,2,0.352,0,40
8487,1785284704976,1785284704974,2,0.330,0,40
8488,1785284704976,1785284704976,0,0.434,0,40
8489,1785284704976,1785284704976,0,0.407,0,40
8490,1785284704976,1785284704976,0,0.382,0,40
8491,1785284704976,1785284704976,0,0.358,0,40
8492,1785284704977,1785284704976,1,0.398,0,40
8493,1785284704977,1785284704976,1,0.373,0,40
8494,1785284704977,1785284704977,0,0.412,0,40
8495,1785284705102,1785284705102,0,0.386,0,40
8496,1785284705102,1785284705102,0,0.362,0,40
8497,1785284705102,1785284705102,0,0.340,0,40
8498,1785284705102,1785284705102,0,0.318,0,40
8499,1785284705102,1785284705102,0,0.298,0,40
8500,1785284705102,1785284705102,0,0.280,0,40
8501,1785284705102,1785284705102,0,0.262,0,40
8502,1785284705102,1785284705102,0,0.246,0,40
8503,1785284705102,1785284705102,0,0.231,0,40
8504,1785284705102,1785284705102,0,0.216,0,40
8505,1785284705103,1785284705102,1,0.265,0,40
8506,1785284705103,1785284705103,0,0.311,0,40
8507,1785284705106,1785284705106,0,0.292,0,0
8508,1785284705229,1785284705229,0,0.273,0,40
8509,1785284705229,1785284705229,0,0.256,0,40
8510,1785284705229,1785284705229,0,0.240,0,40
8511,1785284705229,1785284705229,0,0.225,0,40
8512,1785284705229,1785284705229,0,0.211,0,40
8513,1785284705229,1785284705229,0,0.198,0,40
8514,1785284705229,1785284705229,0,0.186,0,40
8515,1785284705229,1785284705229,0,0.174,0,40
8516,1785284705229,1785284705229,0,0.163,0,40
8517,1785284705229,1785284705229,0,0.153,0,40
8518,1785284705229,1785284705229,0,0.143,0,40
8519,1785284705230,1785284705229,1,0.197,0,40
8520,1785284705230,1785284705230,0,0.247,0,40
8521,1785284705357,1785284705357,0,0.232,0,40
8522,1785284705357,1785284705357,0,0.217,0,40
8523,1785284705358,1785284705357,1,0.266,0,40
8524,1785284705358,1785284705358,0,0.312,0,40
8525,1785284705358,1785284705358,0,0.292,0,40
8526,1785284705358,1785284705358,0,0.274,0,40
8527,1785284705358,1785284705358,0,0.257,0,40
8528,1785284705358,1785284705358,0,0.241,0,40
8529,1785284705358,1785284705358,0,0.226,0,40
8530,1785284705358,1785284705358,0,0.212,0,40
8531,1785284705358,1785284705358,0,0.199,0,40
8532,1785284705358,1785284705358,0,0.186,0,40
8533,1785284705484,1785284705484,0,0.175,0,40
8534,1785284705485,1785284705485,0,0.164,0,40
8535,1785284705485,1785284705485,0,0.153,0,40
8536,1785284705485,1785284705485,0,0.144,0,40
8537,1785284705485,1785284705485,0,0.135,0,40
8538,1785284705485,1785284705485,0,0.126,0,40
8539,1785284705486,1785284705485,1,0.181,0,40
8540,1785284705486,1785284705486,0,0.232,0,40
8541,1785284705486,1785284705486,0,0.218,0,40
8542,1785284705486,1785284705486,0,0.204,0,40
8543,1785284705486,1785284705486,0,0.191,0,40
8544,1785284705486,1785284705486,0,0.179,0,40
8545,1785284705486,1785284705486,0,0.168,0,40
8546,1785284705486,1785284705486,0,0.158,0,40
8547,1785284705486,1785284705486,0,0.148,0,40
8548,1785284705487,1785284705487,0,0.139,0,40
8549,1785284705613,1785284705612,1,0.192,0,40
8550,1785284705613,1785284705612,1,0.180,0,40
8551,1785284705613,1785284705613,0,0.232,0,40
8552,1785284705613,1785284705613,0,0.217,0,40
8553,1785284705613,1785284705613,0,0.204,0,40
8554,1785284705613,1785284705613,0,0.191,0,40
8555,1785284705613,1785284705613,0,0.179,0,40
8556,1785284705614,1785284705613,1,0.230,0,40
8557,1785284705614,1785284705613,1,0.216,0,40
8558,1785284705738,1785284705738,0,0.265,0,40
8559,1785284705738,1785284705738,0,0.248,0,40
8560,1785284705738,1785284705738,0,0.233,0,40
8561,1785284705738,1785284705738,0,0.218,0,40
8562,1785284705738,1785284705738,0,0.205,0,40
8563,1785284705738,1785284705738,0,0.192,0,40
8564,1785284705738,1785284705738,0,0.180,0,40
8565,1785284705738,1785284705738,0,0.169,0,40
8566,1785284705738,1785284705738,0,0.158,0,40
8567,1785284705738,1785284705738,0,0.148,0,40
8568,1785284705738,1785284705738,0,0.139,0,40
8569,1785284705738,1785284705738,0,0.130,0,40
8570,1785284705738,1785284705738,0,0.122,0,40
8571,1785284705739,1785284705738,1,0.177,0,40
8572,1785284705739,1785284705739,0,0.228,0,40
8573,1785284705739,1785284705739,0,0.214,0,40
8574,1785284705866,1785284705865,1,0.263,0,40
8575,1785284705867,1785284705866,1,0.247,0,40
8576,1785284705867,1785284705867,0,0.294,0,40
8577,1785284705867,1785284705867,0,0.275,0,40
8578,1785284705867,1785284705867,0,0.258,0,40
8579,1785284705867,1785284705867,0,0.242,0,40
8580,1785284705868,1785284705867,1,0.289,0,40
8581,1785284705868,1785284705868,0,0.334,0,40
8582,1785284705868,1785284705868,0,0.313,0,40
8583,1785284705993,1785284705993,0,0.293,0,40
8584,1785284705994,1785284705993,1,0.338,0,40
8585,1785284705994,1785284705993,1,0.317,0,40
8586,1785284705994,1785284705994,0,0.359,0,40
8587,1785284705994,1785284705994,0,0.337,0,40
8588,1785284705994,1785284705994,0,0.316,0,40
8589,1785284705994,1785284705994,0,0.296,0,40
8590,1785284705994,1785284705994,0,0.278,0,40
8591,1785284705995,1785284705995,0,0.260,0,40
8592,1785284705995,1785284705995,0,0.244,0,40
8593,1785284705995,1785284705995,0,0.229,0,40
8594,1785284705995,1785284705995,0,0.214,0,40
8595,1785284705995,1785284705995,0,0.201,0,40
8596,1785284705995,1785284705995,0,0.188,0,40
8597,1785284705995,1785284705995,0,0.177,0,40
8598,1785284705995,1785284705995,0,0.166,0,40
8599,1785284706121,1785284706121,0,0.155,0,40
8600,1785284706121,1785284706121,0,0.146,0,40
8601,1785284706121,1785284706121,0,0.136,0,40
8602,1785284706121,1785284706121,0,0.128,0,40
8603,1785284706121,1785284706121,0,0.120,0,40
8604,1785284706121,1785284706121,0,0.112,0,40
8605,1785284706121,1785284706121,0,0.105,0,40
8606,1785284706121,1785284706121,0,0.099,0,40
8607,1785284706122,1785284706121,1,0.155,0,40
8608,1785284706122,1785284706121,1,0.145,0,40
8609,1785284706122,1785284706121,1,0.136,0,40
8610,1785284706122,1785284706122,0,0.190,0,40
8611,1785284706122,1785284706122,0,0.178,0,40
8612,1785284706249,1785284706248,1,0.230,0,40
8613,1785284706249,1785284706248,1,0.215,0,40
8614,1785284706249,1785284706249,0,0.264,0,40
8615,1785284706249,1785284706249,0,0.248,0,40
8616,1785284706249,1785284706249,0,0.232,0,40
8617,1785284706249,1785284706249,0,0.218,0,40
8618,1785284706249,1785284706249,0,0.204,0,40
8619,1785284706249,1785284706249,0,0.192,0,40
8620,1785284706249,1785284706249,0,0.180,0,40
8621,1785284706249,1785284706249,0,0.168,0,40
8622,1785284706249,1785284706249,0,0.158,0,40
8623,1785284706249,1785284706249,0,0.148,0,40
8624,1785284706374,1785284706374,0,0.139,0,40
8625,1785284706374,1785284706374,0,0.130,0,40
8626,1785284706375,1785284706375,0,0.122,0,40
8627,1785284706375,1785284706375,0,0.114,0,40
8628,1785284706375,1785284706375,0,0.107,0,40
8629,1785284706376,1785284706375,1,0.163,0,40
8630,1785284706376,1785284706376,0,0.215,0,40
8631,1785284706376,1785284706376,0,0.202,0,40
8632,1785284706377,1785284706376,1,0.252,0,40
8633,1785284706377,1785284706377,0,0.298,0,40
8634,1785284706377,1785284706377,0,0.280,0,40
8635,1785284706377,1785284706377,0,0.262,0,40
8636,1785284706377,1785284706377,0,0.246,0,40
8637,1785284706502,1785284706502,0,0.231,0,40
8638,1785284706502,1785284706502,0,0.216,0,40
8639,1785284706502,1785284706502,0,0.203,0,40
8640,1785284706502,1785284706502,0,0.190,0,40
8641,1785284706503,1785284706502,1,0.241,0,40
8642,1785284706503,1785284706503,0,0.288,0,40
8643,1785284706503,1785284706503,0,0.270,0,40
8644,1785284706503,1785284706503,0,0.253,0,40
8645,1785284706503,1785284706503,0,0.237,0,40
8646,1785284706503,1785284706503,0,0.223,0,40
8647,1785284706503,1785284706503,0,0.209,0,40
8648,1785284706503,1785284706503,0,0.196,0,40
8649,1785284706629,1785284706629,0,0.183,0,40
8650,1785284706629,1785284706629,0,0.172,0,40
8651,1785284706629,1785284706629,0,0.161,0,40
8652,1785284706629,1785284706629,0,0.151,0,40
8653,1785284706629,1785284706629,0,0.142,0,40
8654,1785284706629,1785284706629,0,0.133,0,40
8655,1785284706629,1785284706629,0,0.124,0,40
8656,1785284706629,1785284706629,0,0.117,0,40
8657,1785284706629,1785284706629,0,0.109,0,40
8658,1785284706629,1785284706629,0,0.103,0,40
8659,1785284706629,1785284706629,0,0.096,0,40
8660,1785284706629,1785284706629,0,0.090,0,40
8661,1785284706629,1785284706629,0,0.085,0,40
8662,1785284706754,1785284706754,0,0.079,0,40
8663,1785284706754,1785284706754,0,0.074,0,40
8664,1785284706754,1785284706754,0,0.070,0,40
8665,1785284706754,1785284706754,0,0.065,0,40
8666,1785284706754,1785284706754,0,0.061,0,40
8667,1785284706754,1785284706754,0,0.057,0,40
8668,1785284706754,1785284706754,0,0.054,0,40
8669,1785284706754,1785284706754,0,0.050,0,40
8670,1785284706756,1785284706754,2,0.172,0,40
8671,1785284706756,1785284706756,0,0.287,0,40
8672,1785284706756,1785284706756,0,0.269,0,40
8673,1785284706756,1785284706756,0,0.252,0,40
8674,1785284706882,1785284706881,1,0.299,0,40
8675,1785284706882,1785284706881,1,0.280,0,40
8676,1785284706882,1785284706881,1,0.262,0,40
8677,1785284706882,1785284706882,0,0.309,0,40
8678,1785284706882,1785284706882,0,0.289,0,40
8679,1785284706882,1785284706882,0,0.271,0,40
8680,1785284706882,1785284706882,0,0.254,0,40
8681,1785284706882,1785284706882,0,0.238,0,40
8682,1785284706882,1785284706882,0,0.223,0,40
8683,1785284706883,1785284706883,0,0.209,0,40
8684,1785284706883,1785284706883,0,0.196,0,40
8685,1785284706883,1785284706883,0,0.184,0,40
8686,1785284706883,1785284706883,0,0.173,0,40
8687,1785284707009,1785284707009,0,0.162,0,40
8688,1785284707010,1785284707009,1,0.214,0,40
8689,1785284707010,1785284707010,0,0.263,0,40
8690,1785284707010,1785284707010,0,0.247,0,40
8691,1785284707010,1785284707010,0,0.231,0,40
8692,1785284707010,1785284707010,0,0.217,0,40
8693,1785284707010,1785284707010,0,0.203,0,40
8694,1785284707010,1785284707010,0,0.191,0,40
8695,1785284707010,1785284707010,0,0.179,0,40
8696,1785284707011,1785284707011,0,0.168,0,40
8697,1785284707011,1785284707011,0,0.157,0,40
8698,1785284707011,1785284707011,0,0.147,0,40
8699,1785284707137,1785284707136,1,0.201,0,40
8700,1785284707137,1785284707137,0,0.251,0,40
8701,1785284707137,1785284707137,0,0.235,0,40
8702,1785284707137,1785284707137,0,0.220,0,40
8703,1785284707137,1785284707137,0,0.206,0,40
8704,1785284707137,1785284707137,0,0.194,0,40
8705,1785284707137,1785284707137,0,0.181,0,40
8706,1785284707137,1785284707137,0,0.170,0,40
8707,1785284707137,1785284707137,0,0.159,0,40
8708,1785284707137,1785284707137,0,0.150,0,40
8709,1785284707137,1785284707137,0,0.140,0,40
8710,1785284707137,1785284707137,0,0.131,0,40
8711,1785284707138,1785284707138,0,0.123,0,40
8712,1785284707264,1785284707263,1,0.178,0,40
8713,1785284707264,1785284707263,1,0.167,0,40
8714,1785284707264,1785284707264,0,0.219,0,40
8715,1785284707264,1785284707264,0,0.205,0,40
8716,1785284707265,1785284707264,1,0.255,0,40
8717,1785284707265,1785284707265,0,0.301,0,40
8718,1785284707265,1785284707265,0,0.283,0,40
8719,1785284707265,1785284707265,0,0.265,0,40
8720,1785284707265,1785284707265,0,0.248,0,40
8721,1785284707265,1785284707265,0,0.233,0,40
8722,1785284707265,1785284707265,0,0.218,0,40
8723,1785284707265,1785284707265,0,0.205,0,40
8724,1785284707390,1785284707390,0,0.192,0,40
8725,1785284707390,1785284707390,0,0.180,0,40
8726,1785284707390,1785284707390,0,0.169,0,40
8727,1785284707390,1785284707390,0,0.158,0,40
8728,1785284707390,1785284707390,0,0.148,0,40
8729,1785284707390,1785284707390,0,0.139,0,40
8730,1785284707391,1785284707390,1,0.193,0,40
8731,1785284707391,1785284707391,0,0.243,0,40
8732,1785284707391,1785284707391,0,0.228,0,40
8733,1785284707391,1785284707391,0,0.214,0,40
8734,1785284707391,1785284707391,0,0.200,0,40
8735,1785284707391,1785284707391,0,0.188,0,40
8736,1785284707391,1785284707391,0,0.176,0,40
8737,1785284707518,1785284707518,0,0.165,0,40
8738,1785284707518,1785284707518,0,0.155,0,40
8739,1785284707518,1785284707518,0,0.145,0,40
8740,1785284707519,1785284707518,1,0.199,0,40
8741,1785284707519,1785284707518,1,0.186,0,40
8742,1785284707519,1785284707518,1,0.175,0,40
8743,1785284707519,1785284707519,0,0.226,0,40
8744,1785284707519,1785284707519,0,0.212,0,40
8745,1785284707519,1785284707519,0,0.199,0,40
8746,1785284707519,1785284707519,0,0.186,0,40
8747,1785284707520,1785284707519,1,0.237,0,40
8748,1785284707520,1785284707520,0,0.285,0,40
8749,1785284707646,1785284707646,0,0.267,0,40
8750,1785284707647,1785284707646,1,0.313,0,40
8751,1785284707647,1785284707647,0,0.356,0,40
8752,1785284707647,1785284707647,0,0.334,0,40
8753,1785284707647,1785284707647,0,0.313,0,40
8754,1785284707648,1785284707647,1,0.356,0,40
8755,1785284707648,1785284707648,0,0.396,0,40
8756,1785284707648,1785284707648,0,0.371,0,40
8757,1785284707648,1785284707648,0,0.348,0,40
8758,1785284707648,1785284707648,0,0.326,0,40
8759,1785284707648,1785284707648,0,0.306,0,40
8760,1785284707648,1785284707648,0,0.287,0,40
8761,1785284707648,1785284707648,0,0.269,0,40
8762,1785284707648,1785284707648,0,0.252,0,40
8763,1785284707648,1785284707648,0,0.236,0,40
8764,1785284707648,1785284707648,0,0.221,0,40
8765,1785284707774,1785284707774,0,0.208,0,40
8766,1785284707774,1785284707774,0,0.195,0,40
8767,1785284707774,1785284707774,0,0.183,0,40
8768,1785284707774,1785284707774,0,0.171,0,40
8769,1785284707776,1785284707774,2,0.285,0,40
8770,1785284707776,1785284707776,0,0.393,0,40
8771,1785284707776,1785284707776,0,0.368,0,40
8772,1785284707776,1785284707776,0,0.345,0,40
8773,1785284707776,1785284707776,0,0.323,0,40
8774,1785284707776,1785284707776,0,0.303,0,40
8775,1785284707776,1785284707776,0,0.284,0,40
8776,1785284707777,1785284707776,1,0.329,0,40
8777,1785284707902,1785284707902,0,0.371,0,40
8778,1785284707902,1785284707902,0,0.348,0,40
8779,1785284707902,1785284707902,0,0.326,0,40
8780,1785284707902,1785284707902,0,0.306,0,40
8781,1785284707903,1785284707902,1,0.349,0,40
8782,1785284707903,1785284707903,0,0.390,0,40
8783,1785284707903,1785284707903,0,0.365,0,40
8784,1785284707903,1785284707903,0,0.343,0,40
8785,1785284707903,1785284707903,0,0.321,0,40
8786,1785284707903,1785284707903,0,0.301,0,40
8787,1785284707903,1785284707903,0,0.282,0,40
8788,1785284707904,1785284707903,1,0.327,0,40
8789,1785284707904,1785284707904,0,0.369,0,40
8790,1785284708030,1785284708030,0,0.346,0,40
8791,1785284708030,1785284708030,0,0.324,0,40
8792,1785284708030,1785284708030,0,0.304,0,40
8793,1785284708031,1785284708030,1,0.348,0,40
8794,1785284708031,1785284708031,0,0.388,0,40
8795,1785284708031,1785284708031,0,0.364,0,40
8796,1785284708031,1785284708031,0,0.341,0,40
8797,1785284708031,1785284708031,0,0.320,0,40
8798,1785284708031,1785284708031,0,0.300,0,40
8799,1785284708031,1785284708031,0,0.281,0,40
8800,1785284708031,1785284708031,0,0.264,0,40
8801,1785284708032,1785284708031,1,0.310,0,40
8802,1785284708157,1785284708157,0,0.353,0,40
8803,1785284708157,1785284708157,0,0.331,0,40
8804,1785284708159,1785284708157,2,0.435,0,40
8805,1785284708159,1785284708157,2,0.408,0,40
8806,1785284708159,1785284708159,0,0.507,0,40
8807,1785284708159,1785284708159,0,0.476,0,40
8808,1785284708159,1785284708159,0,0.446,0,40
8809,1785284708159,1785284708159,0,0.418,0,40
8810,1785284708159,1785284708159,0,0.392,0,40
8811,1785284708159,1785284708159,0,0.367,0,40
8812,1785284708159,1785284708159,0,0.345,0,40
8813,1785284708159,1785284708159,0,0.323,0,40
8814,1785284708159,1785284708159,0,0.303,0,40
8815,1785284708286,1785284708286,0,0.284,0,40
8816,1785284708287,1785284708286,1,0.329,0,40
8817,1785284708287,1785284708287,0,0.371,0,40
8818,1785284708288,1785284708288,0,0.347,0,40
8819,1785284708288,1785284708288,0,0.326,0,40
8820,1785284708288,1785284708288,0,0.305,0,40
8821,1785284708288,1785284708288,0,0.286,0,40
8822,1785284708288,1785284708288,0,0.268,0,40
8823,1785284708288,1785284708288,0,0.252,0,40
8824,1785284708288,1785284708288,0,0.236,0,40
8825,1785284708288,1785284708288,0,0.221,0,40
8826,1785284708288,1785284708288,0,0.207,0,40
8827,1785284708414,1785284708414,0,0.194,0,40
8828,1785284708414,1785284708414,0,0.182,0,40
8829,1785284708414,1785284708414,0,0.171,0,40
8830,1785284708414,1785284708414,0,0.160,0,40
8831,1785284708414,1785284708414,0,0.150,0,40
8832,1785284708414,1785284708414,0,0.141,0,40
8833,1785284708414,1785284708414,0,0.132,0,40
8834,1785284708416,1785284708414,2,0.249,0,40
8835,1785284708416,1785284708416,0,0.358,0,40
8836,1785284708416,1785284708416,0,0.336,0,40
8837,1785284708416,1785284708416,0,0.315,0,40
8838,1785284708416,1785284708416,0,0.295,0,40
8839,1785284708416,1785284708416,0,0.277,0,40
8840,1785284708542,1785284708542,0,0.259,0,40
8841,1785284708542,1785284708542,0,0.243,0,40
8842,1785284708542,1785284708542,0,0.228,0,40
8843,1785284708542,1785284708542,0,0.214,0,40
8844,1785284708542,1785284708542,0,0.200,0,40
8845,1785284708542,1785284708542,0,0.188,0,40
8846,1785284708542,1785284708542,0,0.176,0,40
8847,1785284708542,1785284708542,0,0.165,0,40
8848,1785284708543,1785284708543,0,0.155,0,40
8849,1785284708543,1785284708543,0,0.145,0,40
8850,1785284708543,1785284708543,0,0.136,0,40
8851,1785284708543,1785284708543,0,0.128,0,40
8852,1785284708669,1785284708669,0,0.120,0,40
8853,1785284708670,1785284708669,1,0.175,0,40
8854,1785284708670,1785284708670,0,0.226,0,40
8855,1785284708670,1785284708670,0,0.212,0,40
8856,1785284708670,1785284708670,0,0.199,0,40
8857,1785284708670,1785284708670,0,0.186,0,40
8858,1785284708670,1785284708670,0,0.175,0,40
8859,1785284708670,1785284708670,0,0.164,0,40
8860,1785284708671,1785284708670,1,0.216,0,40
8861,1785284708671,1785284708671,0,0.265,0,40
8862,1785284708671,1785284708671,0,0.248,0,40
8863,1785284708671,1785284708671,0,0.233,0,40
8864,1785284708671,1785284708671,0,0.218,0,40
8865,1785284708797,1785284708797,0,0.205,0,40
8866,1785284708797,1785284708797,0,0.192,0,40
8867,1785284708797,1785284708797,0,0.180,0,40
8868,1785284708797,1785284708797,0,0.169,0,40
8869,1785284708797,1785284708797,0,0.158,0,40
8870,1785284708797,1785284708797,0,0.148,0,40
8871,1785284708797,1785284708797,0,0.139,0,40
8872,1785284708797,1785284708797,0,0.130,0,40
8873,1785284708798,1785284708797,1,0.185,0,40
8874,1785284708798,1785284708797,1,0.173,0,40
8875,1785284708798,1785284708798,0,0.225,0,40
8876,1785284708798,1785284708798,0,0.211,0,40
8877,1785284708924,1785284708923,1,0.260,0,40
8878,1785284708924,1785284708923,1,0.244,0,40
8879,1785284708924,1785284708924,0,0.291,0,40
8880,1785284708924,1785284708924,0,0.273,0,40
8881,1785284708926,1785284708924,2,0.381,0,40
8882,1785284708926,1785284708924,2,0.357,0,40
8883,1785284708926,1785284708924,2,0.335,0,40
8884,1785284708926,1785284708924,2,0.314,0,40
8885,1785284708926,1785284708926,0,0.419,0,40
8886,1785284708926,1785284708926,0,0.393,0,40
8887,1785284708926,1785284708926,0,0.368,0,40
8888,1785284708926,1785284708926,0,0.345,0,40
8889,1785284708927,1785284708926,1,0.386,0,40
8890,1785284709051,1785284709051,0,0.425,0,40
8891,1785284709051,1785284709051,0,0.398,0,40
8892,1785284709052,1785284709051,1,0.436,0,40
8893,1785284709052,1785284709052,0,0.471,0,40
8894,1785284709052,1785284709052,0,0.442,0,40
8895,1785284709052,1785284709052,0,0.414,0,40
8896,1785284709052,1785284709052,0,0.388,0,40
8897,1785284709052,1785284709052,0,0.364,0,40
8898,1785284709052,1785284709052,0,0.341,0,40
8899,1785284709053,1785284709052,1,0.382,0,40
8900,1785284709053,1785284709053,0,0.421,0,40
8901,1785284709053,1785284709053,0,0.395,0,40
8902,1785284709179,1785284709179,0,0.370,0,40
8903,1785284709179,1785284709179,0,0.347,0,40
8904,1785284709179,1785284709179,0,0.325,0,40
8905,1785284709179,1785284709179,0,0.305,0,40
8906,1785284709180,1785284709179,1,0.348,0,40
8907,1785284709180,1785284709180,0,0.389,0,40
8908,1785284709180,1785284709180,0,0.365,0,40
8909,1785284709180,1785284709180,0,0.342,0,40
8910,1785284709180,1785284709180,0,0.321,0,40
8911,1785284709180,1785284709180,0,0.300,0,40
8912,1785284709180,1785284709180,0,0.282,0,40
8913,1785284709180,1785284709180,0,0.264,0,40
8914,1785284709180,1785284709180,0,0.248,0,40
8915,1785284709180,1785284709180,0,0.232,0,40
8916,1785284709181,1785284709180,1,0.280,0,40
8917,1785284709181,1785284709181,0,0.325,0,40
8918,1785284709307,1785284709307,0,0.305,0,40
8919,1785284709307,1785284709307,0,0.286,0,40
8920,1785284709307,1785284709307,0,0.268,0,40
8921,1785284709307,1785284709307,0,0.251,0,40
8922,1785284709307,1785284709307,0,0.235,0,40
8923,1785284709307,1785284709307,0,0.221,0,40
8924,1785284709307,1785284709307,0,0.207,0,40
8925,1785284709307,1785284709307,0,0.194,0,40
8926,1785284709308,1785284709307,1,0.244,0,40
8927,1785284709308,1785284709307,1,0.229,0,40
8928,1785284709308,1785284709308,0,0.277,0,40
8929,1785284709308,1785284709308,0,0.260,0,40
8930,1785284709433,1785284709433,0,0.244,0,40
8931,1785284709433,1785284709433,0,0.228,0,40
8932,1785284709433,1785284709433,0,0.214,0,40
8933,1785284709433,1785284709433,0,0.201,0,40
8934,1785284709433,1785284709433,0,0.188,0,40
8935,1785284709433,1785284709433,0,0.176,0,40
8936,1785284709433,1785284709433,0,0.165,0,40
8937,1785284709435,1785284709433,2,0.280,0,40
8938,1785284709435,1785284709433,2,0.263,0,40
8939,1785284709435,1785284709435,0,0.371,0,40
8940,1785284709435,1785284709435,0,0.348,0,40
8941,1785284709435,1785284709435,0,0.326,0,40
8942,1785284709435,1785284709435,0,0.306,0,40
8943,1785284709560,1785284709560,0,0.287,0,40
8944,1785284709561,1785284709560,1,0.331,0,40
8945,1785284709561,1785284709560,1,0.311,0,40
8946,1785284709561,1785284709561,0,0.354,0,40
8947,1785284709561,1785284709561,0,0.332,0,40
8948,1785284709561,1785284709561,0,0.311,0,40
8949,1785284709561,1785284709561,0,0.291,0,40
8950,1785284709561,1785284709561,0,0.273,0,40
8951,1785284709561,1785284709561,0,0.256,0,40
8952,1785284709562,1785284709561,1,0.303,0,40
8953,1785284709562,1785284709562,0,0.346,0,40
8954,1785284709562,1785284709562,0,0.325,0,40
8955,1785284709688,1785284709688,0,0.304,0,40
8956,1785284709688,1785284709688,0,0.285,0,40
8957,1785284709688,1785284709688,0,0.267,0,40
8958,1785284709688,1785284709688,0,0.251,0,40
8959,1785284709689,1785284709688,1,0.298,0,40
8960,1785284709689,1785284709689,0,0.341,0,40
8961,1785284709689,1785284709689,0,0.320,0,40
8962,1785284709689,1785284709689,0,0.300,0,40
8963,1785284709690,1785284709689,1,0.344,0,40
8964,1785284709690,1785284709689,1,0.322,0,40
8965,1785284709690,1785284709690,0,0.365,0,40
8966,1785284709690,1785284709690,0,0.342,0,40
8967,1785284709690,1785284709690,0,0.321,0,40
8968,1785284709817,1785284709816,1,0.363,0,40
8969,1785284709817,1785284709817,0,0.403,0,40
8970,1785284709818,1785284709818,0,0.378,0,40
8971,1785284709818,1785284709818,0,0.354,0,40
8972,1785284709818,1785284709818,0,0.332,0,40
8973,1785284709819,1785284709819,0,0.311,0,40
8974,1785284709820,1785284709819,1,0.354,0,40
8975,1785284709820,1785284709819,1,0.332,0,40
8976,1785284709820,1785284709820,0,0.374,0,40
8977,1785284709820,1785284709820,0,0.350,0,40
8978,1785284709820,1785284709820,0,0.329,0,40
8979,1785284709821,1785284709820,1,0.371,0,40
8980,1785284709946,1785284709946,0,0.410,0,40
8981,1785284709946,1785284709946,0,0.384,0,40
8982,1785284709947,1785284709946,1,0.423,0,40
8983,1785284709947,1785284709947,0,0.459,0,40
8984,1785284709947,1785284709947,0,0.430,0,40
8985,1785284709948,1785284709948,0,0.403,0,40
8986,1785284709948,1785284709948,0,0.378,0,40
8987,1785284709948,1785284709948,0,0.354,0,40
8988,1785284709949,1785284709948,1,0.395,0,40
8989,1785284709949,1785284709949,0,0.433,0,40
8990,1785284709949,1785284709949,0,0.406,0,40
8991,1785284709949,1785284709949,0,0.380,0,40
8992,1785284709949,1785284709949,0,0.356,0,40
8993,1785284710076,1785284710075,1,0.397,0,40
8994,1785284710076,1785284710076,0,0.434,0,40
8995,1785284710076,1785284710076,0,0.407,0,40
8996,1785284710076,1785284710076,0,0.382,0,40
8997,1785284710076,1785284710076,0,0.358,0,40
8998,1785284710076,1785284710076,0,0.336,0,40
8999,1785284710076,1785284710076,0,0.315,0,40
9000,1785284710076,1785284710076,0,0.295,0,40
9001,1785284710077,1785284710076,1,0.339,0,40
9002,1785284710077,1785284710077,0,0.380,0,40
9003,1785284710077,1785284710077,0,0.357,0,40
9004,1785284710077,1785284710077,0,0.334,0,40
9005,1785284710105,1785284710105,0,0.313,0,0
9006,1785284710202,1785284710202,0,0.294,0,40
9007,1785284710202,1785284710202,0,0.275,0,40
9008,1785284710203,1785284710202,1,0.321,0,40
9009,1785284710203,1785284710202,1,0.301,0,40
9010,1785284710203,1785284710202,1,0.282,0,40
9011,1785284710203,1785284710203,0,0.327,0,40
9012,1785284710203,1785284710203,0,0.306,0,40
9013,1785284710203,1785284710203,0,0.287,0,40
9014,1785284710203,1785284710203,0,0.269,0,40
9015,1785284710203,1785284710203,0,0.252,0,40
9016,1785284710203,1785284710203,0,0.237,0,40
9017,1785284710203,1785284710203,0,0.222,0,40
9018,1785284710203,1785284710203,0,0.208,0,40
9019,1785284710330,1785284710329,1,0.257,0,40
9020,1785284710330,1785284710330,0,0.304,0,40
9021,1785284710330,1785284710330,0,0.285,0,40
9022,1785284710330,1785284710330,0,0.267,0,40
9023,1785284710330,1785284710330,0,0.250,0,40
9024,1785284710330,1785284710330,0,0.235,0,40
9025,1785284710331,1785284710330,1,0.283,0,40
9026,1785284710331,1785284710330,1,0.265,0,40
9027,1785284710331,1785284710331,0,0.311,0,40
9028,1785284710331,1785284710331,0,0.291,0,40
9029,1785284710331,1785284710331,0,0.273,0,40
9030,1785284710331,1785284710331,0,0.256,0,40
9031,1785284710457,1785284710457,0,0.240,0,40
9032,1785284710457,1785284710457,0,0.225,0,40
9033,1785284710458,1785284710457,1,0.274,0,40
9034,1785284710458,1785284710458,0,0.319,0,40
9035,1785284710458,1785284710458,0,0.299,0,40
9036,1785284710458,1785284710458,0,0.280,0,40
9037,1785284710459,1785284710458,1,0.325,0,40
9038,1785284710459,1785284710458,1,0.305,0,40
9039,1785284710459,1785284710459,0,0.348,0,40
9040,1785284710459,1785284710459,0,0.327,0,40
9041,1785284710460,1785284710459,1,0.369,0,40
9042,1785284710460,1785284710460,0,0.408,0,40
9043,1785284710460,1785284710460,0,0.383,0,40
9044,1785284710586,1785284710586,0,0.359,0,40
9045,1785284710586,1785284710586,0,0.336,0,40
9046,1785284710586,1785284710586,0,0.315,0,40
9047,1785284710586,1785284710586,0,0.296,0,40
9048,1785284710586,1785284710586,0,0.277,0,40
9049,1785284710587,1785284710586,1,0.322,0,40
9050,1785284710587,1785284710587,0,0.365,0,40
9051,1785284710587,1785284710587,0,0.342,0,40
9052,1785284710587,1785284710587,0,0.321,0,40
9053,1785284710587,1785284710587,0,0.300,0,40
9054,1785284710587,1785284710587,0,0.282,0,40
9055,1785284710587,1785284710587,0,0.264,0,40
9056,1785284710713,1785284710713,0,0.248,0,40
9057,1785284710713,1785284710713,0,0.232,0,40
9058,1785284710713,1785284710713,0,0.218,0,40
9059,1785284710714,1785284710713,1,0.267,0,40
9060,1785284710714,1785284710713,1,0.250,0,40
9061,1785284710714,1785284710713,1,0.234,0,40
9062,1785284710714,1785284710714,0,0.282,0,40
9063,1785284710714,1785284710714,0,0.264,0,40
9064,1785284710714,1785284710714,0,0.248,0,40
9065,1785284710714,1785284710714,0,0.232,0,40
9066,1785284710715,1785284710714,1,0.280,0,40
9067,1785284710715,1785284710715,0,0.325,0,40
9068,1785284710715,1785284710715,0,0.305,0,40
9069,1785284710715,1785284710715,0,0.286,0,40
9070,1785284710715,1785284710715,0,0.268,0,40
9071,1785284710715,1785284710715,0,0.251,0,40
9072,1785284710840,1785284710840,0,0.236,0,40
9073,1785284710841,1785284710840,1,0.283,0,40
9074,1785284710841,1785284710840,1,0.266,0,40
9075,1785284710841,1785284710841,0,0.312,0,40
9076,1785284710841,1785284710841,0,0.292,0,40
9077,1785284710841,1785284710841,0,0.274,0,40
9078,1785284710841,1785284710841,0,0.257,0,40
9079,1785284710841,1785284710841,0,0.241,0,40
9080,1785284710841,1785284710841,0,0.226,0,40
9081,1785284710841,1785284710841,0,0.212,0,40
9082,1785284710841,1785284710841,0,0.198,0,40
9083,1785284710841,1785284710841,0,0.186,0,40
9084,1785284710967,1785284710967,0,0.174,0,40
9085,1785284710967,1785284710967,0,0.163,0,40
9086,1785284710968,1785284710967,1,0.216,0,40
9087,1785284710968,1785284710968,0,0.265,0,40
9088,1785284710968,1785284710968,0,0.248,0,40
9089,1785284710969,1785284710968,1,0.295,0,40
9090,1785284710969,1785284710969,0,0.339,0,40
9091,1785284710970,1785284710969,1,0.381,0,40
9092,1785284710970,1785284710969,1,0.357,0,40
9093,1785284710970,1785284710970,0,0.397,0,40
9094,1785284710970,1785284710970,0,0.372,0,40
9095,1785284710971,1785284710970,1,0.411,0,40
9096,1785284710971,1785284710970,1,0.386,0,40
9097,1785284711096,1785284711096,0,0.424,0,40
9098,1785284711096,1785284711096,0,0.398,0,40
9099,1785284711096,1785284711096,0,0.373,0,40
9100,1785284711096,1785284711096,0,0.349,0,40
9101,1785284711096,1785284711096,0,0.328,0,40
9102,1785284711096,1785284711096,0,0.307,0,40
9103,1785284711096,1785284711096,0,0.288,0,40
9104,1785284711096,1785284711096,0,0.270,0,40
9105,1785284711096,1785284711096,0,0.253,0,40
9106,1785284711096,1785284711096,0,0.237,0,40
9107,1785284711096,1785284711096,0,0.222,0,40
9108,1785284711096,1785284711096,0,0.209,0,40
9109,1785284711221,1785284711221,0,0.195,0,40
9110,1785284711221,1785284711221,0,0.183,0,40
9111,1785284711221,1785284711221,0,0.172,0,40
9112,1785284711221,1785284711221,0,0.161,0,40
9113,1785284711221,1785284711221,0,0.151,0,40
9114,1785284711221,1785284711221,0,0.142,0,40
9115,1785284711221,1785284711221,0,0.133,0,40
9116,1785284711221,1785284711221,0,0.124,0,40
9117,1785284711221,1785284711221,0,0.117,0,40
9118,1785284711221,1785284711221,0,0.109,0,40
9119,1785284711221,1785284711221,0,0.103,0,40
9120,1785284711222,1785284711221,1,0.159,0,40
9121,1785284711222,1785284711222,0,0.211,0,40
9122,1785284711348,1785284711347,1,0.260,0,40
9123,1785284711348,1785284711347,1,0.244,0,40
9124,1785284711348,1785284711347,1,0.229,0,40
9125,1785284711348,1785284711348,0,0.277,0,40
9126,1785284711348,1785284711348,0,0.260,0,40
9127,1785284711348,1785284711348,0,0.244,0,40
9128,1785284711349,1785284711348,1,0.291,0,40
9129,1785284711349,1785284711348,1,0.273,0,40
9130,1785284711349,1785284711349,0,0.318,0,40
9131,1785284711349,1785284711349,0,0.298,0,40
9132,1785284711349,1785284711349,0,0.280,0,40
9133,1785284711349,1785284711349,0,0.262,0,40
9134,1785284711476,1785284711475,1,0.308,0,40
9135,1785284711476,1785284711475,1,0.289,0,40
9136,1785284711476,1785284711476,0,0.333,0,40
9137,1785284711477,1785284711476,1,0.375,0,40
9138,1785284711477,1785284711477,0,0.414,0,40
9139,1785284711477,1785284711477,0,0.388,0,40
9140,1785284711477,1785284711477,0,0.364,0,40
9141,1785284711477,1785284711477,0,0.341,0,40
9142,1785284711477,1785284711477,0,0.320,0,40
9143,1785284711478,1785284711478,0,0.300,0,40
9144,1785284711478,1785284711478,0,0.281,0,40
9145,1785284711478,1785284711478,0,0.264,0,40
9146,1785284711478,1785284711478,0,0.247,0,40
9147,1785284711603,1785284711603,0,0.232,0,40
9148,1785284711603,1785284711603,0,0.217,0,40
9149,1785284711605,1785284711603,2,0.329,0,40
9150,1785284711605,1785284711605,0,0.433,0,40
9151,1785284711605,1785284711605,0,0.406,0,40
9152,1785284711606,1785284711605,1,0.443,0,40
9153,1785284711606,1785284711606,0,0.478,0,40
9154,1785284711606,1785284711606,0,0.448,0,40
9155,1785284711607,1785284711607,0,0.420,0,40
9156,1785284711607,1785284711607,0,0.394,0,40
9157,1785284711607,1785284711607,0,0.369,0,40
9158,1785284711607,1785284711607,0,0.346,0,40
9159,1785284711733,1785284711732,1,0.387,0,40
9160,1785284711733,1785284711733,0,0.425,0,40
9161,1785284711733,1785284711733,0,0.399,0,40
9162,1785284711733,1785284711733,0,0.374,0,40
9163,1785284711734,1785284711734,0,0.350,0,40
9164,1785284711734,1785284711734,0,0.329,0,40
9165,1785284711735,1785284711734,1,0.371,0,40
9166,1785284711735,1785284711735,0,0.410,0,40
9167,1785284711735,1785284711735,0,0.384,0,40
9168,1785284711735,1785284711735,0,0.360,0,40
9169,1785284711735,1785284711735,0,0.338,0,40
9170,1785284711735,1785284711735,0,0.317,0,40
9171,1785284711735,1785284711735,0,0.297,0,40
9172,1785284711860,1785284711860,0,0.278,0,40
9173,1785284711860,1785284711860,0,0.261,0,40
9174,1785284711860,1785284711860,0,0.245,0,40
9175,1785284711860,1785284711860,0,0.229,0,40
9176,1785284711860,1785284711860,0,0.215,0,40
9177,1785284711860,1785284711860,0,0.202,0,40
9178,1785284711860,1785284711860,0,0.189,0,40
9179,1785284711860,1785284711860,0,0.177,0,40
9180,1785284711861,1785284711860,1,0.229,0,40
9181,1785284711861,1785284711861,0,0.277,0,40
9182,1785284711861,1785284711861,0,0.259,0,40
9183,1785284711861,1785284711861,0,0.243,0,40
9184,1785284711987,1785284711987,0,0.228,0,40
9185,1785284711987,1785284711987,0,0.214,0,40
9186,1785284711987,1785284711987,0,0.200,0,40
9187,1785284711987,1785284711987,0,0.188,0,40
9188,1785284711987,1785284711987,0,0.176,0,40
9189,1785284711987,1785284711987,0,0.165,0,40
9190,1785284711987,1785284711987,0,0.155,0,40
9191,1785284711988,1785284711988,0,0.145,0,40
9192,1785284711988,1785284711988,0,0.136,0,40
9193,1785284711988,1785284711988,0,0.128,0,40
9194,1785284711988,1785284711988,0,0.120,0,40
9195,1785284711989,1785284711989,0,0.112,0,40
9196,1785284711989,1785284711989,0,0.105,0,40
9197,1785284711989,1785284711989,0,0.099,0,40
9198,1785284711989,1785284711989,0,0.092,0,40
9199,1785284711989,1785284711989,0,0.087,0,40
9200,1785284712114,1785284712114,0,0.081,0,40
9201,1785284712114,1785284712114,0,0.076,0,40
9202,1785284712116,1785284712114,2,0.196,0,40
9203,1785284712116,1785284712116,0,0.309,0,40
9204,1785284712116,1785284712116,0,0.290,0,40
9205,1785284712116,1785284712116,0,0.272,0,40
9206,1785284712116,1785284712116,0,0.255,0,40
9207,1785284712116,1785284712116,0,0.239,0,40
9208,1785284712116,1785284712116,0,0.224,0,40
9209,1785284712242,1785284712242,0,0.210,0,40
9210,1785284712242,1785284712242,0,0.197,0,40
9211,1785284712242,1785284712242,0,0.184,0,40
9212,1785284712242,1785284712242,0,0.173,0,40
9213,1785284712242,1785284712242,0,0.162,0,40
9214,1785284712242,1785284712242,0,0.152,0,40
9215,1785284712242,1785284712242,0,0.142,0,40
9216,1785284712244,1785284712242,2,0.259,0,40
9217,1785284712244,1785284712242,2,0.242,0,40
9218,1785284712244,1785284712244,0,0.352,0,40
9219,1785284712244,1785284712244,0,0.330,0,40
9220,1785284712244,1785284712244,0,0.310,0,40
9221,1785284712245,1785284712244,1,0.353,0,40
9222,1785284712245,1785284712245,0,0.393,0,40
9223,1785284712246,1785284712245,1,0.431,0,40
9224,1785284712246,1785284712245,1,0.404,0,40
9225,1785284712370,1785284712370,0,0.441,0,40
9226,1785284712370,1785284712370,0,0.414,0,40
9227,1785284712370,1785284712370,0,0.388,0,40
9228,1785284712370,1785284712370,0,0.364,0,40
9229,1785284712370,1785284712370,0,0.341,0,40
9230,1785284712370,1785284712370,0,0.320,0,40
9231,1785284712370,1785284712370,0,0.300,0,40
9232,1785284712370,1785284712370,0,0.281,0,40
9233,1785284712371,1785284712370,1,0.326,0,40
9234,1785284712371,1785284712370,1,0.306,0,40
9235,1785284712371,1785284712371,0,0.349,0,40
9236,1785284712371,1785284712371,0,0.327,0,40
9237,1785284712371,1785284712371,0,0.307,0,40
9238,1785284712497,1785284712497,0,0.288,0,40
9239,1785284712497,1785284712497,0,0.270,0,40
9240,1785284712497,1785284712497,0,0.253,0,40
9241,1785284712497,1785284712497,0,0.237,0,40
9242,1785284712497,1785284712497,0,0.222,0,40
9243,1785284712497,1785284712497,0,0.208,0,40
9244,1785284712497,1785284712497,0,0.195,0,40
9245,1785284712497,1785284712497,0,0.183,0,40
9246,1785284712497,1785284712497,0,0.172,0,40
9247,1785284712497,1785284712497,0,0.161,0,40
9248,1785284712497,1785284712497,0,0.151,0,40
9249,1785284712497,1785284712497,0,0.141,0,40
9250,1785284712624,1785284712624,0,0.133,0,40
9251,1785284712626,1785284712624,2,0.249,0,40
9252,1785284712626,1785284712626,0,0.359,0,40
9253,1785284712626,1785284712626,0,0.336,0,40
9254,1785284712626,1785284712626,0,0.315,0,40
9255,1785284712626,1785284712626,0,0.296,0,40
9256,1785284712627,1785284712626,1,0.340,0,40
9257,1785284712627,1785284712627,0,0.381,0,40
9258,1785284712627,1785284712627,0,0.357,0,40
9259,1785284712627,1785284712627,0,0.335,0,40
9260,1785284712627,1785284712627,0,0.314,0,40
9261,1785284712628,1785284712627,1,0.357,0,40
9262,1785284712628,1785284712628,0,0.397,0,40
9263,1785284712753,1785284712753,0,0.372,0,40
9264,1785284712753,1785284712753,0,0.349,0,40
9265,1785284712753,1785284712753,0,0.327,0,40
9266,1785284712753,1785284712753,0,0.307,0,40
9267,1785284712753,1785284712753,0,0.287,0,40
9268,1785284712753,1785284712753,0,0.269,0,40
9269,1785284712753,1785284712753,0,0.253,0,40
9270,1785284712753,1785284712753,0,0.237,0,40
9271,1785284712753,1785284712753,0,0.222,0,40
9272,1785284712755,1785284712753,2,0.333,0,40
9273,1785284712755,1785284712753,2,0.312,0,40
9274,1785284712755,1785284712755,0,0.418,0,40
9275,1785284712880,1785284712880,0,0.392,0,40
9276,1785284712880,1785284712880,0,0.367,0,40
9277,1785284712880,1785284712880,0,0.344,0,40
9278,1785284712880,1785284712880,0,0.323,0,40
9279,1785284712880,1785284712880,0,0.303,0,40
9280,1785284712880,1785284712880,0,0.284,0,40
9281,1785284712880,1785284712880,0,0.266,0,40
9282,1785284712882,1785284712880,2,0.374,0,40
9283,1785284712882,1785284712880,2,0.351,0,40
9284,1785284712882,1785284712882,0,0.454,0,40
9285,1785284712882,1785284712882,0,0.426,0,40
9286,1785284712882,1785284712882,0,0.399,0,40
9287,1785284712882,1785284712882,0,0.374,0,40
9288,1785284713007,1785284713007,0,0.351,0,40
9289,1785284713007,1785284713007,0,0.329,0,40
9290,1785284713007,1785284713007,0,0.308,0,40
9291,1785284713007,1785284713007,0,0.289,0,40
9292,1785284713007,1785284713007,0,0.271,0,40
9293,1785284713007,1785284713007,0,0.254,0,40
9294,1785284713007,1785284713007,0,0.238,0,40
9295,1785284713007,1785284713007,0,0.223,0,40
9296,1785284713007,1785284713007,0,0.209,0,40
9297,1785284713007,1785284713007,0,0.196,0,40
9298,1785284713007,1785284713007,0,0.184,0,40
9299,1785284713009,1785284713007,2,0.297,0,40
9300,1785284713133,1785284713133,0,0.404,0,40
9301,1785284713133,1785284713133,0,0.379,0,40
9302,1785284713133,1785284713133,0,0.355,0,40
9303,1785284713134,1785284713133,1,0.395,0,40
9304,1785284713134,1785284713134,0,0.433,0,40
9305,1785284713134,1785284713134,0,0.406,0,40
9306,1785284713134,1785284713134,0,0.381,0,40
9307,1785284713134,1785284713134,0,0.357,0,40
9308,1785284713136,1785284713134,2,0.460,0,40
9309,1785284713136,1785284713136,0,0.556,0,40
9310,1785284713136,1785284713136,0,0.521,0,40
9311,1785284713136,1785284713136,0,0.488,0,40
9312,1785284713136,1785284713136,0,0.458,0,40
9313,1785284713262,1785284713262,0,0.429,0,40
9314,1785284713262,1785284713262,0,0.403,0,40
9315,1785284713262,1785284713262,0,0.377,0,40
9316,1785284713262,1785284713262,0,0.354,0,40
9317,1785284713262,1785284713262,0,0.332,0,40
9318,1785284713262,1785284713262,0,0.311,0,40
9319,1785284713262,1785284713262,0,0.291,0,40
9320,1785284713262,1785284713262,0,0.273,0,40
9321,1785284713262,1785284713262,0,0.256,0,40
9322,1785284713262,1785284713262,0,0.240,0,40
9323,1785284713262,1785284713262,0,0.225,0,40
9324,1785284713262,1785284713262,0,0.211,0,40
9325,1785284713388,1785284713388,0,0.198,0,40
9326,1785284713388,1785284713388,0,0.186,0,40
9327,1785284713388,1785284713388,0,0.174,0,40
9328,1785284713388,1785284713388,0,0.163,0,40
9329,1785284713388,1785284713388,0,0.153,0,40
9330,1785284713388,1785284713388,0,0.143,0,40
9331,1785284713389,1785284713389,0,0.134,0,40
9332,1785284713389,1785284713389,0,0.126,0,40
9333,1785284713389,1785284713389,0,0.118,0,40
9334,1785284713389,1785284713389,0,0.111,0,40
9335,1785284713389,1785284713389,0,0.104,0,40
9336,1785284713389,1785284713389,0,0.097,0,40
9337,1785284713389,1785284713389,0,0.091,0,40
9338,1785284713515,1785284713515,0,0.086,0,40
9339,1785284713515,1785284713515,0,0.080,0,40
9340,1785284713515,1785284713515,0,0.075,0,40
9341,1785284713515,1785284713515,0,0.070,0,40
9342,1785284713515,1785284713515,0,0.066,0,40
9343,1785284713515,1785284713515,0,0.062,0,40
9344,1785284713515,1785284713515,0,0.058,0,40
9345,1785284713515,1785284713515,0,0.054,0,40
9346,1785284713515,1785284713515,0,0.051,0,40
9347,1785284713515,1785284713515,0,0.048,0,40
9348,1785284713515,1785284713515,0,0.045,0,40
9349,1785284713515,1785284713515,0,0.042,0,40
9350,1785284713641,1785284713641,0,0.039,0,40
9351,1785284713641,1785284713641,0,0.037,0,40
9352,1785284713641,1785284713641,0,0.035,0,40
9353,1785284713641,1785284713641,0,0.032,0,40
9354,1785284713642,1785284713641,1,0.093,0,40
9355,1785284713642,1785284713642,0,0.150,0,40
9356,1785284713642,1785284713642,0,0.140,0,40
9357,1785284713642,1785284713642,0,0.132,0,40
9358,1785284713642,1785284713642,0,0.123,0,40
9359,1785284713642,1785284713642,0,0.116,0,40
9360,1785284713642,1785284713642,0,0.108,0,40
9361,1785284713642,1785284713642,0,0.102,0,40
9362,1785284713642,1785284713642,0,0.095,0,40
9363,1785284713768,1785284713768,0,0.089,0,40
9364,1785284713769,1785284713768,1,0.146,0,40
9365,1785284713769,1785284713769,0,0.200,0,40
9366,1785284713769,1785284713769,0,0.187,0,40
9367,1785284713769,1785284713769,0,0.175,0,40
9368,1785284713769,1785284713769,0,0.164,0,40
9369,1785284713769,1785284713769,0,0.154,0,40
9370,1785284713769,1785284713769,0,0.145,0,40
9371,1785284713769,1785284713769,0,0.135,0,40
9372,1785284713769,1785284713769,0,0.127,0,40
9373,1785284713769,1785284713769,0,0.119,0,40
9374,1785284713769,1785284713769,0,0.112,0,40
9375,1785284713895,1785284713895,0,0.105,0,40
9376,1785284713895,1785284713895,0,0.098,0,40
9377,1785284713895,1785284713895,0,0.092,0,40
9378,1785284713895,1785284713895,0,0.086,0,40
9379,1785284713896,1785284713895,1,0.143,0,40
9380,1785284713896,1785284713896,0,0.197,0,40
9381,1785284713896,1785284713896,0,0.185,0,40
9382,1785284713896,1785284713896,0,0.173,0,40
9383,1785284713896,1785284713896,0,0.162,0,40
9384,1785284713896,1785284713896,0,0.152,0,40
9385,1785284713896,1785284713896,0,0.143,0,40
9386,1785284713897,1785284713897,0,0.134,0,40
9387,1785284713897,1785284713897,0,0.125,0,40
9388,1785284714024,1785284714023,1,0.180,0,40
9389,1785284714024,1785284714023,1,0.169,0,40
9390,1785284714024,1785284714024,0,0.221,0,40
9391,1785284714024,1785284714024,0,0.207,0,40
9392,1785284714024,1785284714024,0,0.194,0,40
9393,1785284714024,1785284714024,0,0.182,0,40
9394,1785284714024,1785284714024,0,0.170,0,40
9395,1785284714025,1785284714024,1,0.222,0,40
9396,1785284714025,1785284714024,1,0.208,0,40
9397,1785284714025,1785284714025,0,0.258,0,40
9398,1785284714025,1785284714025,0,0.242,0,40
9399,1785284714025,1785284714025,0,0.227,0,40
9400,1785284714150,1785284714150,0,0.213,0,40
9401,1785284714150,1785284714150,0,0.199,0,40
9402,1785284714150,1785284714150,0,0.187,0,40
9403,1785284714150,1785284714150,0,0.175,0,40
9404,1785284714150,1785284714150,0,0.164,0,40
9405,1785284714150,1785284714150,0,0.154,0,40
9406,1785284714150,1785284714150,0,0.144,0,40
9407,1785284714150,1785284714150,0,0.135,0,40
9408,1785284714150,1785284714150,0,0.127,0,40
9409,1785284714150,1785284714150,0,0.119,0,40
9410,1785284714150,1785284714150,0,0.111,0,40
9411,1785284714150,1785284714150,0,0.104,0,40
9412,1785284714150,1785284714150,0,0.098,0,40
9413,1785284714150,1785284714150,0,0.092,0,40
9414,1785284714150,1785284714150,0,0.086,0,40
9415,1785284714150,1785284714150,0,0.081,0,40
9416,1785284714276,1785284714276,0,0.076,0,40
9417,1785284714276,1785284714276,0,0.071,0,40
9418,1785284714276,1785284714276,0,0.067,0,40
9419,1785284714276,1785284714276,0,0.062,0,40
9420,1785284714277,1785284714276,1,0.121,0,40
9421,1785284714277,1785284714277,0,0.176,0,40
9422,1785284714278,1785284714278,0,0.165,0,40
9423,1785284714278,1785284714278,0,0.155,0,40
9424,1785284714278,1785284714278,0,0.145,0,40
9425,1785284714279,1785284714278,1,0.198,0,40
9426,1785284714279,1785284714279,0,0.248,0,40
9427,1785284714279,1785284714279,0,0.233,0,40
9428,1785284714404,1785284714404,0,0.218,0,40
9429,1785284714404,1785284714404,0,0.205,0,40
9430,1785284714404,1785284714404,0,0.192,0,40
9431,1785284714404,1785284714404,0,0.180,0,40
9432,1785284714404,1785284714404,0,0.169,0,40
9433,1785284714404,1785284714404,0,0.158,0,40
9434,1785284714404,1785284714404,0,0.148,0,40
9435,1785284714405,1785284714404,1,0.202,0,40
9436,1785284714405,1785284714405,0,0.251,0,40
9437,1785284714406,1785284714406,0,0.236,0,40
9438,1785284714407,1785284714406,1,0.283,0,40
9439,1785284714407,1785284714407,0,0.328,0,40
9440,1785284714407,1785284714407,0,0.308,0,40
9441,1785284714532,1785284714532,0,0.288,0,40
9442,1785284714533,1785284714532,1,0.333,0,40
9443,1785284714533,1785284714533,0,0.375,0,40
9444,1785284714533,1785284714533,0,0.351,0,40
9445,1785284714533,1785284714533,0,0.329,0,40
9446,1785284714533,1785284714533,0,0.309,0,40
9447,1785284714533,1785284714533,0,0.289,0,40
9448,1785284714534,1785284714533,1,0.334,0,40
9449,1785284714534,1785284714534,0,0.375,0,40
9450,1785284714534,1785284714534,0,0.352,0,40
9451,1785284714534,1785284714534,0,0.330,0,40
9452,1785284714534,1785284714534,0,0.309,0,40
9453,1785284714661,1785284714660,1,0.353,0,40
9454,1785284714661,1785284714660,1,0.331,0,40
9455,1785284714661,1785284714661,0,0.372,0,40
9456,1785284714661,1785284714661,0,0.349,0,40
9457,1785284714661,1785284714661,0,0.327,0,40
9458,1785284714661,1785284714661,0,0.307,0,40
9459,1785284714662,1785284714661,1,0.350,0,40
9460,1785284714662,1785284714662,0,0.391,0,40
9461,1785284714662,1785284714662,0,0.366,0,40
9462,1785284714662,1785284714662,0,0.343,0,40
9463,1785284714662,1785284714662,0,0.322,0,40
9464,1785284714662,1785284714662,0,0.302,0,40
9465,1785284714663,1785284714662,1,0.345,0,40
9466,1785284714788,1785284714788,0,0.386,0,40
9467,1785284714788,1785284714788,0,0.362,0,40
9468,1785284714788,1785284714788,0,0.340,0,40
9469,1785284714788,1785284714788,0,0.318,0,40
9470,1785284714789,1785284714789,0,0.298,0,40
9471,1785284714789,1785284714789,0,0.280,0,40
9472,1785284714789,1785284714789,0,0.262,0,40
9473,1785284714789,1785284714789,0,0.246,0,40
9474,1785284714789,1785284714789,0,0.231,0,40
9475,1785284714789,1785284714789,0,0.216,0,40
9476,1785284714790,1785284714789,1,0.265,0,40
9477,1785284714790,1785284714790,0,0.311,0,40
9478,1785284714917,1785284714916,1,0.354,0,40
9479,1785284714917,1785284714917,0,0.394,0,40
9480,1785284714917,1785284714917,0,0.370,0,40
9481,1785284714918,1785284714917,1,0.409,0,40
9482,1785284714918,1785284714918,0,0.446,0,40
9483,1785284714919,1785284714918,1,0.481,0,40
9484,1785284714919,1785284714918,1,0.451,0,40
9485,1785284714919,1785284714919,0,0.485,0,40
9486,1785284714919,1785284714919,0,0.455,0,40
9487,1785284714920,1785284714919,1,0.489,0,40
9488,1785284714920,1785284714920,0,0.521,0,40
9489,1785284714920,1785284714920,0,0.488,0,40
9490,1785284714920,1785284714920,0,0.458,0,40
9491,1785284715046,1785284715046,0,0.429,0,40
9492,1785284715046,1785284715046,0,0.402,0,40
9493,1785284715047,1785284715046,1,0.440,0,40
9494,1785284715047,1785284715047,0,0.475,0,40
9495,1785284715047,1785284715047,0,0.445,0,40
9496,1785284715047,1785284715047,0,0.417,0,40
9497,1785284715048,1785284715047,1,0.454,0,40
9498,1785284715048,1785284715048,0,0.488,0,40
9499,1785284715048,1785284715048,0,0.457,0,40
9500,1785284715048,1785284715048,0,0.429,0,40
9501,1785284715048,1785284715048,0,0.402,0,40
9502,1785284715049,1785284715049,0,0.377,0,40
9503,1785284715106,1785284715106,0,0.353,0,0
9504,1785284715175,1785284715175,0,0.331,0,40
9505,1785284715176,1785284715175,1,0.373,0,40
9506,1785284715177,1785284715177,0,0.412,0,40
9507,1785284715177,1785284715177,0,0.386,0,40
9508,1785284715178,1785284715177,1,0.425,0,40
9509,1785284715178,1785284715177,1,0.398,0,40
9510,1785284715178,1785284715178,0,0.436,0,40
9511,1785284715178,1785284715178,0,0.409,0,40
9512,1785284715178,1785284715178,0,0.383,0,40
9513,1785284715179,1785284715178,1,0.422,0,40
9514,1785284715179,1785284715179,0,0.458,0,40
9515,1785284715179,1785284715179,0,0.429,0,40
9516,1785284715180,1785284715179,1,0.465,0,40
9517,1785284715306,1785284715306,0,0.498,0,40
9518,1785284715307,1785284715306,1,0.530,0,40
9519,1785284715307,1785284715307,0,0.559,0,40
9520,1785284715307,1785284715307,0,0.524,0,40
9521,1785284715307,1785284715307,0,0.491,0,40
9522,1785284715307,1785284715307,0,0.461,0,40
9523,1785284715307,1785284715307,0,0.432,0,40
9524,1785284715307,1785284715307,0,0.405,0,40
9525,1785284715307,1785284715307,0,0.380,0,40
9526,1785284715308,1785284715307,1,0.418,0,40
9527,1785284715308,1785284715307,1,0.392,0,40
9528,1785284715308,1785284715307,1,0.368,0,40
9529,1785284715434,1785284715434,0,0.407,0,40
9530,1785284715434,1785284715434,0,0.382,0,40
9531,1785284715434,1785284715434,0,0.358,0,40
9532,1785284715434,1785284715434,0,0.336,0,40
9533,1785284715434,1785284715434,0,0.315,0,40
9534,1785284715434,1785284715434,0,0.295,0,40
9535,1785284715436,1785284715434,2,0.401,0,40
9536,1785284715436,1785284715436,0,0.501,0,40
9537,1785284715437,1785284715437,0,0.470,0,40
9538,1785284715437,1785284715437,0,0.441,0,40
9539,1785284715437,1785284715437,0,0.413,0,40
9540,1785284715438,1785284715437,1,0.450,0,40
9541,1785284715438,1785284715437,1,0.422,0,40
9542,1785284715438,1785284715438,0,0.458,0,40
9543,1785284715438,1785284715438,0,0.429,0,40
9544,1785284715438,1785284715438,0,0.402,0,40
9545,1785284715564,1785284715563,1,0.440,0,40
9546,1785284715564,1785284715563,1,0.412,0,40
9547,1785284715564,1785284715564,0,0.449,0,40
9548,1785284715564,1785284715564,0,0.421,0,40
9549,1785284715564,1785284715564,0,0.395,0,40
9550,1785284715564,1785284715564,0,0.370,0,40
9551,1785284715566,1785284715564,2,0.472,0,40
9552,1785284715566,1785284715564,2,0.442,0,40
9553,1785284715566,1785284715564,2,0.415,0,40
9554,1785284715566,1785284715566,0,0.514,0,40
9555,1785284715566,1785284715566,0,0.482,0,40
9556,1785284715566,1785284715566,0,0.452,0,40
9557,1785284715692,1785284715692,0,0.423,0,40
9558,1785284715692,1785284715692,0,0.397,0,40
9559,1785284715692,1785284715692,0,0.372,0,40
9560,1785284715693,1785284715692,1,0.411,0,40
9561,1785284715693,1785284715693,0,0.448,0,40
9562,1785284715693,1785284715693,0,0.420,0,40
9563,1785284715693,1785284715693,0,0.394,0,40
9564,1785284715693,1785284715693,0,0.369,0,40
9565,1785284715693,1785284715693,0,0.346,0,40
9566,1785284715694,1785284715693,1,0.387,0,40
9567,1785284715694,1785284715694,0,0.425,0,40
9568,1785284715694,1785284715694,0,0.399,0,40
9569,1785284715694,1785284715694,0,0.374,0,40
9570,1785284715820,1785284715820,0,0.350,0,40
9571,1785284715821,1785284715820,1,0.391,0,40
9572,1785284715821,1785284715820,1,0.367,0,40
9573,1785284715821,1785284715821,0,0.406,0,40
9574,1785284715821,1785284715821,0,0.381,0,40
9575,1785284715821,1785284715821,0,0.357,0,40
9576,1785284715821,1785284715821,0,0.335,0,40
9577,1785284715821,1785284715821,0,0.314,0,40
9578,1785284715821,1785284715821,0,0.294,0,40
9579,1785284715821,1785284715821,0,0.276,0,40
9580,1785284715822,1785284715822,0,0.259,0,40
9581,1785284715822,1785284715822,0,0.242,0,40
9582,1785284715948,1785284715948,0,0.227,0,40
9583,1785284715948,1785284715948,0,0.213,0,40
9584,1785284715948,1785284715948,0,0.200,0,40
9585,1785284715949,1785284715948,1,0.250,0,40
9586,1785284715949,1785284715949,0,0.297,0,40
9587,1785284715949,1785284715949,0,0.278,0,40
9588,1785284715949,1785284715949,0,0.261,0,40
9589,1785284715949,1785284715949,0,0.244,0,40
9590,1785284715950,1785284715949,1,0.292,0,40
9591,1785284715950,1785284715950,0,0.336,0,40
9592,1785284715950,1785284715950,0,0.315,0,40
9593,1785284715950,1785284715950,0,0.295,0,40
9594,1785284715950,1785284715950,0,0.277,0,40
9595,1785284716076,1785284716076,0,0.259,0,40
9596,1785284716076,1785284716076,0,0.243,0,40
9597,1785284716077,1785284716076,1,0.291,0,40
9598,1785284716077,1785284716077,0,0.335,0,40
9599,1785284716077,1785284716077,0,0.314,0,40
9600,1785284716077,1785284716077,0,0.294,0,40
9601,1785284716077,1785284716077,0,0.276,0,40
9602,1785284716077,1785284716077,0,0.259,0,40
9603,1785284716077,1785284716077,0,0.243,0,40
9604,1785284716078,1785284716077,1,0.290,0,40
9605,1785284716078,1785284716078,0,0.334,0,40
9606,1785284716078,1785284716078,0,0.313,0,40
9607,1785284716204,1785284716204,0,0.294,0,40
9608,1785284716205,1785284716205,0,0.275,0,40
9609,1785284716205,1785284716205,0,0.258,0,40
9610,1785284716205,1785284716205,0,0.242,0,40
9611,1785284716205,1785284716205,0,0.227,0,40
9612,1785284716205,1785284716205,0,0.213,0,40
9613,1785284716205,1785284716205,0,0.199,0,40
9614,1785284716205,1785284716205,0,0.187,0,40
9615,1785284716205,1785284716205,0,0.175,0,40
9616,1785284716205,1785284716205,0,0.164,0,40
9617,1785284716205,1785284716205,0,0.154,0,40
9618,1785284716205,1785284716205,0,0.144,0,40
9619,1785284716205,1785284716205,0,0.135,0,40
9620,1785284716330,1785284716330,0,0.127,0,40
9621,1785284716330,1785284716330,0,0.119,0,40
9622,1785284716330,1785284716330,0,0.112,0,40
9623,1785284716331,1785284716330,1,0.167,0,40
9624,1785284716331,1785284716330,1,0.157,0,40
9625,1785284716331,1785284716331,0,0.209,0,40
9626,1785284716331,1785284716331,0,0.196,0,40
9627,1785284716331,1785284716331,0,0.184,0,40
9628,1785284716331,1785284716331,0,0.173,0,40
9629,1785284716331,1785284716331,0,0.162,0,40
9630,1785284716331,1785284716331,0,0.152,0,40
9631,1785284716331,1785284716331,0,0.142,0,40
9632,1785284716458,1785284716458,0,0.133,0,40
9633,1785284716458,1785284716458,0,0.125,0,40
9634,1785284716458,1785284716458,0,0.117,0,40
9635,1785284716458,1785284716458,0,0.110,0,40
9636,1785284716458,1785284716458,0,0.103,0,40
9637,1785284716458,1785284716458,0,0.097,0,40
9638,1785284716458,1785284716458,0,0.090,0,40
9639,1785284716458,1785284716458,0,0.085,0,40
9640,1785284716458,1785284716458,0,0.080,0,40
9641,1785284716459,1785284716458,1,0.137,0,40
9642,1785284716459,1785284716458,1,0.128,0,40
9643,1785284716459,1785284716459,0,0.183,0,40
9644,1785284716459,1785284716459,0,0.172,0,40
9645,1785284716459,1785284716459,0,0.161,0,40
9646,1785284716459,1785284716459,0,0.151,0,40
9647,1785284716459,1785284716459,0,0.141,0,40
9648,1785284716585,1785284716584,1,0.195,0,40
9649,1785284716586,1785284716586,0,0.245,0,40
9650,1785284716586,1785284716586,0,0.230,0,40
9651,1785284716586,1785284716586,0,0.216,0,40
9652,1785284716586,1785284716586,0,0.202,0,40
9653,1785284716587,1785284716586,1,0.252,0,40
9654,1785284716587,1785284716587,0,0.299,0,40
9655,1785284716587,1785284716587,0,0.280,0,40
9656,1785284716587,1785284716587,0,0.263,0,40
9657,1785284716712,1785284716712,0,0.246,0,40
9658,1785284716712,1785284716712,0,0.231,0,40
9659,1785284716712,1785284716712,0,0.216,0,40
9660,1785284716712,1785284716712,0,0.203,0,40
9661,1785284716712,1785284716712,0,0.190,0,40
9662,1785284716712,1785284716712,0,0.178,0,40
9663,1785284716712,1785284716712,0,0.167,0,40
9664,1785284716712,1785284716712,0,0.157,0,40
9665,1785284716712,1785284716712,0,0.147,0,40
9666,1785284716713,1785284716712,1,0.200,0,40
9667,1785284716713,1785284716712,1,0.188,0,40
9668,1785284716713,1785284716713,0,0.238,0,40
9669,1785284716713,1785284716713,0,0.224,0,40
9670,1785284716713,1785284716713,0,0.210,0,40
9671,1785284716713,1785284716713,0,0.196,0,40
9672,1785284716713,1785284716713,0,0.184,0,40
9673,1785284716839,1785284716839,0,0.173,0,40
9674,1785284716839,1785284716839,0,0.162,0,40
9675,1785284716839,1785284716839,0,0.152,0,40
9676,1785284716839,1785284716839,0,0.142,0,40
9677,1785284716839,1785284716839,0,0.133,0,40
9678,1785284716839,1785284716839,0,0.125,0,40
9679,1785284716839,1785284716839,0,0.117,0,40
9680,1785284716839,1785284716839,0,0.110,0,40
9681,1785284716839,1785284716839,0,0.103,0,40
9682,1785284716965,1785284716965,0,0.097,0,40
9683,1785284716965,1785284716965,0,0.091,0,40
9684,1785284716966,1785284716965,1,0.147,0,40
9685,1785284716966,1785284716966,0,0.201,0,40
9686,1785284716966,1785284716966,0,0.188,0,40
9687,1785284716966,1785284716966,0,0.176,0,40
9688,1785284716967,1785284716966,1,0.228,0,40
9689,1785284716967,1785284716967,0,0.276,0,40
9690,1785284716967,1785284716967,0,0.259,0,40
9691,1785284716967,1785284716967,0,0.243,0,40
9692,1785284716967,1785284716967,0,0.228,0,40
9693,1785284716967,1785284716967,0,0.213,0,40
9694,1785284716968,1785284716968,0,0.200,0,40
9695,1785284716968,1785284716968,0,0.187,0,40
9696,1785284716968,1785284716968,0,0.176,0,40
9697,1785284716968,1785284716968,0,0.165,0,40
9698,1785284717094,1785284717093,1,0.217,0,40
9699,1785284717094,1785284717093,1,0.203,0,40
9700,1785284717094,1785284717093,1,0.191,0,40
9701,1785284717094,1785284717094,0,0.241,0,40
9702,1785284717094,1785284717094,0,0.226,0,40
9703,1785284717094,1785284717094,0,0.212,0,40
9704,1785284717094,1785284717094,0,0.199,0,40
9705,1785284717095,1785284717094,1,0.249,0,40
9706,1785284717095,1785284717095,0,0.296,0,40
9707,1785284717095,1785284717095,0,0.277,0,40
9708,1785284717095,1785284717095,0,0.260,0,40
9709,1785284717095,1785284717095,0,0.244,0,40
9710,1785284717221,1785284717221,0,0.229,0,40
9711,1785284717221,1785284717221,0,0.214,0,40
9712,1785284717221,1785284717221,0,0.201,0,40
9713,1785284717221,1785284717221,0,0.188,0,40
9714,1785284717222,1785284717221,1,0.239,0,40
9715,1785284717222,1785284717222,0,0.287,0,40
9716,1785284717222,1785284717222,0,0.269,0,40
9717,1785284717222,1785284717222,0,0.252,0,40
9718,1785284717222,1785284717222,0,0.236,0,40
9719,1785284717222,1785284717222,0,0.221,0,40
9720,1785284717223,1785284717222,1,0.270,0,40
9721,1785284717223,1785284717222,1,0.253,0,40
9722,1785284717223,1785284717222,1,0.237,0,40
9723,1785284717349,1785284717349,0,0.285,0,40
9724,1785284717349,1785284717349,0,0.267,0,40
9725,1785284717349,1785284717349,0,0.250,0,40
9726,1785284717349,1785284717349,0,0.235,0,40
9727,1785284717349,1785284717349,0,0.220,0,40
9728,1785284717349,1785284717349,0,0.206,0,40
9729,1785284717349,1785284717349,0,0.194,0,40
9730,1785284717350,1785284717349,1,0.244,0,40
9731,1785284717350,1785284717350,0,0.291,0,40
9732,1785284717350,1785284717350,0,0.273,0,40
9733,1785284717350,1785284717350,0,0.256,0,40
9734,1785284717350,1785284717350,0,0.240,0,40
9735,1785284717475,1785284717475,0,0.225,0,40
9736,1785284717475,1785284717475,0,0.211,0,40
9737,1785284717476,1785284717475,1,0.260,0,40
9738,1785284717476,1785284717475,1,0.244,0,40
9739,1785284717476,1785284717475,1,0.229,0,40
9740,1785284717476,1785284717476,0,0.277,0,40
9741,1785284717476,1785284717476,0,0.260,0,40
9742,1785284717476,1785284717476,0,0.243,0,40
9743,1785284717476,1785284717476,0,0.228,0,40
9744,1785284717476,1785284717476,0,0.214,0,40
9745,1785284717477,1785284717476,1,0.263,0,40
9746,1785284717477,1785284717477,0,0.309,0,40
9747,1785284717477,1785284717477,0,0.290,0,40
9748,1785284717603,1785284717603,0,0.272,0,40
9749,1785284717604,1785284717604,0,0.255,0,40
9750,1785284717604,1785284717604,0,0.239,0,40
9751,1785284717604,1785284717604,0,0.224,0,40
9752,1785284717605,1785284717604,1,0.272,0,40
9753,1785284717605,1785284717605,0,0.318,0,40
9754,1785284717605,1785284717605,0,0.298,0,40
9755,1785284717605,1785284717605,0,0.279,0,40
9756,1785284717606,1785284717606,0,0.262,0,40
9757,1785284717606,1785284717606,0,0.246,0,40
9758,1785284717606,1785284717606,0,0.230,0,40
9759,1785284717606,1785284717606,0,0.216,0,40
9760,1785284717733,1785284717732,1,0.265,0,40
9761,1785284717733,1785284717733,0,0.311,0,40
9762,1785284717733,1785284717733,0,0.291,0,40
9763,1785284717733,1785284717733,0,0.273,0,40
9764,1785284717734,1785284717733,1,0.319,0,40
9765,1785284717734,1785284717734,0,0.361,0,40
9766,1785284717734,1785284717734,0,0.339,0,40
9767,1785284717735,1785284717735,0,0.317,0,40
9768,1785284717735,1785284717735,0,0.298,0,40
9769,1785284717736,1785284717735,1,0.341,0,40
9770,1785284717736,1785284717736,0,0.383,0,40
9771,1785284717736,1785284717736,0,0.359,0,40
9772,1785284717736,1785284717736,0,0.336,0,40
9773,1785284717861,1785284717861,0,0.315,0,40
9774,1785284717862,1785284717861,1,0.358,0,40
9775,1785284717862,1785284717862,0,0.398,0,40
9776,1785284717862,1785284717862,0,0.373,0,40
9777,1785284717862,1785284717862,0,0.350,0,40
9778,1785284717862,1785284717862,0,0.328,0,40
9779,1785284717862,1785284717862,0,0.308,0,40
9780,1785284717862,1785284717862,0,0.288,0,40
9781,1785284717863,1785284717862,1,0.333,0,40
9782,1785284717863,1785284717862,1,0.312,0,40
9783,1785284717863,1785284717863,0,0.355,0,40
9784,1785284717863,1785284717863,0,0.333,0,40
9785,1785284717989,1785284717989,0,0.312,0,40
9786,1785284717989,1785284717989,0,0.293,0,40
9787,1785284717990,1785284717989,1,0.337,0,40
9788,1785284717990,1785284717990,0,0.378,0,40
9789,1785284717990,1785284717990,0,0.355,0,40
9790,1785284717991,1785284717990,1,0.395,0,40
9791,1785284717991,1785284717991,0,0.433,0,40
9792,1785284717991,1785284717991,0,0.406,0,40
9793,1785284717991,1785284717991,0,0.380,0,40
9794,1785284717991,1785284717991,0,0.357,0,40
9795,1785284717991,1785284717991,0,0.334,0,40
9796,1785284717991,1785284717991,0,0.313,0,40
9797,1785284717991,1785284717991,0,0.294,0,40
9798,1785284718117,1785284718117,0,0.275,0,40
9799,1785284718117,1785284718117,0,0.258,0,40
9800,1785284718117,1785284718117,0,0.242,0,40
9801,1785284718117,1785284718117,0,0.227,0,40
9802,1785284718117,1785284718117,0,0.213,0,40
9803,1785284718117,1785284718117,0,0.199,0,40
9804,1785284718117,1785284718117,0,0.187,0,40
9805,1785284718117,1785284718117,0,0.175,0,40
9806,1785284718117,1785284718117,0,0.164,0,40
9807,1785284718117,1785284718117,0,0.154,0,40
9808,1785284718117,1785284718117,0,0.144,0,40
9809,1785284718117,1785284718117,0,0.135,0,40
9810,1785284718117,1785284718117,0,0.127,0,40
9811,1785284718117,1785284718117,0,0.119,0,40
9812,1785284718117,1785284718117,0,0.112,0,40
9813,1785284718118,1785284718117,1,0.167,0,40
9814,1785284718242,1785284718242,0,0.219,0,40
9815,1785284718243,1785284718242,1,0.268,0,40
9816,1785284718243,1785284718243,0,0.314,0,40
9817,1785284718243,1785284718243,0,0.294,0,40
9818,1785284718243,1785284718243,0,0.276,0,40
9819,1785284718243,1785284718243,0,0.258,0,40
9820,1785284718243,1785284718243,0,0.242,0,40
9821,1785284718244,1785284718243,1,0.290,0,40
9822,1785284718244,1785284718244,0,0.334,0,40
9823,1785284718244,1785284718244,0,0.313,0,40
9824,1785284718244,1785284718244,0,0.294,0,40
9825,1785284718244,1785284718244,0,0.275,0,40
9826,1785284718370,1785284718370,0,0.258,0,40
9827,1785284718371,1785284718370,1,0.304,0,40
9828,1785284718371,1785284718370,1,0.285,0,40
9829,1785284718371,1785284718371,0,0.330,0,40
9830,1785284718371,1785284718371,0,0.309,0,40
9831,1785284718371,1785284718371,0,0.290,0,40
9832,1785284718371,1785284718371,0,0.272,0,40
9833,1785284718371,1785284718371,0,0.255,0,40
9834,1785284718372,1785284718371,1,0.302,0,40
9835,1785284718372,1785284718372,0,0.345,0,40
9836,1785284718372,1785284718372,0,0.324,0,40
9837,1785284718372,1785284718372,0,0.303,0,40
9838,1785284718372,1785284718372,0,0.284,0,40
9839,1785284718500,1785284718499,1,0.329,0,40
9840,1785284718500,1785284718499,1,0.309,0,40
9841,1785284718500,1785284718500,0,0.352,0,40
9842,1785284718503,1785284718500,3,0.517,0,40
9843,1785284718503,1785284718500,3,0.485,0,40
9844,1785284718504,1785284718500,4,0.517,0,40
9845,1785284718504,1785284718503,1,0.672,0,40
9846,1785284718504,1785284718503,1,0.630,0,40
9847,1785284718504,1785284718503,1,0.591,0,40
9848,1785284718504,1785284718503,1,0.554,0,40
9849,1785284718504,1785284718503,1,0.519,0,40
9850,1785284718504,1785284718504,0,0.549,0,40
9851,1785284718630,1785284718630,0,0.515,0,40
9852,1785284718630,1785284718630,0,0.483,0,40
9853,1785284718630,1785284718630,0,0.453,0,40
9854,1785284718631,1785284718631,0,0.424,0,40
9855,1785284718631,1785284718631,0,0.398,0,40
9856,1785284718631,1785284718631,0,0.373,0,40
9857,1785284718631,1785284718631,0,0.350,0,40
9858,1785284718631,1785284718631,0,0.328,0,40
9859,1785284718632,1785284718631,1,0.370,0,40
9860,1785284718632,1785284718632,0,0.409,0,40
9861,1785284718632,1785284718632,0,0.384,0,40
9862,1785284718632,1785284718632,0,0.360,0,40
9863,1785284718632,1785284718632,0,0.337,0,40
9864,1785284718758,1785284718757,1,0.379,0,40
9865,1785284718758,1785284718758,0,0.417,0,40
9866,1785284718758,1785284718758,0,0.391,0,40
9867,1785284718758,1785284718758,0,0.367,0,40
9868,1785284718759,1785284718759,0,0.344,0,40
9869,1785284718759,1785284718759,0,0.322,0,40
9870,1785284718759,1785284718759,0,0.302,0,40
9871,1785284718759,1785284718759,0,0.283,0,40
9872,1785284718759,1785284718759,0,0.266,0,40
9873,1785284718760,1785284718759,1,0.312,0,40
9874,1785284718760,1785284718760,0,0.355,0,40
9875,1785284718760,1785284718760,0,0.332,0,40
9876,1785284718886,1785284718886,0,0.312,0,40
9877,1785284718887,1785284718886,1,0.355,0,40
9878,1785284718887,1785284718887,0,0.395,0,40
9879,1785284718887,1785284718887,0,0.370,0,40
9880,1785284718887,1785284718887,0,0.347,0,40
9881,1785284718887,1785284718887,0,0.326,0,40
9882,1785284718887,1785284718887,0,0.305,0,40
9883,1785284718887,1785284718887,0,0.286,0,40
9884,1785284718887,1785284718887,0,0.268,0,40
9885,1785284718887,1785284718887,0,0.251,0,40
9886,1785284718887,1785284718887,0,0.236,0,40
9887,1785284718887,1785284718887,0,0.221,0,40
9888,1785284718887,1785284718887,0,0.207,0,40
9889,1785284719012,1785284719012,0,0.194,0,40
9890,1785284719012,1785284719012,0,0.182,0,40
9891,1785284719013,1785284719012,1,0.233,0,40
9892,1785284719013,1785284719013,0,0.281,0,40
9893,1785284719013,1785284719013,0,0.264,0,40
9894,1785284719013,1785284719013,0,0.247,0,40
9895,1785284719013,1785284719013,0,0.232,0,40
9896,1785284719013,1785284719013,0,0.217,0,40
9897,1785284719013,1785284719013,0,0.204,0,40
9898,1785284719013,1785284719013,0,0.191,0,40
9899,1785284719013,1785284719013,0,0.179,0,40
9900,1785284719015,1785284719013,2,0.293,0,40
9901,1785284719139,1785284719139,0,0.399,0,40
9902,1785284719139,1785284719139,0,0.374,0,40
9903,1785284719139,1785284719139,0,0.351,0,40
9904,1785284719139,1785284719139,0,0.329,0,40
9905,1785284719139,1785284719139,0,0.309,0,40
9906,1785284719139,1785284719139,0,0.289,0,40
9907,1785284719139,1785284719139,0,0.271,0,40
9908,1785284719139,1785284719139,0,0.254,0,40
9909,1785284719139,1785284719139,0,0.238,0,40
9910,1785284719139,1785284719139,0,0.223,0,40
9911,1785284719139,1785284719139,0,0.210,0,40
9912,1785284719139,1785284719139,0,0.196,0,40
9913,1785284719139,1785284719139,0,0.184,0,40
9914,1785284719265,1785284719265,0,0.173,0,40
9915,1785284719265,1785284719265,0,0.162,0,40
9916,1785284719265,1785284719265,0,0.152,0,40
9917,1785284719265,1785284719265,0,0.142,0,40
9918,1785284719265,1785284719265,0,0.133,0,40
9919,1785284719265,1785284719265,0,0.125,0,40
9920,1785284719265,1785284719265,0,0.117,0,40
9921,1785284719265,1785284719265,0,0.110,0,40
9922,1785284719266,1785284719266,0,0.103,0,40
9923,1785284719266,1785284719266,0,0.097,0,40
9924,1785284719266,1785284719266,0,0.091,0,40
9925,1785284719267,1785284719266,1,0.147,0,40
9926,1785284719392,1785284719392,0,0.201,0,40
9927,1785284719392,1785284719392,0,0.188,0,40
9928,1785284719392,1785284719392,0,0.176,0,40
9929,1785284719392,1785284719392,0,0.165,0,40
9930,1785284719392,1785284719392,0,0.155,0,40
9931,1785284719392,1785284719392,0,0.145,0,40
9932,1785284719392,1785284719392,0,0.136,0,40
9933,1785284719393,1785284719392,1,0.190,0,40
9934,1785284719393,1785284719393,0,0.241,0,40
9935,1785284719393,1785284719393,0,0.226,0,40
9936,1785284719393,1785284719393,0,0.212,0,40
9937,1785284719393,1785284719393,0,0.198,0,40
9938,1785284719393,1785284719393,0,0.186,0,40
9939,1785284719518,1785284719518,0,0.174,0,40
9940,1785284719518,1785284719518,0,0.164,0,40
9941,1785284719518,1785284719518,0,0.153,0,40
9942,1785284719518,1785284719518,0,0.144,0,40
9943,1785284719518,1785284719518,0,0.135,0,40
9944,1785284719518,1785284719518,0,0.126,0,40
9945,1785284719519,1785284719519,0,0.118,0,40
9946,1785284719519,1785284719519,0,0.111,0,40
9947,1785284719519,1785284719519,0,0.104,0,40
9948,1785284719519,1785284719519,0,0.098,0,40
9949,1785284719519,1785284719519,0,0.091,0,40
9950,1785284719520,1785284719519,1,0.148,0,40
9951,1785284719645,1785284719645,0,0.201,0,40
9952,1785284719645,1785284719645,0,0.189,0,40
9953,1785284719645,1785284719645,0,0.177,0,40
9954,1785284719645,1785284719645,0,0.166,0,40
9955,1785284719645,1785284719645,0,0.156,0,40
9956,1785284719645,1785284719645,0,0.146,0,40
9957,1785284719645,1785284719645,0,0.137,0,40
9958,1785284719645,1785284719645,0,0.128,0,40
9959,1785284719645,1785284719645,0,0.120,0,40
9960,1785284719645,1785284719645,0,0.113,0,40
9961,1785284719647,1785284719645,2,0.231,0,40
9962,1785284719647,1785284719647,0,0.341,0,40
9963,1785284719647,1785284719647,0,0.320,0,40
9964,1785284719647,1785284719647,0,0.300,0,40
9965,1785284719647,1785284719647,0,0.281,0,40
9966,1785284719647,1785284719647,0,0.264,0,40
9967,1785284719772,1785284719772,0,0.247,0,40
9968,1785284719772,1785284719772,0,0.232,0,40
9969,1785284719773,1785284719773,0,0.217,0,40
9970,1785284719773,1785284719773,0,0.204,0,40
9971,1785284719773,1785284719773,0,0.191,0,40
9972,1785284719773,1785284719773,0,0.179,0,40
9973,1785284719773,1785284719773,0,0.168,0,40
9974,1785284719773,1785284719773,0,0.157,0,40
9975,1785284719773,1785284719773,0,0.147,0,40
9976,1785284719898,1785284719898,0,0.138,0,40
9977,1785284719898,1785284719898,0,0.130,0,40
9978,1785284719898,1785284719898,0,0.122,0,40
9979,1785284719898,1785284719898,0,0.114,0,40
9980,1785284719898,1785284719898,0,0.107,0,40
9981,1785284719898,1785284719898,0,0.100,0,40
9982,1785284719898,1785284719898,0,0.094,0,40
9983,1785284719898,1785284719898,0,0.088,0,40
9984,1785284719898,1785284719898,0,0.082,0,40
9985,1785284719898,1785284719898,0,0.077,0,40
9986,1785284719898,1785284719898,0,0.073,0,40
9987,1785284719898,1785284719898,0,0.068,0,40
9988,1785284719898,1785284719898,0,0.064,0,40
9989,1785284720024,1785284720023,1,0.122,0,40
9990,1785284720024,1785284720023,1,0.115,0,40
9991,1785284720024,1785284720024,0,0.170,0,40
9992,1785284720024,1785284720024,0,0.159,0,40
9993,1785284720024,1785284720024,0,0.149,0,40
9994,1785284720024,1785284720024,0,0.140,0,40
9995,1785284720024,1785284720024,0,0.131,0,40
9996,1785284720026,1785284720024,2,0.248,0,40
9997,1785284720026,1785284720024,2,0.233,0,40
9998,1785284720026,1785284720026,0,0.343,0,40
9999,1785284720026,1785284720026,0,0.322,0,40
10000,1785284720027,1785284720027,0,0.301,0,40
10001,1785284720106,1785284720106,0,0.283,0,0
10002,1785284720152,1785284720152,0,0.265,0,40
10003,1785284720152,1785284720152,0,0.248,0,40
10004,1785284720152,1785284720152,0,0.233,0,40
10005,1785284720152,1785284720152,0,0.218,0,40
10006,1785284720152,1785284720152,0,0.205,0,40
10007,1785284720152,1785284720152,0,0.192,0,40
10008,1785284720152,1785284720152,0,0.180,0,40
10009,1785284720152,1785284720152,0,0.169,0,40
10010,1785284720152,1785284720152,0,0.158,0,40
10011,1785284720152,1785284720152,0,0.148,0,40
10012,1785284720152,1785284720152,0,0.139,0,40
10013,1785284720152,1785284720152,0,0.130,0,40
10014,1785284720152,1785284720152,0,0.122,0,40
10015,1785284720152,1785284720152,0,0.115,0,40
10016,1785284720152,1785284720152,0,0.107,0,40
10017,1785284720152,1785284720152,0,0.101,0,40
10018,1785284720278,1785284720277,1,0.157,0,40
10019,1785284720278,1785284720278,0,0.210,0,40
10020,1785284720278,1785284720278,0,0.196,0,40
10021,1785284720278,1785284720278,0,0.184,0,40
10022,1785284720278,1785284720278,0,0.173,0,40
10023,1785284720278,1785284720278,0,0.162,0,40
10024,1785284720278,1785284720278,0,0.152,0,40
10025,1785284720279,1785284720278,1,0.205,0,40
10026,1785284720279,1785284720279,0,0.254,0,40
10027,1785284720405,1785284720404,1,0.301,0,40
10028,1785284720406,1785284720405,1,0.282,0,40
10029,1785284720406,1785284720405,1,0.265,0,40
10030,1785284720406,1785284720406,0,0.311,0,40
10031,1785284720406,1785284720406,0,0.291,0,40
10032,1785284720406,1785284720406,0,0.273,0,40
10033,1785284720406,1785284720406,0,0.256,0,40
10034,1785284720407,1785284720406,1,0.302,0,40
10035,1785284720407,1785284720407,0,0.346,0,40
10036,1785284720407,1785284720407,0,0.324,0,40
10037,1785284720407,1785284720407,0,0.304,0,40
10038,1785284720407,1785284720407,0,0.285,0,40
10039,1785284720407,1785284720407,0,0.267,0,40
10040,1785284720407,1785284720407,0,0.251,0,40
10041,1785284720407,1785284720407,0,0.235,0,40
10042,1785284720407,1785284720407,0,0.220,0,40
10043,1785284720533,1785284720533,0,0.206,0,40
10044,1785284720534,1785284720533,1,0.256,0,40
10045,1785284720534,1785284720533,1,0.240,0,40
10046,1785284720534,1785284720533,1,0.225,0,40
10047,1785284720534,1785284720534,0,0.273,0,40
10048,1785284720534,1785284720534,0,0.256,0,40
10049,1785284720534,1785284720534,0,0.240,0,40
10050,1785284720534,1785284720534,0,0.225,0,40
10051,1785284720534,1785284720534,0,0.211,0,40
10052,1785284720534,1785284720534,0,0.198,0,40
10053,1785284720535,1785284720535,0,0.186,0,40
10054,1785284720535,1785284720535,0,0.174,0,40
10055,1785284720660,1785284720660,0,0.163,0,40
10056,1785284720660,1785284720660,0,0.153,0,40
10057,1785284720660,1785284720660,0,0.143,0,40
10058,1785284720660,1785284720660,0,0.134,0,40
10059,1785284720660,1785284720660,0,0.126,0,40
10060,1785284720660,1785284720660,0,0.118,0,40
10061,1785284720660,1785284720660,0,0.111,0,40
10062,1785284720660,1785284720660,0,0.104,0,40
10063,1785284720660,1785284720660,0,0.097,0,40
10064,1785284720660,1785284720660,0,0.091,0,40
10065,1785284720660,1785284720660,0,0.086,0,40
10066,1785284720660,1785284720660,0,0.080,0,40
10067,1785284720660,1785284720660,0,0.075,0,40
10068,1785284720786,1785284720786,0,0.071,0,40
10069,1785284720786,1785284720786,0,0.066,0,40
10070,1785284720786,1785284720786,0,0.062,0,40
10071,1785284720787,1785284720786,1,0.121,0,40
10072,1785284720787,1785284720787,0,0.176,0,40
10073,1785284720787,1785284720787,0,0.165,0,40
10074,1785284720788,1785284720788,0,0.154,0,40
10075,1785284720788,1785284720788,0,0.145,0,40
10076,1785284720788,1785284720788,0,0.136,0,40
10077,1785284720788,1785284720788,0,0.127,0,40
10078,1785284720788,1785284720788,0,0.119,0,40
10079,1785284720788,1785284720788,0,0.112,0,40
10080,1785284720914,1785284720914,0,0.105,0,40
10081,1785284720914,1785284720914,0,0.098,0,40
10082,1785284720914,1785284720914,0,0.092,0,40
10083,1785284720914,1785284720914,0,0.086,0,40
10084,1785284720914,1785284720914,0,0.081,0,40
10085,1785284720914,1785284720914,0,0.076,0,40
10086,1785284720914,1785284720914,0,0.071,0,40
10087,1785284720914,1785284720914,0,0.067,0,40
10088,1785284720914,1785284720914,0,0.063,0,40
10089,1785284720915,1785284720914,1,0.121,0,40
10090,1785284720915,1785284720915,0,0.176,0,40
10091,1785284720915,1785284720915,0,0.165,0,40
10092,1785284720916,1785284720916,0,0.155,0,40
10093,1785284721041,1785284721041,0,0.145,0,40
10094,1785284721041,1785284721041,0,0.136,0,40
10095,1785284721041,1785284721041,0,0.127,0,40
10096,1785284721041,1785284721041,0,0.120,0,40
10097,1785284721041,1785284721041,0,0.112,0,40
10098,1785284721041,1785284721041,0,0.105,0,40
10099,1785284721041,1785284721041,0,0.098,0,40
10100,1785284721042,1785284721041,1,0.155,0,40
10101,1785284721042,1785284721041,1,0.145,0,40
10102,1785284721042,1785284721042,0,0.199,0,40
10103,1785284721042,1785284721042,0,0.186,0,40
10104,1785284721042,1785284721042,0,0.175,0,40
10105,1785284721167,1785284721167,0,0.164,0,40
10106,1785284721167,1785284721167,0,0.153,0,40
10107,1785284721167,1785284721167,0,0.144,0,40
10108,1785284721168,1785284721167,1,0.197,0,40
10109,1785284721168,1785284721168,0,0.247,0,40
10110,1785284721168,1785284721168,0,0.232,0,40
10111,1785284721169,1785284721168,1,0.280,0,40
10112,1785284721169,1785284721169,0,0.325,0,40
10113,1785284721169,1785284721169,0,0.305,0,40
10114,1785284721169,1785284721169,0,0.286,0,40
10115,1785284721169,1785284721169,0,0.268,0,40
10116,1785284721170,1785284721170,0,0.251,0,40
10117,1785284721170,1785284721170,0,0.235,0,40
10118,1785284721297,1785284721297,0,0.221,0,40
10119,1785284721297,1785284721297,0,0.207,0,40
10120,1785284721297,1785284721297,0,0.194,0,40
10121,1785284721297,1785284721297,0,0.182,0,40
10122,1785284721297,1785284721297,0,0.170,0,40
10123,1785284721297,1785284721297,0,0.160,0,40
10124,1785284721297,1785284721297,0,0.150,0,40
10125,1785284721298,1785284721297,1,0.203,0,40
10126,1785284721298,1785284721298,0,0.253,0,40
10127,1785284721298,1785284721298,0,0.237,0,40
10128,1785284721298,1785284721298,0,0.222,0,40
10129,1785284721298,1785284721298,0,0.208,0,40
10130,1785284721424,1785284721424,0,0.195,0,40
10131,1785284721424,1785284721424,0,0.183,0,40
10132,1785284721424,1785284721424,0,0.172,0,40
10133,1785284721424,1785284721424,0,0.161,0,40
10134,1785284721424,1785284721424,0,0.151,0,40
10135,1785284721424,1785284721424,0,0.141,0,40
10136,1785284721424,1785284721424,0,0.133,0,40
10137,1785284721424,1785284721424,0,0.124,0,40
10138,1785284721425,1785284721425,0,0.117,0,40
10139,1785284721425,1785284721425,0,0.109,0,40
10140,1785284721425,1785284721425,0,0.102,0,40
10141,1785284721425,1785284721425,0,0.096,0,40
10142,1785284721425,1785284721425,0,0.090,0,40
10143,1785284721550,1785284721550,0,0.084,0,40
10144,1785284721551,1785284721551,0,0.079,0,40
10145,1785284721551,1785284721551,0,0.074,0,40
10146,1785284721551,1785284721551,0,0.070,0,40
10147,1785284721551,1785284721551,0,0.065,0,40
10148,1785284721552,1785284721551,1,0.124,0,40
10149,1785284721552,1785284721552,0,0.178,0,40
10150,1785284721552,1785284721552,0,0.167,0,40
10151,1785284721552,1785284721552,0,0.157,0,40
10152,1785284721552,1785284721552,0,0.147,0,40
10153,1785284721552,1785284721552,0,0.138,0,40
10154,1785284721552,1785284721552,0,0.129,0,40
10155,1785284721678,1785284721677,1,0.184,0,40
10156,1785284721678,1785284721678,0,0.235,0,40
10157,1785284721678,1785284721678,0,0.220,0,40
10158,1785284721678,1785284721678,0,0.206,0,40
10159,1785284721678,1785284721678,0,0.193,0,40
10160,1785284721678,1785284721678,0,0.181,0,40
10161,1785284721678,1785284721678,0,0.170,0,40
10162,1785284721678,1785284721678,0,0.159,0,40
10163,1785284721678,1785284721678,0,0.149,0,40
10164,1785284721679,1785284721679,0,0.140,0,40
10165,1785284721679,1785284721679,0,0.131,0,40
10166,1785284721679,1785284721679,0,0.123,0,40
10167,1785284721679,1785284721679,0,0.115,0,40
10168,1785284721679,1785284721679,0,0.108,0,40
10169,1785284721679,1785284721679,0,0.101,0,40
10170,1785284721679,1785284721679,0,0.095,0,40
10171,1785284721804,1785284721804,0,0.089,0,40
10172,1785284721804,1785284721804,0,0.084,0,40
10173,1785284721805,1785284721804,1,0.141,0,40
10174,1785284721806,1785284721805,1,0.132,0,40
10175,1785284721806,1785284721806,0,0.186,0,40
10176,1785284721806,1785284721806,0,0.175,0,40
10177,1785284721806,1785284721806,0,0.164,0,40
10178,1785284721806,1785284721806,0,0.153,0,40
10179,1785284721806,1785284721806,0,0.144,0,40
10180,1785284721806,1785284721806,0,0.135,0,40
10181,1785284721807,1785284721807,0,0.126,0,40
10182,1785284721807,1785284721807,0,0.119,0,40
10183,1785284721934,1785284721933,1,0.174,0,40
10184,1785284721934,1785284721933,1,0.163,0,40
10185,1785284721934,1785284721933,1,0.153,0,40
10186,1785284721934,1785284721934,0,0.206,0,40
10187,1785284721934,1785284721934,0,0.193,0,40
10188,1785284721934,1785284721934,0,0.181,0,40
10189,1785284721934,1785284721934,0,0.169,0,40
10190,1785284721935,1785284721934,1,0.221,0,40
10191,1785284721935,1785284721935,0,0.270,0,40
10192,1785284721935,1785284721935,0,0.253,0,40
10193,1785284721935,1785284721935,0,0.237,0,40
10194,1785284721935,1785284721935,0,0.222,0,40
10195,1785284721935,1785284721935,0,0.209,0,40
10196,1785284722061,1785284722061,0,0.196,0,40
10197,1785284722061,1785284722061,0,0.183,0,40
10198,1785284722061,1785284722061,0,0.172,0,40
10199,1785284722061,1785284722061,0,0.161,0,40
10200,1785284722061,1785284722061,0,0.151,0,40
10201,1785284722061,1785284722061,0,0.142,0,40
10202,1785284722061,1785284722061,0,0.133,0,40
10203,1785284722061,1785284722061,0,0.124,0,40
10204,1785284722061,1785284722061,0,0.117,0,40
10205,1785284722061,1785284722061,0,0.109,0,40
10206,1785284722061,1785284722061,0,0.103,0,40
10207,1785284722061,1785284722061,0,0.096,0,40
10208,1785284722187,1785284722186,1,0.153,0,40
10209,1785284722187,1785284722187,0,0.206,0,40
10210,1785284722187,1785284722187,0,0.193,0,40
10211,1785284722187,1785284722187,0,0.181,0,40
10212,1785284722187,1785284722187,0,0.169,0,40
10213,1785284722187,1785284722187,0,0.159,0,40
10214,1785284722187,1785284722187,0,0.149,0,40
10215,1785284722187,1785284722187,0,0.140,0,40
10216,1785284722188,1785284722187,1,0.193,0,40
10217,1785284722188,1785284722188,0,0.244,0,40
10218,1785284722188,1785284722188,0,0.229,0,40
10219,1785284722188,1785284722188,0,0.214,0,40
10220,1785284722188,1785284722188,0,0.201,0,40
10221,1785284722314,1785284722314,0,0.188,0,40
10222,1785284722315,1785284722314,1,0.239,0,40
10223,1785284722315,1785284722315,0,0.287,0,40
10224,1785284722316,1785284722316,0,0.269,0,40
10225,1785284722316,1785284722316,0,0.252,0,40
10226,1785284722316,1785284722316,0,0.236,0,40
10227,1785284722316,1785284722316,0,0.221,0,40
10228,1785284722316,1785284722316,0,0.208,0,40
10229,1785284722316,1785284722316,0,0.195,0,40
10230,1785284722316,1785284722316,0,0.182,0,40
10231,1785284722316,1785284722316,0,0.171,0,40
10232,1785284722316,1785284722316,0,0.160,0,40
10233,1785284722441,1785284722441,0,0.150,0,40
10234,1785284722441,1785284722441,0,0.141,0,40
10235,1785284722441,1785284722441,0,0.132,0,40
10236,1785284722441,1785284722441,0,0.124,0,40
10237,1785284722441,1785284722441,0,0.116,0,40
10238,1785284722441,1785284722441,0,0.109,0,40
10239,1785284722441,1785284722441,0,0.102,0,40
10240,1785284722441,1785284722441,0,0.096,0,40
10241,1785284722441,1785284722441,0,0.090,0,40
10242,1785284722441,1785284722441,0,0.084,0,40
10243,1785284722441,1785284722441,0,0.079,0,40
10244,1785284722441,1785284722441,0,0.074,0,40
10245,1785284722441,1785284722441,0,0.069,0,40
10246,1785284722568,1785284722567,1,0.127,0,40
10247,1785284722568,1785284722568,0,0.182,0,40
10248,1785284722568,1785284722568,0,0.171,0,40
10249,1785284722568,1785284722568,0,0.160,0,40
10250,1785284722568,1785284722568,0,0.150,0,40
10251,1785284722568,1785284722568,0,0.141,0,40
10252,1785284722568,1785284722568,0,0.132,0,40
10253,1785284722568,1785284722568,0,0.124,0,40
10254,1785284722568,1785284722568,0,0.116,0,40
10255,1785284722568,1785284722568,0,0.109,0,40
10256,1785284722568,1785284722568,0,0.102,0,40
10257,1785284722568,1785284722568,0,0.095,0,40
10258,1785284722693,1785284722693,0,0.089,0,40
10259,1785284722694,1785284722693,1,0.146,0,40
10260,1785284722694,1785284722693,1,0.137,0,40
10261,1785284722694,1785284722693,1,0.129,0,40
10262,1785284722694,1785284722694,0,0.183,0,40
10263,1785284722694,1785284722694,0,0.172,0,40
10264,1785284722694,1785284722694,0,0.161,0,40
10265,1785284722694,1785284722694,0,0.151,0,40
10266,1785284722696,1785284722694,2,0.266,0,40
10267,1785284722696,1785284722694,2,0.250,0,40
10268,1785284722696,1785284722694,2,0.234,0,40
10269,1785284722696,1785284722694,2,0.220,0,40
10270,1785284722696,1785284722696,0,0.331,0,40
10271,1785284722821,1785284722821,0,0.310,0,40
10272,1785284722821,1785284722821,0,0.291,0,40
10273,1785284722821,1785284722821,0,0.273,0,40
10274,1785284722821,1785284722821,0,0.256,0,40
10275,1785284722821,1785284722821,0,0.240,0,40
10276,1785284722821,1785284722821,0,0.225,0,40
10277,1785284722821,1785284722821,0,0.211,0,40
10278,1785284722822,1785284722821,1,0.260,0,40
10279,1785284722822,1785284722822,0,0.306,0,40
10280,1785284722822,1785284722822,0,0.287,0,40
10281,1785284722822,1785284722822,0,0.269,0,40
10282,1785284722822,1785284722822,0,0.252,0,40
10283,1785284722949,1785284722948,1,0.299,0,40
10284,1785284722949,1785284722949,0,0.343,0,40
10285,1785284722949,1785284722949,0,0.321,0,40
10286,1785284722950,1785284722949,1,0.364,0,40
10287,1785284722950,1785284722950,0,0.404,0,40
10288,1785284722950,1785284722950,0,0.378,0,40
10289,1785284722950,1785284722950,0,0.355,0,40
10290,1785284722950,1785284722950,0,0.333,0,40
10291,1785284722950,1785284722950,0,0.312,0,40
10292,1785284722950,1785284722950,0,0.292,0,40
10293,1785284722950,1785284722950,0,0.274,0,40
10294,1785284722951,1785284722951,0,0.257,0,40
10295,1785284722951,1785284722951,0,0.241,0,40
10296,1785284723077,1785284723076,1,0.288,0,40
10297,1785284723077,1785284723076,1,0.270,0,40
10298,1785284723077,1785284723077,0,0.316,0,40
10299,1785284723077,1785284723077,0,0.296,0,40
10300,1785284723077,1785284723077,0,0.278,0,40
10301,1785284723077,1785284723077,0,0.260,0,40
10302,1785284723078,1785284723077,1,0.306,0,40
10303,1785284723078,1785284723078,0,0.350,0,40
10304,1785284723078,1785284723078,0,0.328,0,40
10305,1785284723078,1785284723078,0,0.307,0,40
10306,1785284723078,1785284723078,0,0.288,0,40
10307,1785284723078,1785284723078,0,0.270,0,40
10308,1785284723204,1785284723204,0,0.253,0,40
10309,1785284723205,1785284723204,1,0.300,0,40
10310,1785284723205,1785284723204,1,0.281,0,40
10311,1785284723205,1785284723205,0,0.326,0,40
10312,1785284723205,1785284723205,0,0.306,0,40
10313,1785284723205,1785284723205,0,0.287,0,40
10314,1785284723205,1785284723205,0,0.269,0,40
10315,1785284723206,1785284723205,1,0.314,0,40
10316,1785284723206,1785284723206,0,0.357,0,40
10317,1785284723206,1785284723206,0,0.335,0,40
10318,1785284723206,1785284723206,0,0.314,0,40
10319,1785284723206,1785284723206,0,0.294,0,40
10320,1785284723206,1785284723206,0,0.276,0,40
10321,1785284723331,1785284723331,0,0.259,0,40
10322,1785284723331,1785284723331,0,0.243,0,40
10323,1785284723331,1785284723331,0,0.227,0,40
10324,1785284723332,1785284723331,1,0.276,0,40
10325,1785284723332,1785284723331,1,0.258,0,40
10326,1785284723332,1785284723332,0,0.305,0,40
10327,1785284723332,1785284723332,0,0.286,0,40
10328,1785284723332,1785284723332,0,0.268,0,40
10329,1785284723332,1785284723332,0,0.251,0,40
10330,1785284723332,1785284723332,0,0.235,0,40
10331,1785284723332,1785284723332,0,0.221,0,40
10332,1785284723332,1785284723332,0,0.207,0,40
10333,1785284723458,1785284723458,0,0.194,0,40
10334,1785284723458,1785284723458,0,0.182,0,40
10335,1785284723458,1785284723458,0,0.171,0,40
10336,1785284723459,1785284723458,1,0.222,0,40
10337,1785284723459,1785284723459,0,0.271,0,40
10338,1785284723459,1785284723459,0,0.254,0,40
10339,1785284723459,1785284723459,0,0.238,0,40
10340,1785284723459,1785284723459,0,0.223,0,40
10341,1785284723459,1785284723459,0,0.209,0,40
10342,1785284723459,1785284723459,0,0.196,0,40
10343,1785284723459,1785284723459,0,0.184,0,40
10344,1785284723459,1785284723459,0,0.172,0,40
10345,1785284723460,1785284723459,1,0.224,0,40
10346,1785284723460,1785284723460,0,0.273,0,40
10347,1785284723460,1785284723460,0,0.256,0,40
10348,1785284723460,1785284723460,0,0.240,0,40
10349,1785284723586,1785284723586,0,0.225,0,40
10350,1785284723587,1785284723586,1,0.273,0,40
10351,1785284723587,1785284723587,0,0.319,0,40
10352,1785284723588,1785284723588,0,0.299,0,40
10353,1785284723588,1785284723588,0,0.280,0,40
10354,1785284723588,1785284723588,0,0.262,0,40
10355,1785284723588,1785284723588,0,0.246,0,40
10356,1785284723588,1785284723588,0,0.231,0,40
10357,1785284723589,1785284723589,0,0.216,0,40
10358,1785284723716,1785284723716,0,0.203,0,40
10359,1785284723716,1785284723716,0,0.190,0,40
10360,1785284723716,1785284723716,0,0.178,0,40
10361,1785284723716,1785284723716,0,0.167,0,40
10362,1785284723717,1785284723717,0,0.157,0,40
10363,1785284723717,1785284723717,0,0.147,0,40
10364,1785284723717,1785284723717,0,0.138,0,40
10365,1785284723717,1785284723717,0,0.129,0,40
10366,1785284723717,1785284723717,0,0.121,0,40
10367,1785284723717,1785284723717,0,0.113,0,40
10368,1785284723717,1785284723717,0,0.106,0,40
10369,1785284723717,1785284723717,0,0.100,0,40
10370,1785284723718,1785284723717,1,0.156,0,40
10371,1785284723718,1785284723718,0,0.209,0,40
10372,1785284723718,1785284723718,0,0.196,0,40
10373,1785284723718,1785284723718,0,0.183,0,40
10374,1785284723844,1785284723843,1,0.234,0,40
10375,1785284723844,1785284723843,1,0.220,0,40
10376,1785284723844,1785284723843,1,0.206,0,40
10377,1785284723844,1785284723844,0,0.256,0,40
10378,1785284723844,1785284723844,0,0.240,0,40
10379,1785284723844,1785284723844,0,0.225,0,40
10380,1785284723844,1785284723844,0,0.211,0,40
10381,1785284723844,1785284723844,0,0.198,0,40
10382,1785284723846,1785284723844,2,0.310,0,40
10383,1785284723846,1785284723846,0,0.416,0,40
10384,1785284723846,1785284723846,0,0.390,0,40
10385,1785284723846,1785284723846,0,0.365,0,40
10386,1785284723971,1785284723971,0,0.343,0,40
10387,1785284723971,1785284723971,0,0.321,0,40
10388,1785284723971,1785284723971,0,0.301,0,40
10389,1785284723971,1785284723971,0,0.282,0,40
10390,1785284723972,1785284723971,1,0.327,0,40
10391,1785284723972,1785284723971,1,0.307,0,40
10392,1785284723972,1785284723972,0,0.350,0,40
10393,1785284723972,1785284723972,0,0.328,0,40
10394,1785284723972,1785284723972,0,0.308,0,40
10395,1785284723972,1785284723972,0,0.288,0,40
10396,1785284723972,1785284723972,0,0.270,0,40
10397,1785284723973,1785284723972,1,0.316,0,40
10398,1785284723973,1785284723973,0,0.359,0,40
10399,1785284724099,1785284724099,0,0.336,0,40
10400,1785284724100,1785284724099,1,0.378,0,40
10401,1785284724100,1785284724100,0,0.417,0,40
10402,1785284724100,1785284724100,0,0.391,0,40
10403,1785284724101,1785284724100,1,0.429,0,40
10404,1785284724101,1785284724101,0,0.464,0,40
10405,1785284724101,1785284724101,0,0.435,0,40
10406,1785284724101,1785284724101,0,0.408,0,40
10407,1785284724102,1785284724101,1,0.445,0,40
10408,1785284724102,1785284724102,0,0.480,0,40
10409,1785284724102,1785284724102,0,0.450,0,40
10410,1785284724102,1785284724102,0,0.422,0,40
10411,1785284724228,1785284724228,0,0.395,0,40
10412,1785284724228,1785284724228,0,0.371,0,40
10413,1785284724228,1785284724228,0,0.348,0,40
10414,1785284724228,1785284724228,0,0.326,0,40
10415,1785284724228,1785284724228,0,0.305,0,40
10416,1785284724228,1785284724228,0,0.286,0,40
10417,1785284724228,1785284724228,0,0.268,0,40
10418,1785284724228,1785284724228,0,0.252,0,40
10419,1785284724229,1785284724228,1,0.298,0,40
10420,1785284724229,1785284724229,0,0.342,0,40
10421,1785284724229,1785284724229,0,0.321,0,40
10422,1785284724229,1785284724229,0,0.301,0,40
10423,1785284724229,1785284724229,0,0.282,0,40
10424,1785284724355,1785284724355,0,0.264,0,40
10425,1785284724355,1785284724355,0,0.248,0,40
10426,1785284724359,1785284724359,0,0.232,0,40
10427,1785284724359,1785284724359,0,0.218,0,40
10428,1785284724359,1785284724359,0,0.204,0,40
10429,1785284724360,1785284724359,1,0.254,0,40
10430,1785284724360,1785284724359,1,0.238,0,40
10431,1785284724360,1785284724360,0,0.286,0,40
10432,1785284724360,1785284724360,0,0.268,0,40
10433,1785284724360,1785284724360,0,0.251,0,40
10434,1785284724360,1785284724360,0,0.235,0,40
10435,1785284724360,1785284724360,0,0.221,0,40
10436,1785284724486,1785284724486,0,0.207,0,40
10437,1785284724486,1785284724486,0,0.194,0,40
10438,1785284724486,1785284724486,0,0.182,0,40
10439,1785284724487,1785284724486,1,0.233,0,40
10440,1785284724487,1785284724486,1,0.218,0,40
10441,1785284724487,1785284724487,0,0.267,0,40
10442,1785284724487,1785284724487,0,0.251,0,40
10443,1785284724488,1785284724487,1,0.297,0,40
10444,1785284724488,1785284724487,1,0.279,0,40
10445,1785284724488,1785284724488,0,0.324,0,40
10446,1785284724488,1785284724488,0,0.304,0,40
10447,1785284724488,1785284724488,0,0.285,0,40
10448,1785284724488,1785284724488,0,0.267,0,40
10449,1785284724615,1785284724614,1,0.313,0,40
10450,1785284724615,1785284724614,1,0.293,0,40
10451,1785284724615,1785284724615,0,0.337,0,40
10452,1785284724616,1785284724615,1,0.379,0,40
10453,1785284724616,1785284724615,1,0.355,0,40
10454,1785284724616,1785284724616,0,0.395,0,40
10455,1785284724616,1785284724616,0,0.371,0,40
10456,1785284724616,1785284724616,0,0.348,0,40
10457,1785284724616,1785284724616,0,0.326,0,40
10458,1785284724617,1785284724616,1,0.368,0,40
10459,1785284724617,1785284724616,1,0.345,0,40
10460,1785284724617,1785284724617,0,0.386,0,40
10461,1785284724742,1785284724742,0,0.362,0,40
10462,1785284724743,1785284724742,1,0.402,0,40
10463,1785284724743,1785284724743,0,0.439,0,40
10464,1785284724743,1785284724743,0,0.412,0,40
10465,1785284724743,1785284724743,0,0.386,0,40
10466,1785284724743,1785284724743,0,0.362,0,40
10467,1785284724743,1785284724743,0,0.339,0,40
10468,1785284724743,1785284724743,0,0.318,0,40
10469,1785284724744,1785284724743,1,0.361,0,40
10470,1785284724744,1785284724744,0,0.401,0,40
10471,1785284724744,1785284724744,0,0.376,0,40
10472,1785284724744,1785284724744,0,0.352,0,40
10473,1785284724744,1785284724744,0,0.330,0,40
10474,1785284724744,1785284724744,0,0.309,0,40
10475,1785284724744,1785284724744,0,0.290,0,40
10476,1785284724744,1785284724744,0,0.272,0,40
10477,1785284724870,1785284724869,1,0.317,0,40
10478,1785284724870,1785284724870,0,0.360,0,40
10479,1785284724870,1785284724870,0,0.338,0,40
10480,1785284724870,1785284724870,0,0.317,0,40
10481,1785284724870,1785284724870,0,0.297,0,40
10482,1785284724870,1785284724870,0,0.278,0,40
10483,1785284724870,1785284724870,0,0.261,0,40
10484,1785284724870,1785284724870,0,0.244,0,40
10485,1785284724870,1785284724870,0,0.229,0,40
10486,1785284724996,1785284724996,0,0.215,0,40
10487,1785284724996,1785284724996,0,0.201,0,40
10488,1785284724996,1785284724996,0,0.189,0,40
10489,1785284724996,1785284724996,0,0.177,0,40
10490,1785284724996,1785284724996,0,0.166,0,40
10491,1785284724998,1785284724996,2,0.281,0,40
10492,1785284724998,1785284724996,2,0.263,0,40
10493,1785284724998,1785284724998,0,0.372,0,40
10494,1785284724998,1785284724998,0,0.348,0,40
10495,1785284724998,1785284724998,0,0.327,0,40
10496,1785284724998,1785284724998,0,0.306,0,40
10497,1785284724998,1785284724998,0,0.287,0,40
10498,1785284724998,1785284724998,0,0.269,0,40
10499,1785284724998,1785284724998,0,0.252,0,40
10500,1785284724999,1785284724999,0,0.237,0,40
10501,1785284724999,1785284724999,0,0.222,0,40
10502,1785284725106,1785284725106,0,0.208,0,0
10503,1785284725125,1785284725125,0,0.195,0,40
10504,1785284725125,1785284725125,0,0.183,0,40
10505,1785284725125,1785284725125,0,0.171,0,40
10506,1785284725125,1785284725125,0,0.161,0,40
10507,1785284725126,1785284725126,0,0.151,0,40
10508,1785284725126,1785284725126,0,0.141,0,40
10509,1785284725126,1785284725126,0,0.132,0,40
10510,1785284725126,1785284725126,0,0.124,0,40
10511,1785284725126,1785284725126,0,0.116,0,40
10512,1785284725127,1785284725126,1,0.172,0,40
10513,1785284725127,1785284725127,0,0.223,0,40
10514,1785284725127,1785284725127,0,0.209,0,40
10515,1785284725127,1785284725127,0,0.196,0,40
10516,1785284725252,1785284725252,0,0.184,0,40
10517,1785284725252,1785284725252,0,0.173,0,40
10518,1785284725252,1785284725252,0,0.162,0,40
10519,1785284725253,1785284725252,1,0.214,0,40
10520,1785284725253,1785284725253,0,0.263,0,40
10521,1785284725253,1785284725253,0,0.247,0,40
10522,1785284725253,1785284725253,0,0.231,0,40
10523,1785284725254,1785284725254,0,0.217,0,40
10524,1785284725254,1785284725254,0,0.203,0,40
10525,1785284725256,1785284725254,2,0.316,0,40
10526,1785284725256,1785284725256,0,0.421,0,40
10527,1785284725256,1785284725256,0,0.395,0,40
10528,1785284725381,1785284725381,0,0.370,0,40
10529,1785284725381,1785284725381,0,0.347,0,40
10530,1785284725381,1785284725381,0,0.325,0,40
10531,1785284725381,1785284725381,0,0.305,0,40
10532,1785284725381,1785284725381,0,0.286,0,40
10533,1785284725382,1785284725382,0,0.268,0,40
10534,1785284725382,1785284725382,0,0.251,0,40
10535,1785284725382,1785284725382,0,0.235,0,40
10536,1785284725382,1785284725382,0,0.221,0,40
10537,1785284725382,1785284725382,0,0.207,0,40
10538,1785284725382,1785284725382,0,0.194,0,40
10539,1785284725382,1785284725382,0,0.182,0,40
10540,1785284725382,1785284725382,0,0.171,0,40
10541,1785284725508,1785284725508,0,0.160,0,40
10542,1785284725508,1785284725508,0,0.150,0,40
10543,1785284725509,1785284725508,1,0.203,0,40
10544,1785284725509,1785284725509,0,0.253,0,40
10545,1785284725509,1785284725509,0,0.237,0,40
10546,1785284725509,1785284725509,0,0.222,0,40
10547,1785284725509,1785284725509,0,0.208,0,40
10548,1785284725510,1785284725509,1,0.258,0,40
10549,1785284725510,1785284725510,0,0.304,0,40
10550,1785284725510,1785284725510,0,0.285,0,40
10551,1785284725510,1785284725510,0,0.267,0,40
10552,1785284725510,1785284725510,0,0.251,0,40
10553,1785284725636,1785284725636,0,0.235,0,40
10554,1785284725636,1785284725636,0,0.220,0,40
10555,1785284725636,1785284725636,0,0.207,0,40
10556,1785284725637,1785284725636,1,0.256,0,40
10557,1785284725637,1785284725637,0,0.303,0,40
10558,1785284725638,1785284725637,1,0.346,0,40
10559,1785284725638,1785284725638,0,0.387,0,40
10560,1785284725638,1785284725638,0,0.363,0,40
10561,1785284725638,1785284725638,0,0.340,0,40
10562,1785284725638,1785284725638,0,0.319,0,40
10563,1785284725638,1785284725638,0,0.299,0,40
10564,1785284725638,1785284725638,0,0.280,0,40
10565,1785284725638,1785284725638,0,0.263,0,40
10566,1785284725763,1785284725763,0,0.246,0,40
10567,1785284725763,1785284725763,0,0.231,0,40
10568,1785284725763,1785284725763,0,0.217,0,40
10569,1785284725764,1785284725763,1,0.265,0,40
10570,1785284725764,1785284725764,0,0.311,0,40
10571,1785284725764,1785284725764,0,0.292,0,40
10572,1785284725764,1785284725764,0,0.274,0,40
10573,1785284725764,1785284725764,0,0.257,0,40
10574,1785284725765,1785284725764,1,0.303,0,40
10575,1785284725765,1785284725765,0,0.347,0,40
10576,1785284725765,1785284725765,0,0.325,0,40
10577,1785284725765,1785284725765,0,0.305,0,40
10578,1785284725890,1785284725890,0,0.286,0,40
10579,1785284725890,1785284725890,0,0.268,0,40
10580,1785284725890,1785284725890,0,0.251,0,40
10581,1785284725890,1785284725890,0,0.235,0,40
10582,1785284725890,1785284725890,0,0.221,0,40
10583,1785284725890,1785284725890,0,0.207,0,40
10584,1785284725890,1785284725890,0,0.194,0,40
10585,1785284725892,1785284725892,0,0.182,0,40
10586,1785284725892,1785284725892,0,0.170,0,40
10587,1785284725892,1785284725892,0,0.160,0,40
10588,1785284725892,1785284725892,0,0.150,0,40
10589,1785284725892,1785284725892,0,0.140,0,40
10590,1785284725892,1785284725892,0,0.132,0,40
10591,1785284726017,1785284726017,0,0.123,0,40
10592,1785284726018,1785284726017,1,0.178,0,40
10593,1785284726018,1785284726018,0,0.230,0,40
10594,1785284726018,1785284726018,0,0.215,0,40
10595,1785284726018,1785284726018,0,0.202,0,40
10596,1785284726018,1785284726018,0,0.189,0,40
10597,1785284726018,1785284726018,0,0.177,0,40
10598,1785284726018,1785284726018,0,0.166,0,40
10599,1785284726019,1785284726018,1,0.218,0,40
10600,1785284726019,1785284726019,0,0.267,0,40
10601,1785284726019,1785284726019,0,0.251,0,40
10602,1785284726019,1785284726019,0,0.235,0,40
10603,1785284726146,1785284726146,0,0.220,0,40
10604,1785284726146,1785284726146,0,0.206,0,40
10605,1785284726146,1785284726146,0,0.194,0,40
10606,1785284726147,1785284726147,0,0.181,0,40
10607,1785284726147,1785284726147,0,0.170,0,40
10608,1785284726147,1785284726147,0,0.159,0,40
10609,1785284726148,1785284726147,1,0.212,0,40
10610,1785284726148,1785284726147,1,0.199,0,40
10611,1785284726148,1785284726148,0,0.249,0,40
10612,1785284726148,1785284726148,0,0.233,0,40
10613,1785284726148,1785284726148,0,0.219,0,40
10614,1785284726148,1785284726148,0,0.205,0,40
10615,1785284726148,1785284726148,0,0.192,0,40
10616,1785284726274,1785284726273,1,0.243,0,40
10617,1785284726274,1785284726274,0,0.290,0,40
10618,1785284726274,1785284726274,0,0.272,0,40
10619,1785284726276,1785284726276,0,0.255,0,40
10620,1785284726276,1785284726276,0,0.239,0,40
10621,1785284726276,1785284726276,0,0.224,0,40
10622,1785284726276,1785284726276,0,0.210,0,40
10623,1785284726277,1785284726277,0,0.197,0,40
10624,1785284726277,1785284726277,0,0.185,0,40
10625,1785284726277,1785284726277,0,0.173,0,40
10626,1785284726277,1785284726277,0,0.162,0,40
10627,1785284726278,1785284726277,1,0.215,0,40
10628,1785284726404,1785284726404,0,0.264,0,40
10629,1785284726404,1785284726404,0,0.247,0,40
10630,1785284726404,1785284726404,0,0.232,0,40
10631,1785284726404,1785284726404,0,0.217,0,40
10632,1785284726404,1785284726404,0,0.204,0,40
10633,1785284726404,1785284726404,0,0.191,0,40
10634,1785284726404,1785284726404,0,0.179,0,40
10635,1785284726405,1785284726404,1,0.230,0,40
10636,1785284726405,1785284726404,1,0.216,0,40
10637,1785284726405,1785284726405,0,0.265,0,40
10638,1785284726405,1785284726405,0,0.248,0,40
10639,1785284726405,1785284726405,0,0.233,0,40
10640,1785284726405,1785284726405,0,0.218,0,40
10641,1785284726405,1785284726405,0,0.205,0,40
10642,1785284726405,1785284726405,0,0.192,0,40
10643,1785284726405,1785284726405,0,0.180,0,40
10644,1785284726531,1785284726531,0,0.169,0,40
10645,1785284726531,1785284726531,0,0.158,0,40
10646,1785284726531,1785284726531,0,0.148,0,40
10647,1785284726531,1785284726531,0,0.139,0,40
10648,1785284726531,1785284726531,0,0.130,0,40
10649,1785284726531,1785284726531,0,0.122,0,40
10650,1785284726531,1785284726531,0,0.114,0,40
10651,1785284726531,1785284726531,0,0.107,0,40
10652,1785284726531,1785284726531,0,0.101,0,40
10653,1785284726531,1785284726531,0,0.094,0,40
10654,1785284726531,1785284726531,0,0.088,0,40
10655,1785284726531,1785284726531,0,0.083,0,40
10656,1785284726657,1785284726657,0,0.078,0,40
10657,1785284726657,1785284726657,0,0.073,0,40
10658,1785284726657,1785284726657,0,0.068,0,40
10659,1785284726657,1785284726657,0,0.064,0,40
10660,1785284726657,1785284726657,0,0.060,0,40
10661,1785284726657,1785284726657,0,0.056,0,40
10662,1785284726658,1785284726657,1,0.115,0,40
10663,1785284726658,1785284726658,0,0.171,0,40
10664,1785284726658,1785284726658,0,0.160,0,40
10665,1785284726658,1785284726658,0,0.150,0,40
10666,1785284726658,1785284726658,0,0.141,0,40
10667,1785284726658,1785284726658,0,0.132,0,40
10668,1785284726658,1785284726658,0,0.124,0,40
10669,1785284726783,1785284726783,0,0.116,0,40
10670,1785284726783,1785284726783,0,0.109,0,40
10671,1785284726783,1785284726783,0,0.102,0,40
10672,1785284726783,1785284726783,0,0.095,0,40
10673,1785284726783,1785284726783,0,0.089,0,40
10674,1785284726784,1785284726783,1,0.146,0,40
10675,1785284726784,1785284726783,1,0.137,0,40
10676,1785284726784,1785284726783,1,0.129,0,40
10677,1785284726784,1785284726784,0,0.183,0,40
10678,1785284726784,1785284726784,0,0.172,0,40
10679,1785284726784,1785284726784,0,0.161,0,40
10680,1785284726784,1785284726784,0,0.151,0,40
10681,1785284726911,1785284726910,1,0.204,0,40
10682,1785284726911,1785284726911,0,0.254,0,40
10683,1785284726911,1785284726911,0,0.238,0,40
10684,1785284726911,1785284726911,0,0.223,0,40
10685,1785284726911,1785284726911,0,0.209,0,40
10686,1785284726911,1785284726911,0,0.196,0,40
10687,1785284726911,1785284726911,0,0.184,0,40
10688,1785284726911,1785284726911,0,0.172,0,40
10689,1785284726911,1785284726911,0,0.161,0,40
10690,1785284726912,1785284726911,1,0.214,0,40
10691,1785284726912,1785284726912,0,0.263,0,40
10692,1785284726912,1785284726912,0,0.247,0,40
10693,1785284726912,1785284726912,0,0.231,0,40
10694,1785284727039,1785284727038,1,0.279,0,40
10695,1785284727039,1785284727039,0,0.324,0,40
10696,1785284727039,1785284727039,0,0.304,0,40
10697,1785284727039,1785284727039,0,0.285,0,40
10698,1785284727039,1785284727039,0,0.267,0,40
10699,1785284727039,1785284727039,0,0.250,0,40
10700,1785284727039,1785284727039,0,0.235,0,40
10701,1785284727039,1785284727039,0,0.220,0,40
10702,1785284727040,1785284727039,1,0.269,0,40
10703,1785284727040,1785284727039,1,0.252,0,40
10704,1785284727040,1785284727040,0,0.299,0,40
10705,1785284727040,1785284727040,0,0.280,0,40
10706,1785284727166,1785284727166,0,0.263,0,40
10707,1785284727166,1785284727166,0,0.246,0,40
10708,1785284727167,1785284727166,1,0.293,0,40
10709,1785284727167,1785284727166,1,0.275,0,40
10710,1785284727167,1785284727167,0,0.320,0,40
10711,1785284727167,1785284727167,0,0.300,0,40
10712,1785284727167,1785284727167,0,0.282,0,40
10713,1785284727167,1785284727167,0,0.264,0,40
10714,1785284727168,1785284727167,1,0.310,0,40
10715,1785284727168,1785284727167,1,0.291,0,40
10716,1785284727168,1785284727167,1,0.272,0,40
10717,1785284727168,1785284727168,0,0.318,0,40
10718,1785284727168,1785284727168,0,0.298,0,40
10719,1785284727296,1785284727296,0,0.279,0,40
10720,1785284727296,1785284727296,0,0.262,0,40
10721,1785284727296,1785284727296,0,0.246,0,40
10722,1785284727297,1785284727296,1,0.293,0,40
10723,1785284727297,1785284727296,1,0.274,0,40
10724,1785284727297,1785284727297,0,0.320,0,40
10725,1785284727297,1785284727297,0,0.300,0,40
10726,1785284727297,1785284727297,0,0.281,0,40
10727,1785284727297,1785284727297,0,0.263,0,40
10728,1785284727298,1785284727297,1,0.310,0,40
10729,1785284727298,1785284727298,0,0.353,0,40
10730,1785284727298,1785284727298,0,0.331,0,40
10731,1785284727423,1785284727423,0,0.310,0,40
10732,1785284727423,1785284727423,0,0.291,0,40
10733,1785284727423,1785284727423,0,0.272,0,40
10734,1785284727423,1785284727423,0,0.255,0,40
10735,1785284727423,1785284727423,0,0.239,0,40
10736,1785284727423,1785284727423,0,0.224,0,40
10737,1785284727423,1785284727423,0,0.210,0,40
10738,1785284727423,1785284727423,0,0.197,0,40
10739,1785284727423,1785284727423,0,0.185,0,40
10740,1785284727423,1785284727423,0,0.173,0,40
10741,1785284727423,1785284727423,0,0.163,0,40
10742,1785284727425,1785284727423,2,0.277,0,40
10743,1785284727425,1785284727423,2,0.260,0,40
10744,1785284727549,1785284727549,0,0.369,0,40
10745,1785284727549,1785284727549,0,0.346,0,40
10746,1785284727549,1785284727549,0,0.324,0,40
10747,1785284727549,1785284727549,0,0.304,0,40
10748,1785284727550,1785284727549,1,0.347,0,40
10749,1785284727550,1785284727550,0,0.388,0,40
10750,1785284727550,1785284727550,0,0.364,0,40
10751,1785284727550,1785284727550,0,0.341,0,40
10752,1785284727550,1785284727550,0,0.320,0,40
10753,1785284727550,1785284727550,0,0.300,0,40
10754,1785284727550,1785284727550,0,0.281,0,40
10755,1785284727550,1785284727550,0,0.264,0,40
10756,1785284727676,1785284727676,0,0.247,0,40
10757,1785284727676,1785284727676,0,0.232,0,40
10758,1785284727676,1785284727676,0,0.217,0,40
10759,1785284727677,1785284727676,1,0.266,0,40
10760,1785284727677,1785284727676,1,0.249,0,40
10761,1785284727677,1785284727676,1,0.234,0,40
10762,1785284727677,1785284727677,0,0.282,0,40
10763,1785284727677,1785284727677,0,0.264,0,40
10764,1785284727677,1785284727677,0,0.248,0,40
10765,1785284727677,1785284727677,0,0.232,0,40
10766,1785284727677,1785284727677,0,0.218,0,40
10767,1785284727678,1785284727677,1,0.267,0,40
10768,1785284727678,1785284727678,0,0.312,0,40
10769,1785284727678,1785284727678,0,0.293,0,40
10770,1785284727678,1785284727678,0,0.275,0,40
10771,1785284727678,1785284727678,0,0.257,0,40
10772,1785284727803,1785284727803,0,0.241,0,40
10773,1785284727804,1785284727803,1,0.289,0,40
10774,1785284727804,1785284727803,1,0.271,0,40
10775,1785284727804,1785284727804,0,0.316,0,40
10776,1785284727804,1785284727804,0,0.296,0,40
10777,1785284727804,1785284727804,0,0.278,0,40
10778,1785284727804,1785284727804,0,0.261,0,40
10779,1785284727804,1785284727804,0,0.244,0,40
10780,1785284727804,1785284727804,0,0.229,0,40
10781,1785284727929,1785284727929,0,0.215,0,40
10782,1785284727929,1785284727929,0,0.201,0,40
10783,1785284727930,1785284727929,1,0.251,0,40
10784,1785284727930,1785284727929,1,0.236,0,40
10785,1785284727930,1785284727930,0,0.283,0,40
10786,1785284727930,1785284727930,0,0.266,0,40
10787,1785284727930,1785284727930,0,0.249,0,40
10788,1785284727930,1785284727930,0,0.233,0,40
10789,1785284727930,1785284727930,0,0.219,0,40
10790,1785284727930,1785284727930,0,0.205,0,40
10791,1785284727930,1785284727930,0,0.192,0,40
10792,1785284727930,1785284727930,0,0.180,0,40
10793,1785284727930,1785284727930,0,0.169,0,40
10794,1785284727930,1785284727930,0,0.158,0,40
10795,1785284727932,1785284727930,2,0.274,0,40
10796,1785284727932,1785284727932,0,0.381,0,40
10797,1785284728058,1785284728058,0,0.358,0,40
10798,1785284728058,1785284728058,0,0.335,0,40
10799,1785284728058,1785284728058,0,0.314,0,40
10800,1785284728058,1785284728058,0,0.295,0,40
10801,1785284728059,1785284728058,1,0.339,0,40
10802,1785284728059,1785284728059,0,0.380,0,40
10803,1785284728059,1785284728059,0,0.356,0,40
10804,1785284728059,1785284728059,0,0.334,0,40
10805,1785284728059,1785284728059,0,0.313,0,40
10806,1785284728184,1785284728184,0,0.294,0,40
10807,1785284728184,1785284728184,0,0.275,0,40
10808,1785284728184,1785284728184,0,0.258,0,40
10809,1785284728184,1785284728184,0,0.242,0,40
10810,1785284728184,1785284728184,0,0.227,0,40
10811,1785284728184,1785284728184,0,0.213,0,40
10812,1785284728184,1785284728184,0,0.199,0,40
10813,1785284728186,1785284728184,2,0.312,0,40
10814,1785284728186,1785284728186,0,0.417,0,40
10815,1785284728186,1785284728186,0,0.391,0,40
10816,1785284728186,1785284728186,0,0.367,0,40
10817,1785284728186,1785284728186,0,0.344,0,40
10818,1785284728186,1785284728186,0,0.322,0,40
10819,1785284728186,1785284728186,0,0.302,0,40
10820,1785284728186,1785284728186,0,0.283,0,40
10821,1785284728186,1785284728186,0,0.266,0,40
10822,1785284728312,1785284728312,0,0.249,0,40
10823,1785284728312,1785284728312,0,0.233,0,40
10824,1785284728313,1785284728312,1,0.281,0,40
10825,1785284728313,1785284728313,0,0.326,0,40
10826,1785284728313,1785284728313,0,0.306,0,40
10827,1785284728314,1785284728313,1,0.349,0,40
10828,1785284728314,1785284728313,1,0.327,0,40
10829,1785284728314,1785284728314,0,0.370,0,40
10830,1785284728314,1785284728314,0,0.346,0,40
10831,1785284728314,1785284728314,0,0.325,0,40
10832,1785284728316,1785284728314,2,0.429,0,40
10833,1785284728316,1785284728316,0,0.528,0,40
10834,1785284728442,1785284728441,1,0.557,0,40
10835,1785284728442,1785284728442,0,0.585,0,40
10836,1785284728442,1785284728442,0,0.548,0,40
10837,1785284728442,1785284728442,0,0.514,0,40
10838,1785284728442,1785284728442,0,0.482,0,40
10839,1785284728442,1785284728442,0,0.452,0,40
10840,1785284728442,1785284728442,0,0.424,0,40
10841,1785284728442,1785284728442,0,0.397,0,40
10842,1785284728443,1785284728442,1,0.435,0,40
10843,1785284728443,1785284728443,0,0.470,0,40
10844,1785284728443,1785284728443,0,0.441,0,40
10845,1785284728443,1785284728443,0,0.413,0,40
10846,1785284728443,1785284728443,0,0.387,0,40
10847,1785284728568,1785284728568,0,0.363,0,40
10848,1785284728568,1785284728568,0,0.340,0,40
10849,1785284728568,1785284728568,0,0.319,0,40
10850,1785284728568,1785284728568,0,0.299,0,40
10851,1785284728568,1785284728568,0,0.280,0,40
10852,1785284728568,1785284728568,0,0.263,0,40
10853,1785284728568,1785284728568,0,0.247,0,40
10854,1785284728568,1785284728568,0,0.231,0,40
10855,1785284728569,1785284728568,1,0.279,0,40
10856,1785284728569,1785284728569,0,0.324,0,40
10857,1785284728569,1785284728569,0,0.304,0,40
10858,1785284728569,1785284728569,0,0.285,0,40
10859,1785284728696,1785284728696,0,0.267,0,40
10860,1785284728696,1785284728696,0,0.250,0,40
10861,1785284728697,1785284728697,0,0.235,0,40
10862,1785284728697,1785284728697,0,0.220,0,40
10863,1785284728697,1785284728697,0,0.206,0,40
10864,1785284728697,1785284728697,0,0.193,0,40
10865,1785284728698,1785284728697,1,0.244,0,40
10866,1785284728698,1785284728698,0,0.291,0,40
10867,1785284728698,1785284728698,0,0.273,0,40
10868,1785284728698,1785284728698,0,0.256,0,40
10869,1785284728698,1785284728698,0,0.240,0,40
10870,1785284728698,1785284728698,0,0.225,0,40
10871,1785284728698,1785284728698,0,0.211,0,40
10872,1785284728824,1785284728824,0,0.198,0,40
10873,1785284728825,1785284728825,0,0.185,0,40
10874,1785284728825,1785284728825,0,0.174,0,40
10875,1785284728825,1785284728825,0,0.163,0,40
10876,1785284728825,1785284728825,0,0.153,0,40
10877,1785284728826,1785284728826,0,0.143,0,40
10878,1785284728826,1785284728826,0,0.134,0,40
10879,1785284728826,1785284728826,0,0.126,0,40
10880,1785284728826,1785284728826,0,0.118,0,40
10881,1785284728827,1785284728826,1,0.173,0,40
10882,1785284728827,1785284728827,0,0.225,0,40
10883,1785284728827,1785284728827,0,0.211,0,40
10884,1785284728953,1785284728953,0,0.198,0,40
10885,1785284728953,1785284728953,0,0.185,0,40
10886,1785284728954,1785284728953,1,0.236,0,40
10887,1785284728954,1785284728953,1,0.221,0,40
10888,1785284728954,1785284728953,1,0.208,0,40
10889,1785284728954,1785284728954,0,0.257,0,40
10890,1785284728954,1785284728954,0,0.241,0,40
10891,1785284728954,1785284728954,0,0.226,0,40
10892,1785284728954,1785284728954,0,0.212,0,40
10893,1785284728954,1785284728954,0,0.199,0,40
10894,1785284728955,1785284728954,1,0.249,0,40
10895,1785284728955,1785284728954,1,0.233,0,40
10896,1785284728955,1785284728955,0,0.281,0,40
10897,1785284729081,1785284729080,1,0.326,0,40
10898,1785284729081,1785284729081,0,0.368,0,40
10899,1785284729081,1785284729081,0,0.345,0,40
10900,1785284729081,1785284729081,0,0.324,0,40
10901,1785284729081,1785284729081,0,0.303,0,40
10902,1785284729081,1785284729081,0,0.284,0,40
10903,1785284729081,1785284729081,0,0.267,0,40
10904,1785284729081,1785284729081,0,0.250,0,40
10905,1785284729082,1785284729081,1,0.297,0,40
10906,1785284729082,1785284729082,0,0.341,0,40
10907,1785284729082,1785284729082,0,0.319,0,40
10908,1785284729082,1785284729082,0,0.299,0,40
10909,1785284729208,1785284729208,0,0.281,0,40
10910,1785284729208,1785284729208,0,0.263,0,40
10911,1785284729208,1785284729208,0,0.247,0,40
10912,1785284729208,1785284729208,0,0.231,0,40
10913,1785284729208,1785284729208,0,0.217,0,40
10914,1785284729209,1785284729209,0,0.203,0,40
10915,1785284729210,1785284729209,1,0.253,0,40
10916,1785284729210,1785284729210,0,0.300,0,40
10917,1785284729210,1785284729210,0,0.281,0,40
10918,1785284729210,1785284729210,0,0.264,0,40
10919,1785284729210,1785284729210,0,0.247,0,40
10920,1785284729210,1785284729210,0,0.232,0,40
10921,1785284729210,1785284729210,0,0.217,0,40
10922,1785284729210,1785284729210,0,0.204,0,40
10923,1785284729210,1785284729210,0,0.191,0,40
10924,1785284729210,1785284729210,0,0.179,0,40
10925,1785284729336,1785284729336,0,0.168,0,40
10926,1785284729336,1785284729336,0,0.157,0,40
10927,1785284729336,1785284729336,0,0.147,0,40
10928,1785284729338,1785284729337,1,0.201,0,40
10929,1785284729338,1785284729338,0,0.251,0,40
10930,1785284729338,1785284729338,0,0.235,0,40
10931,1785284729339,1785284729339,0,0.220,0,40
10932,1785284729339,1785284729339,0,0.207,0,40
10933,1785284729339,1785284729339,0,0.194,0,40
10934,1785284729339,1785284729339,0,0.182,0,40
10935,1785284729339,1785284729339,0,0.170,0,40
10936,1785284729340,1785284729339,1,0.222,0,40
10937,1785284729466,1785284729466,0,0.271,0,40
10938,1785284729466,1785284729466,0,0.254,0,40
10939,1785284729466,1785284729466,0,0.238,0,40
10940,1785284729467,1785284729466,1,0.286,0,40
10941,1785284729467,1785284729467,0,0.330,0,40
10942,1785284729467,1785284729467,0,0.310,0,40
10943,1785284729467,1785284729467,0,0.290,0,40
10944,1785284729467,1785284729467,0,0.272,0,40
10945,1785284729467,1785284729467,0,0.255,0,40
10946,1785284729467,1785284729467,0,0.239,0,40
10947,1785284729467,1785284729467,0,0.224,0,40
10948,1785284729468,1785284729468,0,0.210,0,40
10949,1785284729468,1785284729468,0,0.197,0,40
10950,1785284729594,1785284729594,0,0.185,0,40
10951,1785284729594,1785284729594,0,0.173,0,40
10952,1785284729595,1785284729594,1,0.225,0,40
10953,1785284729595,1785284729594,1,0.211,0,40
10954,1785284729595,1785284729595,0,0.260,0,40
10955,1785284729595,1785284729595,0,0.244,0,40
10956,1785284729595,1785284729595,0,0.229,0,40
10957,1785284729595,1785284729595,0,0.214,0,40
10958,1785284729595,1785284729595,0,0.201,0,40
10959,1785284729595,1785284729595,0,0.188,0,40
10960,1785284729595,1785284729595,0,0.177,0,40
10961,1785284729595,1785284729595,0,0.166,0,40
10962,1785284729721,1785284729721,0,0.155,0,40
10963,1785284729721,1785284729721,0,0.146,0,40
10964,1785284729721,1785284729721,0,0.136,0,40
10965,1785284729721,1785284729721,0,0.128,0,40
10966,1785284729721,1785284729721,0,0.120,0,40
10967,1785284729722,1785284729721,1,0.175,0,40
10968,1785284729722,1785284729722,0,0.226,0,40
10969,1785284729722,1785284729722,0,0.212,0,40
10970,1785284729722,1785284729722,0,0.199,0,40
10971,1785284729722,1785284729722,0,0.187,0,40
10972,1785284729722,1785284729722,0,0.175,0,40
10973,1785284729722,1785284729722,0,0.164,0,40
10974,1785284729723,1785284729723,0,0.154,0,40
10975,1785284729849,1785284729849,0,0.144,0,40
10976,1785284729849,1785284729849,0,0.135,0,40
10977,1785284729849,1785284729849,0,0.127,0,40
10978,1785284729849,1785284729849,0,0.119,0,40
10979,1785284729849,1785284729849,0,0.111,0,40
10980,1785284729849,1785284729849,0,0.104,0,40
10981,1785284729849,1785284729849,0,0.098,0,40
10982,1785284729850,1785284729849,1,0.154,0,40
10983,1785284729850,1785284729850,0,0.207,0,40
10984,1785284729850,1785284729850,0,0.194,0,40
10985,1785284729850,1785284729850,0,0.182,0,40
10986,1785284729850,1785284729850,0,0.171,0,40
10987,1785284729976,1785284729976,0,0.160,0,40
10988,1785284729977,1785284729977,0,0.150,0,40
10989,1785284729978,1785284729978,0,0.141,0,40
10990,1785284729978,1785284729978,0,0.132,0,40
10991,1785284729978,1785284729978,0,0.124,0,40
10992,1785284729978,1785284729978,0,0.116,0,40
10993,1785284729978,1785284729978,0,0.109,0,40
10994,1785284729978,1785284729978,0,0.102,0,40
10995,1785284729978,1785284729978,0,0.095,0,40
10996,1785284729978,1785284729978,0,0.090,0,40
10997,1785284729978,1785284729978,0,0.084,0,40
10998,1785284729978,1785284729978,0,0.079,0,40
10999,1785284729978,1785284729978,0,0.074,0,40
11000,1785284730106,1785284730106,0,0.069,0,0
11001,1785284730106,1785284730106,0,0.065,0,40
11002,1785284730106,1785284730106,0,0.061,0,40
11003,1785284730107,1785284730107,0,0.057,0,40
11004,1785284730107,1785284730107,0,0.053,0,40
11005,1785284730107,1785284730107,0,0.050,0,40
11006,1785284730107,1785284730107,0,0.047,0,40
11007,1785284730108,1785284730107,1,0.107,0,40
11008,1785284730108,1785284730108,0,0.162,0,40
11009,1785284730108,1785284730108,0,0.152,0,40
11010,1785284730108,1785284730108,0,0.143,0,40
11011,1785284730108,1785284730108,0,0.134,0,40
11012,1785284730108,1785284730108,0,0.125,0,40
11013,1785284730233,1785284730233,0,0.118,0,40
11014,1785284730233,1785284730233,0,0.110,0,40
11015,1785284730233,1785284730233,0,0.103,0,40
11016,1785284730233,1785284730233,0,0.097,0,40
11017,1785284730233,1785284730233,0,0.091,0,40
11018,1785284730234,1785284730233,1,0.148,0,40
11019,1785284730234,1785284730234,0,0.201,0,40
11020,1785284730234,1785284730234,0,0.188,0,40
11021,1785284730234,1785284730234,0,0.177,0,40
11022,1785284730235,1785284730234,1,0.228,0,40
11023,1785284730235,1785284730235,0,0.276,0,40
11024,1785284730235,1785284730235,0,0.259,0,40
11025,1785284730235,1785284730235,0,0.243,0,40
11026,1785284730362,1785284730362,0,0.228,0,40
11027,1785284730362,1785284730362,0,0.213,0,40
11028,1785284730362,1785284730362,0,0.200,0,40
11029,1785284730362,1785284730362,0,0.188,0,40
11030,1785284730362,1785284730362,0,0.176,0,40
11031,1785284730363,1785284730362,1,0.227,0,40
11032,1785284730363,1785284730362,1,0.213,0,40
11033,1785284730363,1785284730362,1,0.200,0,40
11034,1785284730363,1785284730363,0,0.250,0,40
11035,1785284730363,1785284730363,0,0.234,0,40
11036,1785284730363,1785284730363,0,0.220,0,40
11037,1785284730363,1785284730363,0,0.206,0,40
11038,1785284730489,1785284730489,0,0.193,0,40
11039,1785284730489,1785284730489,0,0.181,0,40
11040,1785284730489,1785284730489,0,0.170,0,40
11041,1785284730489,1785284730489,0,0.159,0,40
11042,1785284730489,1785284730489,0,0.149,0,40
11043,1785284730489,1785284730489,0,0.140,0,40
11044,1785284730489,1785284730489,0,0.131,0,40
11045,1785284730489,1785284730489,0,0.123,0,40
11046,1785284730489,1785284730489,0,0.115,0,40
11047,1785284730489,1785284730489,0,0.108,0,40
11048,1785284730489,1785284730489,0,0.101,0,40
11049,1785284730489,1785284730489,0,0.095,0,40
11050,1785284730489,1785284730489,0,0.089,0,40
11051,1785284730489,1785284730489,0,0.083,0,40
11052,1785284730490,1785284730489,1,0.141,0,40
11053,1785284730490,1785284730490,0,0.194,0,40
11054,1785284730616,1785284730616,0,0.182,0,40
11055,1785284730617,1785284730616,1,0.233,0,40
11056,1785284730617,1785284730617,0,0.281,0,40
11057,1785284730617,1785284730617,0,0.264,0,40
11058,1785284730617,1785284730617,0,0.247,0,40
11059,1785284730618,1785284730617,1,0.294,0,40
11060,1785284730618,1785284730618,0,0.338,0,40
11061,1785284730618,1785284730618,0,0.317,0,40
11062,1785284730618,1785284730618,0,0.297,0,40
11063,1785284730743,1785284730743,0,0.279,0,40
11064,1785284730744,1785284730743,1,0.324,0,40
11065,1785284730744,1785284730744,0,0.366,0,40
11066,1785284730744,1785284730744,0,0.343,0,40
11067,1785284730745,1785284730744,1,0.384,0,40
11068,1785284730745,1785284730745,0,0.423,0,40
11069,1785284730745,1785284730745,0,0.396,0,40
11070,1785284730745,1785284730745,0,0.372,0,40
11071,1785284730746,1785284730745,1,0.411,0,40
11072,1785284730746,1785284730745,1,0.385,0,40
11073,1785284730746,1785284730746,0,0.424,0,40
11074,1785284730746,1785284730746,0,0.397,0,40
11075,1785284730746,1785284730746,0,0.372,0,40
11076,1785284730746,1785284730746,0,0.349,0,40
11077,1785284730746,1785284730746,0,0.327,0,40
11078,1785284730746,1785284730746,0,0.307,0,40
11079,1785284730873,1785284730873,0,0.288,0,40
11080,1785284730873,1785284730873,0,0.270,0,40
11081,1785284730873,1785284730873,0,0.253,0,40
11082,1785284730873,1785284730873,0,0.237,0,40
11083,1785284730873,1785284730873,0,0.222,0,40
11084,1785284730873,1785284730873,0,0.208,0,40
11085,1785284730873,1785284730873,0,0.195,0,40
11086,1785284730874,1785284730873,1,0.246,0,40
11087,1785284730874,1785284730874,0,0.293,0,40
11088,1785284730874,1785284730874,0,0.274,0,40
11089,1785284730874,1785284730874,0,0.257,0,40
11090,1785284730874,1785284730874,0,0.241,0,40
11091,1785284730874,1785284730874,0,0.226,0,40
11092,1785284730999,1785284730999,0,0.212,0,40
11093,1785284730999,1785284730999,0,0.199,0,40
11094,1785284730999,1785284730999,0,0.186,0,40
11095,1785284730999,1785284730999,0,0.175,0,40
11096,1785284730999,1785284730999,0,0.164,0,40
11097,1785284730999,1785284730999,0,0.154,0,40
11098,1785284730999,1785284730999,0,0.144,0,40
11099,1785284730999,1785284730999,0,0.135,0,40
11100,1785284730999,1785284730999,0,0.126,0,40
11101,1785284730999,1785284730999,0,0.119,0,40
11102,1785284730999,1785284730999,0,0.111,0,40
11103,1785284731001,1785284730999,2,0.229,0,40
11104,1785284731127,1785284731127,0,0.340,0,40
11105,1785284731127,1785284731127,0,0.319,0,40
11106,1785284731127,1785284731127,0,0.299,0,40
11107,1785284731127,1785284731127,0,0.280,0,40
11108,1785284731128,1785284731127,1,0.325,0,40
11109,1785284731128,1785284731128,0,0.367,0,40
11110,1785284731128,1785284731128,0,0.344,0,40
11111,1785284731128,1785284731128,0,0.323,0,40
11112,1785284731128,1785284731128,0,0.303,0,40
11113,1785284731128,1785284731128,0,0.284,0,40
11114,1785284731128,1785284731128,0,0.266,0,40
11115,1785284731128,1785284731128,0,0.249,0,40
11116,1785284731128,1785284731128,0,0.234,0,40
11117,1785284731253,1785284731253,0,0.219,0,40
11118,1785284731254,1785284731253,1,0.268,0,40
11119,1785284731254,1785284731253,1,0.251,0,40
11120,1785284731254,1785284731253,1,0.236,0,40
11121,1785284731254,1785284731253,1,0.221,0,40
11122,1785284731254,1785284731253,1,0.207,0,40
11123,1785284731254,1785284731253,1,0.194,0,40
11124,1785284731254,1785284731254,0,0.244,0,40
11125,1785284731254,1785284731254,0,0.229,0,40
11126,1785284731254,1785284731254,0,0.215,0,40
11127,1785284731254,1785284731254,0,0.201,0,40
11128,1785284731254,1785284731254,0,0.189,0,40
11129,1785284731379,1785284731379,0,0.177,0,40
11130,1785284731379,1785284731379,0,0.166,0,40
11131,1785284731379,1785284731379,0,0.156,0,40
11132,1785284731379,1785284731379,0,0.146,0,40
11133,1785284731379,1785284731379,0,0.137,0,40
11134,1785284731379,1785284731379,0,0.128,0,40
11135,1785284731379,1785284731379,0,0.120,0,40
11136,1785284731379,1785284731379,0,0.113,0,40
11137,1785284731379,1785284731379,0,0.106,0,40
11138,1785284731379,1785284731379,0,0.099,0,40
11139,1785284731379,1785284731379,0,0.093,0,40
11140,1785284731379,1785284731379,0,0.087,0,40
11141,1785284731379,1785284731379,0,0.082,0,40
11142,1785284731504,1785284731504,0,0.076,0,40
11143,1785284731504,1785284731504,0,0.072,0,40
11144,1785284731506,1785284731504,2,0.192,0,40
11145,1785284731506,1785284731504,2,0.180,0,40
11146,1785284731506,1785284731504,2,0.169,0,40
11147,1785284731506,1785284731506,0,0.283,0,40
11148,1785284731506,1785284731506,0,0.266,0,40
11149,1785284731506,1785284731506,0,0.249,0,40
11150,1785284731506,1785284731506,0,0.234,0,40
11151,1785284731506,1785284731506,0,0.219,0,40
11152,1785284731506,1785284731506,0,0.205,0,40
11153,1785284731507,1785284731506,1,0.255,0,40
11154,1785284731632,1785284731632,0,0.301,0,40
11155,1785284731632,1785284731632,0,0.283,0,40
11156,1785284731632,1785284731632,0,0.265,0,40
11157,1785284731632,1785284731632,0,0.248,0,40
11158,1785284731633,1785284731632,1,0.295,0,40
11159,1785284731633,1785284731633,0,0.339,0,40
11160,1785284731633,1785284731633,0,0.318,0,40
11161,1785284731633,1785284731633,0,0.298,0,40
11162,1785284731633,1785284731633,0,0.280,0,40
11163,1785284731633,1785284731633,0,0.262,0,40
11164,1785284731633,1785284731633,0,0.246,0,40
11165,1785284731634,1785284731633,1,0.293,0,40
11166,1785284731634,1785284731634,0,0.337,0,40
11167,1785284731760,1785284731760,0,0.316,0,40
11168,1785284731760,1785284731760,0,0.296,0,40
11169,1785284731760,1785284731760,0,0.278,0,40
11170,1785284731760,1785284731760,0,0.260,0,40
11171,1785284731760,1785284731760,0,0.244,0,40
11172,1785284731760,1785284731760,0,0.229,0,40
11173,1785284731760,1785284731760,0,0.215,0,40
11174,1785284731760,1785284731760,0,0.201,0,40
11175,1785284731760,1785284731760,0,0.189,0,40
11176,1785284731761,1785284731760,1,0.239,0,40
11177,1785284731761,1785284731760,1,0.224,0,40
11178,1785284731761,1785284731761,0,0.273,0,40
11179,1785284731887,1785284731887,0,0.256,0,40
11180,1785284731888,1785284731887,1,0.302,0,40
11181,1785284731888,1785284731887,1,0.283,0,40
11182,1785284731888,1785284731887,1,0.266,0,40
11183,1785284731888,1785284731888,0,0.312,0,40
11184,1785284731888,1785284731888,0,0.292,0,40
11185,1785284731888,1785284731888,0,0.274,0,40
11186,1785284731888,1785284731888,0,0.257,0,40
11187,1785284731888,1785284731888,0,0.241,0,40
11188,1785284731888,1785284731888,0,0.226,0,40
11189,1785284731888,1785284731888,0,0.212,0,40
11190,1785284731888,1785284731888,0,0.198,0,40
11191,1785284731889,1785284731889,0,0.186,0,40
11192,1785284732015,1785284732015,0,0.174,0,40
11193,1785284732015,1785284732015,0,0.163,0,40
11194,1785284732016,1785284732015,1,0.216,0,40
11195,1785284732016,1785284732016,0,0.265,0,40
11196,1785284732016,1785284732016,0,0.248,0,40
11197,1785284732016,1785284732016,0,0.233,0,40
11198,1785284732017,1785284732017,0,0.218,0,40
11199,1785284732017,1785284732017,0,0.204,0,40
11200,1785284732017,1785284732017,0,0.192,0,40
11201,1785284732017,1785284732017,0,0.180,0,40
11202,1785284732017,1785284732017,0,0.168,0,40
11203,1785284732017,1785284732017,0,0.158,0,40
11204,1785284732142,1785284732142,0,0.148,0,40
11205,1785284732142,1785284732142,0,0.139,0,40
11206,1785284732143,1785284732142,1,0.193,0,40
11207,1785284732143,1785284732142,1,0.181,0,40
11208,1785284732143,1785284732143,0,0.232,0,40
11209,1785284732143,1785284732143,0,0.217,0,40
11210,1785284732143,1785284732143,0,0.204,0,40
11211,1785284732143,1785284732143,0,0.191,0,40
11212,1785284732143,1785284732143,0,0.179,0,40
11213,1785284732143,1785284732143,0,0.168,0,40
11214,1785284732143,1785284732143,0,0.157,0,40
11215,1785284732143,1785284732143,0,0.148,0,40
11216,1785284732143,1785284732143,0,0.138,0,40
11217,1785284732269,1785284732269,0,0.130,0,40
11218,1785284732269,1785284732269,0,0.122,0,40
11219,1785284732269,1785284732269,0,0.114,0,40
11220,1785284732269,1785284732269,0,0.107,0,40
11221,1785284732269,1785284732269,0,0.100,0,40
11222,1785284732270,1785284732269,1,0.156,0,40
11223,1785284732270,1785284732270,0,0.209,0,40
11224,1785284732270,1785284732270,0,0.196,0,40
11225,1785284732270,1785284732270,0,0.184,0,40
11226,1785284732270,1785284732270,0,0.172,0,40
11227,1785284732270,1785284732270,0,0.162,0,40
11228,1785284732270,1785284732270,0,0.151,0,40
11229,1785284732396,1785284732396,0,0.142,0,40
11230,1785284732396,1785284732396,0,0.133,0,40
11231,1785284732396,1785284732396,0,0.125,0,40
11232,1785284732396,1785284732396,0,0.117,0,40
11233,1785284732396,1785284732396,0,0.110,0,40
11234,1785284732396,1785284732396,0,0.103,0,40
11235,1785284732396,1785284732396,0,0.096,0,40
11236,1785284732397,1785284732396,1,0.153,0,40
11237,1785284732397,1785284732396,1,0.143,0,40
11238,1785284732397,1785284732397,0,0.197,0,40
11239,1785284732397,1785284732397,0,0.185,0,40
11240,1785284732397,1785284732397,0,0.173,0,40
11241,1785284732397,1785284732397,0,0.162,0,40
11242,1785284732397,1785284732397,0,0.152,0,40
11243,1785284732397,1785284732397,0,0.143,0,40
11244,1785284732397,1785284732397,0,0.134,0,40
11245,1785284732522,1785284732522,0,0.125,0,40
11246,1785284732522,1785284732522,0,0.117,0,40
11247,1785284732522,1785284732522,0,0.110,0,40
11248,1785284732522,1785284732522,0,0.103,0,40
11249,1785284732522,1785284732522,0,0.097,0,40
11250,1785284732522,1785284732522,0,0.091,0,40
11251,1785284732522,1785284732522,0,0.085,0,40
11252,1785284732522,1785284732522,0,0.080,0,40
11253,1785284732522,1785284732522,0,0.075,0,40
11254,1785284732648,1785284732648,0,0.070,0,40
11255,1785284732648,1785284732648,0,0.066,0,40
11256,1785284732648,1785284732648,0,0.062,0,40
11257,1785284732649,1785284732648,1,0.120,0,40
11258,1785284732649,1785284732648,1,0.113,0,40
11259,1785284732649,1785284732648,1,0.106,0,40
11260,1785284732649,1785284732649,0,0.162,0,40
11261,1785284732649,1785284732649,0,0.151,0,40
11262,1785284732649,1785284732649,0,0.142,0,40
11263,1785284732649,1785284732649,0,0.133,0,40
11264,1785284732649,1785284732649,0,0.125,0,40
11265,1785284732649,1785284732649,0,0.117,0,40
11266,1785284732649,1785284732649,0,0.110,0,40
11267,1785284732649,1785284732649,0,0.103,0,40
11268,1785284732649,1785284732649,0,0.096,0,40
11269,1785284732650,1785284732649,1,0.153,0,40
11270,1785284732776,1785284732776,0,0.206,0,40
11271,1785284732777,1785284732776,1,0.255,0,40
11272,1785284732778,1785284732777,1,0.240,0,40
11273,1785284732778,1785284732777,1,0.225,0,40
11274,1785284732778,1785284732778,0,0.273,0,40
11275,1785284732778,1785284732778,0,0.256,0,40
11276,1785284732779,1785284732778,1,0.302,0,40
11277,1785284732779,1785284732779,0,0.346,0,40
11278,1785284732779,1785284732779,0,0.324,0,40
11279,1785284732779,1785284732779,0,0.304,0,40
11280,1785284732779,1785284732779,0,0.285,0,40
11281,1785284732779,1785284732779,0,0.267,0,40
